Workbook

Sheet 2011
A2: 2011 | B2: Tháng | C2: 1 | D2: 2 | E2: 3 | F2: 4 | G2: 5 | H2: 6 | I2: 7 | J2: 8 | K2: 9 | L2: 10 | M2: 11 | N2: 12
A3: Sản lượng [tr.kwh] | B3: Buôn Tua Srah | C3: 20.36022 | D3: 13.2335 | E3: 32.38392 | F3: 22.10473 | G3: 13.20159 | H3: 23.40821 | I3: 26.18775 | J3: 32.64566 | K3: 24.48477 | L3: 57.841044 | M3: 40.54699 | N3: 35.03804
B4: Buôn Kuốp | C4: 67.0074 | D4: 33.6937 | E4: 61.7548 | F4: 58.13992 | G4: 41.222 | H4: 134.8409 | I4: 138.4777 | J4: 165.659 | K4: 159.8654 | L4: 186.99843 | M4: 151.0607 | N4: 146.0193
B5: Srê Pốk 3 | C5: 45.438944 | D5: 38.32763 | E5: 40.16233 | F5: 47.26508 | G5: 44.83983 | H5: 120.19458 | I5: 109.09842 | J5: 134.28808 | K5: 139.98536 | L5: 153.80946 | M5: 121.84898 | N5: 111.80434
B6: Tổng SL | C6: =SUM(C3:C5) -> 132.80656 | D6: =SUM(D3:D5) -> 85.25483 | E6: =SUM(E3:E5) -> 134.30105 | F6: =SUM(F3:F5) -> 127.50973 | G6: =SUM(G3:G5) -> 99.26342 | H6: =SUM(H3:H5) -> 278.44369 | I6: =SUM(I3:I5) -> 273.76387 | J6: =SUM(J3:J5) -> 332.59274 | ... N6: =SUM(N3:N5) -> 292.86168 | O6: =SUM(C6:N6) -> 2793.2387
A7: Qv[m3/s] | B7: Buôn Tua Srah | C7: 38.738901 | D7: 27.375714 | E7: 31.266452 | F7: 28.102333 | G7: 44.509282 | H7: 93.037875 | I7: 99.703548 | J7: 132.49587 | K7: 178.27869 | L7: 269.91674 | M7: 114.62364 | N7: 78.933501
B8: Buôn Kuốp | C8: 102.52958 | D8: 51.785294 | E8: 95.840348 | F8: 86.302944 | G8: 63.986307 | H8: 207.32219 | I8: 206.37612 | J8: 246.5064 | K8: 256.36646 | L8: 521.44682 | M8: 296.26387 | N8: 217.26832
B9: Srê Pốk 3 | C9: 138.14023 | D9: 89.401538 | E9: 119.48977 | F9: 127.35359 | G9: 113.12717 | H9: 299.59664 | I9: 287.3075 | J9: 329.96972 | K9: 378.19711 | L9: 683.25019 | M9: 383.07581 | N9: 278.49357
A10: Nh độ trung bình Đak Lak

Sheet 2012
A2: 2012 | B2: Tháng | C2: 1 | D2: 2 | E2: 3 | F2: 4 | G2: 5 | H2: 6 | I2: 7 | J2: 8 | K2: 9 | L2: 10 | M2: 11 | N2: 12
A3: Sản lượng [tr.kwh] | B3: Buôn Tua Srah | C3: 17.5932 | D3: 24.94517 | E3: 30.77642 | F3: 18.33162 | G3: 32.24081 | H3: 18.23986 | I3: 23.38631 | J3: 24.5884 | K3: 20.33348 | L3: 61.82758 | M3: 45.54044 | N3: 26.21386
B4: Buôn Kuốp | C4: 72.3597 | D4: 54.996 | E4: 64.9281 | F4: 85.383 | G4: 107.4793 | H4: 71.3818 | I4: 90.2008 | J4: 89.81539 | K4: 129.15731 | L4: 197.9634 | M4: 126.4997 | N4: 60.7525
B5: Srê Pốk 3 | C5: 59.67432 | D5: 45.21073 | E5: 53.4509 | F5: 68.85603 | G5: 89.70359 | H5: 59.16254 | I5: 85.5031 | J5: 70.4134 | K5: 128.244 | L5: 162.0315 | M5: 98.2735 | N5: 51.8919
B6: Tổng SL | C6: =SUM(C3:C5) -> 149.62722 | D6: =SUM(D3:D5) -> 125.1519 | E6: =SUM(E3:E5) -> 149.15542 | F6: =SUM(F3:F5) -> 172.57065 | G6: =SUM(G3:G5) -> 229.4237 | H6: =SUM(H3:H5) -> 148.7842 | I6: =SUM(I3:I5) -> 199.09021 | J6: =SUM(J3:J5) -> 184.81719 | ... N6: =SUM(N3:N5) -> 138.85826 | O6: =SUM(C6:N6) -> 2467.3497
A7: Qv[m3/s] | B7: Buôn Tua Srah | C7: 55.972894 | D7: 40.181793 | E7: 32.362718 | F7: 67.798986 | G7: 64.259356 | H7: 69.118346 | I7: 99.439609 | J7: 99.352768 | K7: 216.54866 | L7: 230.99618 | M7: 85.825744 | N7: 50.229207
B8: Buôn Kuốp | C8: 107.80451 | D8: 88.78174 | E8: 106.74732 | F8: 139.19058 | G8: 166.96087 | H8: 117.49011 | I8: 142.8783 | J8: 138.94243 | K8: 215.86121 | L8: 396.08518 | M8: 198.77782 | N8: 100.21833
B9: Srê Pốk 3 | C9: 149.43791 | D9: 119.94285 | E9: 131.3246 | F9: 178.58927 | G9: 222.09614 | H9: 159.66054 | I9: 198.9925 | J9: 186.6959 | K9: 341.46844 | L9: 503.63967 | M9: 251.19641 | N9: 120.80567
A10: Nh độ trung bình Đak Lak

Sheet 2013
A2: 2013 | B2: Tháng | C2: 1 | D2: 2 | E2: 3 | F2: 4 | G2: 5 | H2: 6 | I2: 7 | J2: 8 | K2: 9 | L2: 10 | M2: 11 | N2: 12
A3: Sản lượng [tr.kwh] | B3: Buôn Tua Srah | C3: 14.8712 | D3: 12.562 | E3: 19.8315 | F3: 15.3008 | G3: 14.8426 | H3: 25.203587 | I3: 28.0868 | J3: 28.7976 | K3: 27.6682 | L3: 52.666 | M3: 29.3862 | N3: 23.6578
B4: Buôn Kuốp | C4: 40.0302 | D4: 19.7265 | E4: 37.5998 | F4: 30.851 | G4: 48.6099 | H4: 101.43202 | I4: 131.5686 | J4: 123.1328 | K4: 101.0059 | L4: 171.2066 | M4: 137.9204 | N4: 92.8843
B5: Srê Pốk 3 | C5: 29.3931 | D5: 19.7365 | E5: 34.729 | F5: 29.2267 | G5: 42.7624 | H5: 95.330378 | I5: 117.224 | J5: 109.4514 | K5: 92.4506 | L5: 144.6243 | M5: 108.6551 | N5: 73.2728
B6: Tổng SL | C6: =SUM(C3:C5) -> 84.2945 | D6: =SUM(D3:D5) -> 52.025 | E6: =SUM(E3:E5) -> 92.1603 | F6: =SUM(F3:F5) -> 75.3785 | G6: =SUM(G3:G5) -> 106.2149 | H6: =SUM(H3:H5) -> 221.96598 | I6: =SUM(I3:I5) -> 276.8794 | J6: =SUM(J3:J5) -> 261.3818 | ... N6: =SUM(N3:N5) -> 189.8149 | O6: =SUM(C6:N6) -> 2225.6986
A7: Qv[m3/s] | B7: Buôn Tua Srah | C7: 41.046547 | D7: 28.786989 | E7: 25.524188 | F7: 31.451485 | G7: 50.590148 | H7: 99.378532 | I7: 133.13818 | J7: 128.81654 | K7: 188.24695 | L7: 161.7535 | M7: 97.149583 | N7: 56.430754
B8: Buôn Kuốp | C8: 63.127122 | D8: 43.621885 | E8: 60.753311 | F8: 56.528831 | G8: 79.147664 | H8: 159.44253 | I8: 202.28723 | J8: 193.73232 | K8: 247.08143 | L8: 397.59522 | M8: 242.35144 | N8: 141.83356
B9: Srê Pốk 3 | C9: 87.389783 | D9: 56.888558 | E9: 82.588299 | F9: 73.786034 | G9: 109.71457 | H9: 242.06339 | I9: 292.04648 | J9: 270.01632 | K9: 354.64919 | L9: 491.37926 | M9: 293.03302 | N9: 175.15001
A10: Nh độ trung bình Đak Lak

Sheet 2014
A2: 2014 | B2: Tháng | C2: 1 | D2: 2 | E2: 3 | F2: 4 | G2: 5 | H2: 6 | I2: 7 | J2: 8 | K2: 9 | L2: 10 | M2: 11 | N2: 12
A3: Sản lượng [tr.kwh] | B3: Buôn Tua Srah | C3: 25.793 | D3: 25.0957 | E3: 29.4891 | F3: 14.04501 | G3: 10.383187 | H3: 19.245 | I3: 42.0276 | J3: 38.6109 | K3: 32.2169 | L3: 50.4257 | M3: 17.2343 | N3: 17.038915
B4: Buôn Kuốp | C4: 57.8553 | D4: 47.6954 | E4: 58.5853 | F4: 35.4518 | G4: 47.9816 | H4: 79.4217 | I4: 193.5838 | J4: 187.1901 | K4: 151.3705 | L4: 156.6713 | M4: 69.2145 | N4: 59.4885
B5: Srê Pốk 3 | C5: 42.3856 | D5: 40.9999 | E5: 41.3543 | F5: 30.1175 | G5: 46.6073 | H5: 74.8871 | I5: 157.558 | J5: 156.8312 | K5: 126.2071 | L5: 121.0948 | M5: 59.8045 | N5: 38.7106
B6: Tổng SL | C6: =SUM(C3:C5) -> 126.0339 | D6: =SUM(D3:D5) -> 113.791 | E6: =SUM(E3:E5) -> 129.4287 | F6: =SUM(F3:F5) -> 79.61431 | G6: =SUM(G3:G5) -> 104.97209 | H6: =SUM(H3:H5) -> 173.5538 | I6: =SUM(I3:I5) -> 393.1694 | J6: =SUM(J3:J5) -> 382.6322 | ... N6: =SUM(N3:N5) -> 115.23801 | O6: =SUM(C6:N6) -> 2402.673
A7: Qv[m3/s] | B7: Buôn Tua Srah | C7: 35.14656 | D7: 27.159066 | E7: 23.631079 | F7: 40.349888 | G7: 51.112524 | H7: 91.451207 | I7: 161.7291 | J7: 192.08525 | K7: 178.71935 | L7: 117.00135 | M7: 66.74421 | N7: 56.586699
B8: Buôn Kuốp | C8: 93.210678 | D8: 85.132578 | E8: 96.811325 | F8: 61.131164 | G8: 75.17912 | H8: 132.88201 | I8: 298.58466 | J8: 310.17372 | K8: 254.12895 | L8: 239.04485 | M8: 111.36381 | N8: 98.869482
B9: Srê Pốk 3 | C9: 112.54409 | D9: 99.778604 | E9: 107.20042 | F9: 83.122756 | G9: 116.29652 | H9: 190.05413 | I9: 406.16879 | J9: 409.37731 | K9: 340.22951 | L9: 303.00463 | M9: 143.02083 | N9: 120.28483
A10: Nh độ trung bình Đak Lak

Sheet 2015
A2: 2015 | B2: Tháng | C2: 1 | D2: 2 | E2: 3 | F2: 4 | G2: 5 | H2: 6 | I2: 7 | J2: 8 | K2: 9 | L2: 10 | M2: 11 | N2: 12
A3: Sản lượng [tr.kwh] | B3: Buôn Tua Srah | C3: 19.6557 | D3: 16.1954 | E3: 21.9926 | F3: 19.5488 | G3: 14.5856 | H3: 16.866854 | I3: 30.4535 | J3: 23.6356 | K3: 10.947 | L3: 5.6862 | M3: 6.8306 | N3: 11.5308
B4: Buôn Kuốp | C4: 49.9482 | D4: 28.3017 | E4: 35.6988 | F4: 35.8584 | G4: 34.9673 | H4: 56.235633 | I4: 110.3762 | J4: 119.4764 | K4: 95.11 | L4: 71.2113 | M4: 51.6435 | N4: 47.1095
B5: Srê Pốk 3 | C5: 42.5503 | D5: 28.2159 | E5: 25.0046 | F5: 36.2131 | G5: 26.3318 | H5: 52.941454 | I5: 82.6439 | J5: 94.8208 | K5: 80.0471 | L5: 72.5511 | M5: 43.6264 | N5: 32.6814
B6: Tổng SL | C6: =SUM(C3:C5) -> 112.1542 | D6: =SUM(D3:D5) -> 72.713 | E6: =SUM(E3:E5) -> 82.696 | F6: =SUM(F3:F5) -> 91.6203 | G6: =SUM(G3:G5) -> 75.8847 | H6: =SUM(H3:H5) -> 126.04394 | I6: =SUM(I3:I5) -> 223.4736 | J6: =SUM(J3:J5) -> 237.9328 | ... N6: =SUM(N3:N5) -> 91.3217 | O6: =SUM(C6:N6) -> 1551.4934
A7: Qv[m3/s] | B7: Buôn Tua Srah | C7: 36.899219 | D7: 27.700378 | E7: 21.834744 | F7: 20.873681 | G7: 32.755231 | H7: 65.172759 | I7: 84.748947 | J7: 100.64194 | K7: 89.368024 | L7: 95.338733 | M7: 65.611737 | N7: 49.560215
B8: Buôn Kuốp | C8: 76.865498 | D8: 53.108223 | E8: 58.2926 | F8: 59.105112 | G8: 58.009431 | H8: 91.987962 | I8: 170.74673 | J8: 182.65645 | K8: 151.25769 | L8: 111.81286 | M8: 87.662924 | N8: 76.222092
B9: Srê Pốk 3 | C9: 103.06839 | D9: 67.2875 | E9: 73.099355 | F9: 76.455333 | G9: 77.667097 | H9: 125.206 | I9: 207.57806 | J9: 233.69065 | K9: 208.90114 | L9: 173.16861 | M9: 115.11289 | N9: 97.740853
A10: Nh độ trung bình Đak Lak

Sheet 2016
A2: 2016 | B2: Tháng | C2: 1 | D2: 2 | E2: 3 | F2: 4 | G2: 5 | H2: 6 | I2: 7 | J2: 8 | K2: 9 | L2: 10 | M2: 11 | N2: 12
A3: Sản lượng [tr.kwh] | B3: Buôn Tua Srah | C3: 20.582 | D3: 14.8163 | E3: 17.2857 | F3: 16.085 | G3: 14.9197 | H3: 13.799793 | I3: 24.193315 | J3: 24.424044 | K3: 11.858167 | L3: 39.069295 | M3: 50.507665 | N3: 46.91089
B4: Buôn Kuốp | C4: 44.5619 | D4: 24.2981 | E4: 28.2843 | F4: 27.1287 | G4: 34.7167 | H4: 54.870967 | I4: 94.481976 | J4: 101.94488 | K4: 75.76553 | L4: 156.2935 | M4: 185.10087 | N4: 195.29755
B5: Srê Pốk 3 | C5: 40.5199 | D5: 25.0884 | E5: 19.3545 | F5: 18.6318 | G5: 34.0952 | H5: 47.132133 | I5: 78.753672 | J5: 83.39679 | K5: 73.82829 | L5: 132.59153 | M5: 144.76706 | N5: 155.64489
B6: Tổng SL | C6: =SUM(C3:C5) -> 105.6638 | D6: =SUM(D3:D5) -> 64.2028 | E6: =SUM(E3:E5) -> 64.9245 | F6: =SUM(F3:F5) -> 61.8455 | G6: =SUM(G3:G5) -> 83.7316 | H6: =SUM(H3:H5) -> 115.80289 | I6: =SUM(I3:I5) -> 197.42896 | J6: =SUM(J3:J5) -> 209.76571 | ... N6: =SUM(N3:N5) -> 397.85334 | O6: =SUM(C6:N6) -> 2171.001
A7: Qv[m3/s] | B7: Buôn Tua Srah | C7: 29.580185 | D7: 16.848667 | E7: 18.407985 | F7: 16.031015 | G7: 33.494147 | H7: 59.30572 | I7: 76.749817 | J7: 99.231311 | K7: 121.8447 | L7: 202.08879 | M7: 187.22087 | N7: 135.9685
B8: Buôn Kuốp | C8: 70.392358 | D8: 43.487144 | E8: 45.855622 | F8: 47.572161 | G8: 57.765901 | H8: 91.75391 | I8: 143.95738 | J8: 155.58183 | K8: 123.93045 | L8: 235.81004 | M8: 504.5287 | N8: 439.25058
B9: Srê Pốk 3 | C9: 89.380078 | D9: 56.301844 | E9: 58.579712 | F9: 60.297955 | G9: 74.282482 | H9: 132.462 | I9: 182.57258 | J9: 204.89195 | K9: 193.66223 | L9: 327.74541 | M9: 586.31107 | N9: 502.26662
A10: Nh độ trung bình Đak Lak

Sheet 2017
A2: 2017 | B2: Tháng | C2: 1 | D2: 2 | E2: 3 | F2: 4 | G2: 5 | H2: 6 | I2: 7 | J2: 8 | K2: 9 | L2: 10 | M2: 11 | N2: 12
A3: Sản lượng [tr.kwh] | B3: Buôn Tua Srah | C3: 31.364886 | D3: 21.60449 | E3: 24.754403 | F3: 30.05862 | G3: 35.61779 | H3: 49.377231 | I3: 26.841632 | J3: 41.756316 | K3: 61.071907 | L3: 55.999552 | M3: 54.19413 | N3: 41.483337
B4: Buôn Kuốp | C4: 147.31777 | D4: 84.774965 | E4: 56.843451 | F4: 71.933518 | G4: 138.78362 | H4: 184.92082 | I4: 158.92539 | J4: 166.84723 | K4: 177.18828 | L4: 183.54134 | M4: 182.61075 | N4: 189.60796
B5: Srê Pốk 3 | C5: 108.60763 | D5: 60.113166 | E5: 46.122815 | F5: 47.596593 | G5: 110.79442 | H5: 147.72679 | I5: 132.76311 | J5: 131.70101 | K5: 140.74008 | L5: 143.57094 | M5: 150.22648 | N5: 154.08353
B6: Tổng SL | C6: =SUM(C3:C5) -> 287.29029 | D6: =SUM(D3:D5) -> 166.49262 | E6: =SUM(E3:E5) -> 127.72067 | F6: =SUM(F3:F5) -> 149.58873 | G6: =SUM(G3:G5) -> 285.19584 | H6: =SUM(H3:H5) -> 382.02484 | I6: =SUM(I3:I5) -> 318.53013 | J6: =SUM(J3:J5) -> 340.30456 | ... N6: =SUM(N3:N5) -> 385.17483 | O6: =SUM(C6:N6) -> 3591.466
A7: Qv[m3/s] | B7: Buôn Tua Srah | C7: 82.21947 | D7: 52.005773 | E7: 36.557854 | F7: 43.784482 | G7: 118.53983 | H7: 102.65489 | I7: 183.00931 | J7: 189.46759 | K7: 162.03647 | L7: 187.77008 | M7: 185.45051 | N7: 118.30959
B8: Buôn Kuốp | C8: 222.91057 | D8: 147.19554 | E8: 94.039588 | F8: 119.32148 | G8: 209.19464 | H8: 293.85304 | I8: 238.38863 | J8: 264.46797 | K8: 278.70858 | L8: 306.82673 | M8: 394.47959 | N8: 417.73706
B9: Srê Pốk 3 | C9: 265.1704 | D9: 167.97764 | E9: 105.82415 | F9: 137.94645 | G9: 274.45105 | H9: 377.66242 | I9: 324.0507 | J9: 347.81799 | K9: 359.16566 | L9: 415.63728 | M9: 473.73453 | N9: 476.69318
A10: Nh độ trung bình Đak Lak

Sheet 2018
A2: 2018 | B2: Tháng | C2: 1 | D2: 2 | E2: 3 | F2: 4 | G2: 5 | H2: 6 | I2: 7 | J2: 8 | K2: 9 | L2: 10 | M2: 11 | N2: 12
A3: Sản lượng [tr.kwh] | B3: Buôn Tua Srah | C3: 29.766293 | D3: 25.200817 | E3: 30.107096 | F3: 24.195173 | G3: 15.15389 | H3: 20.327558 | I3: 30.515135 | J3: 39.90778 | K3: 53.387757 | L3: 57.173652 | M3: 24.243527 | N3: 27.942358
B4: Buôn Kuốp | C4: 125.76103 | D4: 63.206233 | E4: 66.400333 | F4: 59.581733 | G4: 57.857051 | H4: 71.134424 | I4: 118.96296 | J4: 141.01818 | K4: 164.50247 | L4: 147.8251 | M4: 88.371789 | N4: 114.59878
B5: Srê Pốk 3 | C5: 84.546729 | D5: 51.033551 | E5: 46.668175 | F5: 40.693682 | G5: 41.664416 | H5: 62.748268 | I5: 93.599611 | J5: 113.87151 | K5: 131.23712 | L5: 110.50994 | M5: 56.484309 | N5: 83.636537
B6: Tổng SL | C6: =SUM(C3:C5) -> 240.07405 | D6: =SUM(D3:D5) -> 139.4406 | E6: =SUM(E3:E5) -> 143.1756 | F6: =SUM(F3:F5) -> 124.47059 | G6: =SUM(G3:G5) -> 114.67536 | H6: =SUM(H3:H5) -> 154.21025 | I6: =SUM(I3:I5) -> 243.0777 | J6: =SUM(J3:J5) -> 294.79748 | ... N6: =SUM(N3:N5) -> 226.17768 | O6: =SUM(C6:N6) -> 2513.835
A7: Qv[m3/s] | B7: Buôn Tua Srah | C7: 60.156741 | D7: 39.041922 | E7: 36.131442 | F7: 29.832383 | G7: 53.66219 | H7: 69.586727 | I7: 144.02002 | J7: 225.96623 | K7: 218.48003 | L7: 116.32079 | M7: 91.773558 | N7: 84.96806
B8: Buôn Kuốp | C8: 195.88534 | D8: 110.09904 | E8: 109.62335 | F8: 100.19696 | G8: 88.834883 | H8: 116.48197 | I8: 182.10581 | J8: 220.81793 | K8: 307.0659 | L8: 224.28876 | M8: 142.88118 | N8: 177.05547
B9: Srê Pốk 3 | C9: 224.46274 | D9: 125.70594 | E9: 118.27513 | F9: 111.48669 | G9: 119.52535 | H9: 150.98576 | I9: 230.32676 | J9: 282.68649 | K9: 414.17153 | L9: 266.45848 | M9: 167.84344 | N9: 203.0458
A10: Nh độ trung bình Đak Lak

Sheet 2019
A2: 2019 | B2: Tháng | C2: 1 | D2: 2 | E2: 3 | F2: 4 | G2: 5 | H2: 6 | I2: 7 | J2: 8 | K2: 9 | L2: 10 | M2: 11 | N2: 12
A3: Sản lượng [tr.kwh] | B3: Buôn Tua Srah | C3: 22.552582 | D3: 20.843499 | E3: 29.454129 | F3: 20.305261 | G3: 13.686037 | H3: 10.809939 | I3: 12.072376 | J3: 35.882241 | K3: 30.512249 | L3: 41.633334 | M3: 47.532623 | N3: 24.291548
B4: Buôn Kuốp | C4: 126.22684 | D4: 48.359608 | E4: 60.347191 | F4: 47.448669 | G4: 52.397392 | H4: 60.510795 | I4: 56.785312 | J4: 151.6073 | K4: 179.00043 | L4: 139.15063 | M4: 176.23853 | N4: 85.396231
B5: Srê Pốk 3 | C5: 91.580513 | D5: 37.416698 | E5: 43.255248 | F5: 33.997204 | G5: 39.573388 | H5: 49.437029 | I5: 43.086667 | J5: 123.83851 | K5: 139.80565 | L5: 110.98678 | M5: 138.42449 | N5: 63.395966
B6: Tổng SL | C6: =SUM(C3:C5) -> 240.35994 | D6: =SUM(D3:D5) -> 106.6198 | E6: =SUM(E3:E5) -> 133.05657 | F6: =SUM(F3:F5) -> 101.75113 | G6: =SUM(G3:G5) -> 105.65682 | H6: =SUM(H3:H5) -> 120.75776 | I6: =SUM(I3:I5) -> 111.94436 | J6: =SUM(J3:J5) -> 311.32804 | ... N6: =SUM(N3:N5) -> 173.08375 | O6: =SUM(C6:N6) -> 2407.8429
A7: Qv[m3/s] | B7: Buôn Tua Srah | C7: 71.103282 | D7: 33.986028 | E7: 27.042327 | F7: 29.647688 | G7: 32.275658 | H7: 46.812663 | I7: 63.078359 | J7: 151.61793 | K7: 234.25468 | L7: 107.68454 | M7: 167.07582 | N7: 66.735623
B8: Buôn Kuốp | C8: 191.71425 | D8: 85.032031 | E8: 95.812717 | F8: 79.89078 | G8: 79.719896 | H8: 98.342429 | I8: 83.888468 | J8: 228.90794 | K8: 279.39416 | L8: 207.80495 | M8: 361.99019 | N8: 130.82224
B9: Srê Pốk 3 | C9: 222.57467 | D9: 98.437766 | E9: 107.94456 | F9: 90.475965 | G9: 102.79357 | H9: 126.99468 | I9: 112.86932 | J9: 306.62201 | K9: 380.10066 | L9: 268.33363 | M9: 433.1337 | N9: 157.3719
A10: Nh độ trung bình Đak Lak

Sheet 2020
A2: 2020 | B2: Tháng | C2: 1 | D2: 2 | E2: 3 | F2: 4 | G2: 5 | H2: 6 | I2: 7 | J2: 8 | K2: 9 | L2: 10 | M2: 11 | N2: 12
A3: Sản lượng [tr.kwh] | B3: Buôn Tua Srah | C3: 24.566247 | D3: 22.680795 | E3: 25.492475 | F3: 14.732552 | G3: 13.924613 | H3: 10.573797 | I3: 21.065653 | J3: 36.942778 | K3: 37.933303 | L3: 22.716196 | M3: 46.793722 | N3: 43.477065
B4: Buôn Kuốp | C4: 52.160717 | D4: 38.226069 | E4: 44.340093 | F4: 29.286831 | G4: 28.97667 | H4: 75.012168 | I4: 99.726883 | J4: 195.32552 | K4: 179.58833 | L4: 193.41799 | M4: 189.00704 | N4: 202.91343
B5: Srê Pốk 3 | C5: 41.345302 | D5: 31.129698 | E5: 32.180596 | F5: 24.479286 | G5: 21.331489 | H5: 59.464099 | I5: 88.018131 | J5: 156.36365 | K5: 144.26588 | L5: 159.09288 | M5: 151.58335 | N5: 154.71384
B6: Tổng SL | C6: =SUM(C3:C5) -> 118.07227 | D6: =SUM(D3:D5) -> 92.036562 | E6: =SUM(E3:E5) -> 102.01316 | F6: =SUM(F3:F5) -> 68.498669 | G6: =SUM(G3:G5) -> 64.232772 | H6: =SUM(H3:H5) -> 145.05006 | I6: =SUM(I3:I5) -> 208.81067 | J6: =SUM(J3:J5) -> 388.63195 | ... N6: =SUM(N3:N5) -> 401.10433 | O6: =SUM(C6:N6) -> 2712.8491
A7: Qv[m3/s] | B7: Buôn Tua Srah | C7: 38.335743 | D7: 30.678343 | E7: 21.352688 | F7: 21.049056 | G7: 20.578763 | H7: 56.8435 | I7: 81.693978 | J7: 161.20344 | K7: 148.64895 | L7: 207.94839 | M7: 154.26261 | N7: 120.95
B8: Buôn Kuốp | C8: 81.947953 | D8: 71.063774 | E8: 76.290331 | F8: 51.970844 | G8: 54.088726 | H8: 114.60419 | I8: 152.08066 | J8: 294.63577 | K8: 281.7028 | L8: 305.00406 | M8: 375.07224 | N8: 478.93007
B9: Srê Pốk 3 | C9: 102.58008 | D9: 79.424073 | E9: 84.231183 | F9: 61.948611 | G9: 58.830645 | H9: 162.83056 | I9: 216.80645 | J9: 389.22446 | K9: 366.97639 | L9: 441.59005 | M9: 459.68472 | N9: 548.84274
A10: Nh độ trung bình Đak Lak

Sheet 2021
A2: 2021 | B2: Tháng | C2: 1 | D2: 2 | E2: 3 | F2: 4 | G2: 5 | H2: 6 | I2: 7 | J2: 8 | K2: 9 | L2: 10 | M2: 11 | N2: 12
A3: Sản lượng [tr.kwh] | B3: Buôn Tua Srah | C3: 29.164322 | D3: 26.659042 | E3: 29.322748 | F3: 17.608157 | G3: 14.824697 | H3: 11.728077 | I3: 19.794796 | J3: 20.401461 | K3: 26.350116 | L3: 44.472706 | M3: 56.895758 | N3: 42.598994
B4: Buôn Kuốp | C4: 110.36861 | D4: 61.981315 | E4: 61.426697 | F4: 46.831182 | G4: 53.630073 | H4: 49.802541 | I4: 81.105309 | J4: 86.792305 | K4: 166.61845 | L4: 192.76609 | M4: 192.90018 | N4: 181.47385
B5: Srê Pốk 3 | C5: 84.770698 | D5: 51.779504 | E5: 43.542483 | F5: 34.706388 | G5: 42.992444 | H5: 39.461504 | I5: 62.004547 | J5: 69.880806 | K5: 133.27867 | L5: 157.50554 | M5: 157.48853 | N5: 142.26363
B6: Tổng SL | C6: =SUM(C3:C5) -> 224.30363 | D6: =SUM(D3:D5) -> 140.41986 | E6: =SUM(E3:E5) -> 134.29193 | F6: =SUM(F3:F5) -> 99.145727 | G6: =SUM(G3:G5) -> 111.44721 | H6: =SUM(H3:H5) -> 100.99212 | I6: =SUM(I3:I5) -> 162.90465 | J6: =SUM(J3:J5) -> 177.07457 | ... N6: =SUM(N3:N5) -> 366.33647 | O6: =SUM(C6:N6) -> 2645.1922
A7: Qv[m3/s] | B7: Buôn Tua Srah | C7: 58.965484 | D7: 38.899464 | E7: 25.662796 | F7: 32.283333 | G7: 39.448387 | H7: 43.9515 | I7: 74.111022 | J7: 86.702097 | K7: 191.96167 | L7: 257.33812 | M7: 189.4975 | N7: 132.20188
B8: Buôn Kuốp | C8: 168.78632 | D8: 109.25754 | E8: 96.941623 | F8: 78.852807 | G8: 82.612942 | H8: 81.090311 | I8: 124.71106 | J8: 133.48928 | K8: 267.21809 | L8: 385.2704 | M8: 536.53333 | N8: 429.99194
B9: Srê Pốk 3 | C9: 205.91398 | D9: 128.625 | E9: 113.03495 | F9: 95.518056 | G9: 102.07392 | H9: 103.44444 | I9: 157.18409 | J9: 173.92204 | K9: 375.68194 | L9: 520.12941 | M9: 619.40972 | N9: 493.87097
A10: Nh độ trung bình Đak Lak

Sheet 2022
A2: 2022 | B2: Tháng | C2: 1 | D2: 2 | E2: 3 | F2: 4 | G2: 5 | H2: 6 | I2: 7 | J2: 8 | K2: 9 | L2: 10 | M2: 11 | N2: 12
A3: Sản lượng [tr.kwh] | B3: Buôn Tua Srah | C3: 33.846495 | D3: 26.111035 | E3: 29.464168 | F3: 23.123994 | G3: 24.26412 | H3: 19.669999 | I3: 33.584183 | J3: 33.506472 | K3: 49.386005 | L3: 50.809694 | M3: 38.933324 | N3: 26.922136 | O3: 389.62163
B4: Buôn Kuốp | C4: 122.50594 | D4: 66.919391 | E4: 74.536054 | F4: 71.592841 | G4: 110.18254 | H4: 115.54801 | I4: 163.90113 | J4: 194.26107 | K4: 193.20663 | L4: 196.85657 | M4: 168.38219 | N4: 153.62955
B5: Srê Pốk 3 | C5: 88.530286 | D5: 51.253605 | E5: 56.609789 | F5: 56.499315 | G5: 80.578216 | H5: 99.400854 | I5: 139.00227 | J5: 157.24092 | K5: 155.01226 | L5: 154.35775 | M5: 124.99819 | N5: 115.04165
B6: Tổng SL | C6: =SUM(C3:C5) -> 244.88273 | D6: =SUM(D3:D5) -> 144.28403 | E6: =SUM(E3:E5) -> 160.61001 | F6: =SUM(F3:F5) -> 151.21615 | G6: =SUM(G3:G5) -> 215.02488 | H6: =SUM(H3:H5) -> 234.61886 | I6: =SUM(I3:I5) -> 336.48757 | J6: =SUM(J3:J5) -> 385.00846 | ... N6: =SUM(N3:N5) -> 295.59334 | O6: =SUM(C6:N6) -> 3299.6686
A7: Qv[m3/s] | B7: Buôn Tua Srah | C7: 63.148602 | D7: 48.989226 | E7: 35.236559 | F7: 40.715333 | G7: 81.48172 | H7: 90.426889 | I7: 119.99634 | J7: 197.58253 | K7: 186.16006 | L7: 154.82903 | M7: 92.518556 | N7: 76.388763
B8: Buôn Kuốp | C8: 187.24462 | D8: 117.5372 | E8: 117.43145 | F8: 116.60139 | G8: 165.90059 | H8: 183.66533 | I8: 245.81183 | J8: 326.14773 | K8: 344.36883 | L8: 375.5905 | M8: 269.26935 | N8: 234.77127
B9: Srê Pốk 3 | C9: 222.71774 | D9: 141.22768 | E9: 140.88844 | F9: 139.59306 | G9: 219.69355 | H9: 258.53333 | I9: 336.91398 | J9: 459.18414 | K9: 485.46817 | L9: 472.53763 | M9: 327.00972 | N9: 281.7043
A10: Nh độ trung bình Đak Lak

Sheet 2023
A2: 2023 | B2: Tháng | C2: 1 | D2: 2 | E2: 3 | F2: 4 | G2: 5 | H2: 6 | I2: 7 | J2: 8 | K2: 9 | L2: 10 | M2: 11 | N2: 12
A3: Sản lượng [tr.kwh] | B3: Buôn Tua Srah | C3: 26.196023 | D3: 28.209338 | E3: 28.871706 | F3: 23.975395 | G3: 7.3071525 | H3: 18.939634 | I3: 27.245995 | J3: 42.1535 | K3: 60.604639 | L3: 53.14364 | M3: 42.16551 | N3: 31.564489
B4: Buôn Kuốp | C4: 113.13543 | D4: 71.298942 | E4: 70.493765 | F4: 62.21761 | G4: 43.759362 | H4: 86.330209 | I4: 141.67029 | J4: 165.0364 | K4: 195.23754 | L4: 198.50974 | M4: 163.31552 | N4: 125.96985
B5: Srê Pốk 3 | C5: 77.740175 | D5: 56.724159 | E5: 48.161091 | F5: 48.283617 | G5: 32.450061 | H5: 71.005335 | I5: 122.00622 | J5: 136.39896 | K5: 153.81894 | L5: 154.06885 | M5: 124.33634 | N5: 94.563952
B6: Tổng SL | C6: =SUM(C3:C5) -> 217.07163 | D6: =SUM(D3:D5) -> 156.23244 | E6: =SUM(E3:E5) -> 147.52656 | F6: =SUM(F3:F5) -> 134.47662 | G6: =SUM(G3:G5) -> 83.516576 | H6: =SUM(H3:H5) -> 176.27518 | I6: =SUM(I3:I5) -> 290.9225 | J6: =SUM(J3:J5) -> 343.58886 | ... N6: =SUM(N3:N5) -> 252.09829 | O6: =SUM(C6:N6) -> 2946.9094
A7: Qv[m3/s] | B7: Buôn Tua Srah | C7: 65.299086 | D7: 36.709524 | E7: 22.855645 | F7: 27.988111 | G7: 48.204839 | H7: 83.425333 | I7: 171.28839 | J7: 200.94759 | K7: 206.59583 | L7: 169.93817 | M7: 123.92639 | N7: 83
B8: Buôn Kuốp | C8: 174.73766 | D8: 127.35625 | E8: 108.60906 | F8: 105.0179 | G8: 64.385454 | H8: 133.54334 | I8: 220.71517 | J8: 263.93816 | K8: 392.73611 | L8: 340.18951 | M8: 273.68055 | N8: 195.77149
B9: Srê Pốk 3 | C9: 205.48522 | D9: 145.83036 | E9: 126.83871 | F9: 114.52639 | G9: 101.15995 | H9: 176.75694 | I9: 314.22849 | J9: 362.17071 | K9: 516.00834 | L9: 438.97984 | M9: 336.45695 | N9: 239.06183
A10: Nh độ trung bình Đak Lak

Sheet 2024
A2: 2024 | B2: Tháng | C2: 1 | D2: 2 | E2: 3 | F2: 4 | G2: 5 | H2: 6 | I2: 7 | J2: 8 | K2: 9 | L2: 10 | M2: 11 | N2: 12
A3: Sản lượng [tr.kwh] | B3: Buôn Tua Srah | C3: 27.937672 | D3: 20.617662 | E3: 18.585531 | F3: 17.219772 | G3: 15.081443 | H3: 23.646055 | I3: 25.25175 | J3: 41.779786 | K3: 44.453589 | L3: 55.450869 | M3: 34.91992 | N3: 19.430501
B4: Buôn Kuốp | C4: 73.596486 | D4: 42.83267 | E4: 35.955297 | F4: 35.97154 | G4: 54.107531 | H4: 76.060693 | I4: 135.6869 | J4: 176.95261 | K4: 179.47948 | L4: 185.35783 | M4: 134.72738 | N4: 137.06629
B5: Srê Pốk 3 | C5: 57.337101 | D5: 34.666365 | E5: 20.916936 | F5: 29.124926 | G5: 40.091331 | H5: 59.665924 | I5: 100.58271 | J5: 135.36586 | K5: 144.50772 | L5: 141.72221 | M5: 98.199024 | N5: 93.285053
B6: Tổng SL | C6: =SUM(C3:C5) -> 158.87126 | D6: =SUM(D3:D5) -> 98.116697 | E6: =SUM(E3:E5) -> 75.457763 | F6: =SUM(F3:F5) -> 82.316238 | G6: =SUM(G3:G5) -> 109.2803 | H6: =SUM(H3:H5) -> 159.37267 | I6: =SUM(I3:I5) -> 261.52136 | J6: =SUM(J3:J5) -> 354.09826 | ... N6: =SUM(N3:N5) -> 249.78184 | O6: =SUM(C6:N6) -> 2567.6344
A7: Qv[m3/s] | B7: Buôn Tua Srah | C7: 42.162626 | D7: 32.27 | E7: 20.516132 | F7: 23.573613 | G7: 55.27151 | H7: 51.7 | I7: 142.8629 | J7: 140.49597 | K7: 240.575 | L7: 137.51209 | M7: 113.1713 | N7: 112.09678
B8: Buôn Kuốp | C8: 113.54301 | D8: 75.311776 | E8: 59.876352 | F8: 62.27 | G8: 78.919355 | H8: 118.23888 | I8: 206.36828 | J8: 267.68945 | K8: 326.01 | L8: 290.95295 | M8: 227.44 | N8: 220.07124
B9: Srê Pốk 3 | C9: 136.53628 | D9: 89.978441 | E9: 71.677426 | F9: 76.03 | G9: 102.72984 | H9: 143.88194 | I9: 258.73252 | J9: 345.33737 | K9: 421.67 | L9: 344.87019 | M9: 268.59833 | N9: 248.40457
A10: Nh độ trung bình Đak Lak

Sheet BTS
C1: Sản lượng [tr.kwh] | Q1: Lưu lượng [m3/s]
C2: 1 | D2: 2 | E2: 3 | F2: 4 | G2: 5 | H2: 6 | I2: 7 | J2: 8 | K2: 9 | L2: 10 | M2: 11 | N2: 12 | O2: Tổng | Q2: 1 | R2: 2 | S2: 3 | T2: 4 | U2: 5 | V2: 6 | W2: 7 | X2: 8 | Y2: 9 | Z2: 10 | AA2: 11 | AB2: 12 | AC2: R | AD2: E | AE2: SHN | AF2: 8.88 | AG2: m3/khw
B3: 1977 | C3: =IF(Q3*DAY(EOMONTH(DATE($B3,$C$2,1),0))*24*3600/$AF$2/10^6>$AF$3,$AF$3,Q3*DAY(EOMONTH(DATE($B3,$C$2,1),0))*24*3600/$AF$2/10^6) -> 11.642595 | D3: =IF(R3*DAY(EOMONTH(DATE($B3,$D$2,1),0))*24*3600/$AF$2/10^6>$AF$3,$AF$3,R3*DAY(EOMONTH(DATE($B3,$D$2,1),0))*24*3600/$AF$2/10^6) -> 7.3284324 | E3: =IF(S3*DAY(EOMONTH(DATE($B3,$E$2,1),0))*24*3600/$AF$2/10^6>$AF$3,$AF$3,S3*DAY(EOMONTH(DATE($B3,$E$2,1),0))*24*3600/$AF$2/10^6) -> 5.4895135 | F3: =IF(T3*DAY(EOMONTH(DATE($B3,$F$2,1),0))*24*3600/$AF$2/10^6>$AF$3,$AF$3,T3*DAY(EOMONTH(DATE($B3,$F$2,1),0))*24*3600/$AF$2/10^6) -> 3.6486486 | G3: =IF(U3*DAY(EOMONTH(DATE($B3,$G$2,1),0))*24*3600/$AF$2/10^6>$AF$3,$AF$3,U3*DAY(EOMONTH(DATE($B3,$G$2,1),0))*24*3600/$AF$2/10^6) -> 5.2180541 | H3: =IF(V3*DAY(EOMONTH(DATE($B3,$H$2,1),0))*24*3600/$AF$2/10^6>$AF$3,$AF$3,V3*DAY(EOMONTH(DATE($B3,$H$2,1),0))*24*3600/$AF$2/10^6) -> 4.2032432 | I3: =IF(W3*DAY(EOMONTH(DATE($B3,$I$2,1),0))*24*3600/$AF$2/10^6>$AF$3,$AF$3,W3*DAY(EOMONTH(DATE($B3,$I$2,1),0))*24*3600/$AF$2/10^6) -> 14.779459 | J3: =IF(X3*DAY(EOMONTH(DATE($B3,$J$2,1),0))*24*3600/$AF$2/10^6>$AF$3,$AF$3,X3*DAY(EOMONTH(DATE($B3,$J$2,1),0))*24*3600/$AF$2/10^6) -> 14.93027 | K3: =IF(Y3*DAY(EOMONTH(DATE($B3,$K$2,1),0))*24*3600/$AF$2/10^6>$AF$3,$AF$3,Y3*DAY(EOMONTH(DATE($B3,$K$2,1),0))*24*3600/$AF$2/10^6) -> 48.454054 | L3: =IF(Z3*DAY(EOMONTH(DATE($B3,$L$2,1),0))*24*3600/$AF$2/10^6>$AF$3,$AF$3,Z3*DAY(EOMONTH(DATE($B3,$L$2,1),0))*24*3600/$AF$2/10^6) -> 46.44973 | M3: =IF(AA3*DAY(EOMONTH(DATE($B3,$M$2,1),0))*24*3600/$AF$2/10^6>$AF$3,$AF$3,AA3*DAY(EOMONTH(DATE($B3,$M$2,1),0))*24*3600/$AF$2/10^6) -> 25.744865 | N3: =IF(AB3*DAY(EOMONTH(DATE($B3,$N$2,1),0))*24*3600/$AF$2/10^6>$AF$3,$AF$3,AB3*DAY(EOMONTH(DATE($B3,$N$2,1),0))*24*3600/$AF$2/10^6) -> 13.271351 | O3: =SUM(C3:N3) -> 201.16022 | Q3: 38.6 | R3: 26.9 | S3: 18.2 | T3: 12.5 | U3: 17.3 | V3: 14.4 | W3: 49 | X3: 49.5 | Y3: 166 | Z3: 154 | AA3: 88.2 | AB3: 44 | AC3: =CORREL($Q$52:$V$52,Q3:V3) -> 0.87391486 | AD3: =SQRT(SUMXMY2($Q$52:$V$52,Q3:V3)) -> 59.353638 | AE3: A_max | AF3: 61.07 | AG3: tr.kwh
B4: 1978 | C4: =IF(Q4*DAY(EOMONTH(DATE($B4,$C$2,1),0))*24*3600/$AF$2/10^6>$AF$3,$AF$3,Q4*DAY(EOMONTH(DATE($B4,$C$2,1),0))*24*3600/$AF$2/10^6) -> 6.9372973 | D4: =IF(R4*DAY(EOMONTH(DATE($B4,$D$2,1),0))*24*3600/$AF$2/10^6>$AF$3,$AF$3,R4*DAY(EOMONTH(DATE($B4,$D$2,1),0))*24*3600/$AF$2/10^6) -> 4.4134054 | E4: =IF(S4*DAY(EOMONTH(DATE($B4,$E$2,1),0))*24*3600/$AF$2/10^6>$AF$3,$AF$3,S4*DAY(EOMONTH(DATE($B4,$E$2,1),0))*24*3600/$AF$2/10^6) -> 4.5544865 | F4: =IF(T4*DAY(EOMONTH(DATE($B4,$F$2,1),0))*24*3600/$AF$2/10^6>$AF$3,$AF$3,T4*DAY(EOMONTH(DATE($B4,$F$2,1),0))*24*3600/$AF$2/10^6) -> 4.2908108 | G4: =IF(U4*DAY(EOMONTH(DATE($B4,$G$2,1),0))*24*3600/$AF$2/10^6>$AF$3,$AF$3,U4*DAY(EOMONTH(DATE($B4,$G$2,1),0))*24*3600/$AF$2/10^6) -> 8.9883243 | H4: =IF(V4*DAY(EOMONTH(DATE($B4,$H$2,1),0))*24*3600/$AF$2/10^6>$AF$3,$AF$3,V4*DAY(EOMONTH(DATE($B4,$H$2,1),0))*24*3600/$AF$2/10^6) -> 9.0486486 | I4: =IF(W4*DAY(EOMONTH(DATE($B4,$I$2,1),0))*24*3600/$AF$2/10^6>$AF$3,$AF$3,W4*DAY(EOMONTH(DATE($B4,$I$2,1),0))*24*3600/$AF$2/10^6) -> 22.681946 | J4: =IF(X4*DAY(EOMONTH(DATE($B4,$J$2,1),0))*24*3600/$AF$2/10^6>$AF$3,$AF$3,X4*DAY(EOMONTH(DATE($B4,$J$2,1),0))*24*3600/$AF$2/10^6) -> 59.117838 | K4: =IF(Y4*DAY(EOMONTH(DATE($B4,$K$2,1),0))*24*3600/$AF$2/10^6>$AF$3,$AF$3,Y4*DAY(EOMONTH(DATE($B4,$K$2,1),0))*24*3600/$AF$2/10^6) -> 61.07 | L4: =IF(Z4*DAY(EOMONTH(DATE($B4,$L$2,1),0))*24*3600/$AF$2/10^6>$AF$3,$AF$3,Z4*DAY(EOMONTH(DATE($B4,$L$2,1),0))*24*3600/$AF$2/10^6) -> 61.07 | M4: =IF(AA4*DAY(EOMONTH(DATE($B4,$M$2,1),0))*24*3600/$AF$2/10^6>$AF$3,$AF$3,AA4*DAY(EOMONTH(DATE($B4,$M$2,1),0))*24*3600/$AF$2/10^6) -> 42.324324 | N4: =IF(AB4*DAY(EOMONTH(DATE($B4,$N$2,1),0))*24*3600/$AF$2/10^6>$AF$3,$AF$3,AB4*DAY(EOMONTH(DATE($B4,$N$2,1),0))*24*3600/$AF$2/10^6) -> 18.881514 | O4: =SUM(C4:N4) -> 303.37859 | Q4: 23 | R4: 16.2 | S4: 15.1 | T4: 14.7 | U4: 29.8 | V4: 31 | W4: 75.2 | X4: 196 | Y4: 225 | Z4: 275 | AA4: 145 | AB4: 62.6 | AC4: =CORREL($Q$52:$V$52,Q4:V4) -> 0.2667463 | AD4: =SQRT(SUMXMY2($Q$52:$V$52,Q4:V4)) -> 64.436933
B5: 1979 | C5: =IF(Q5*DAY(EOMONTH(DATE($B5,$C$2,1),0))*24*3600/$AF$2/10^6>$AF$3,$AF$3,Q5*DAY(EOMONTH(DATE($B5,$C$2,1),0))*24*3600/$AF$2/10^6) -> 11.16 | D5: =IF(R5*DAY(EOMONTH(DATE($B5,$D$2,1),0))*24*3600/$AF$2/10^6>$AF$3,$AF$3,R5*DAY(EOMONTH(DATE($B5,$D$2,1),0))*24*3600/$AF$2/10^6) -> 7.3284324 | E5: =IF(S5*DAY(EOMONTH(DATE($B5,$E$2,1),0))*24*3600/$AF$2/10^6>$AF$3,$AF$3,S5*DAY(EOMONTH(DATE($B5,$E$2,1),0))*24*3600/$AF$2/10^6) -> 6.4848649 | F5: =IF(T5*DAY(EOMONTH(DATE($B5,$F$2,1),0))*24*3600/$AF$2/10^6>$AF$3,$AF$3,T5*DAY(EOMONTH(DATE($B5,$F$2,1),0))*24*3600/$AF$2/10^6) -> 7.5308108 | G5: =IF(U5*DAY(EOMONTH(DATE($B5,$G$2,1),0))*24*3600/$AF$2/10^6>$AF$3,$AF$3,U5*DAY(EOMONTH(DATE($B5,$G$2,1),0))*24*3600/$AF$2/10^6) -> 10.526595 | H5: =IF(V5*DAY(EOMONTH(DATE($B5,$H$2,1),0))*24*3600/$AF$2/10^6>$AF$3,$AF$3,V5*DAY(EOMONTH(DATE($B5,$H$2,1),0))*24*3600/$AF$2/10^6) -> 25.803243 | I5: =IF(W5*DAY(EOMONTH(DATE($B5,$I$2,1),0))*24*3600/$AF$2/10^6>$AF$3,$AF$3,W5*DAY(EOMONTH(DATE($B5,$I$2,1),0))*24*3600/$AF$2/10^6) -> 49.767568 | J5: =IF(X5*DAY(EOMONTH(DATE($B5,$J$2,1),0))*24*3600/$AF$2/10^6>$AF$3,$AF$3,X5*DAY(EOMONTH(DATE($B5,$J$2,1),0))*24*3600/$AF$2/10^6) -> 61.07 | K5: =IF(Y5*DAY(EOMONTH(DATE($B5,$K$2,1),0))*24*3600/$AF$2/10^6>$AF$3,$AF$3,Y5*DAY(EOMONTH(DATE($B5,$K$2,1),0))*24*3600/$AF$2/10^6) -> 37.654054 | L5: =IF(Z5*DAY(EOMONTH(DATE($B5,$L$2,1),0))*24*3600/$AF$2/10^6>$AF$3,$AF$3,Z5*DAY(EOMONTH(DATE($B5,$L$2,1),0))*24*3600/$AF$2/10^6) -> 61.07 | M5: =IF(AA5*DAY(EOMONTH(DATE($B5,$M$2,1),0))*24*3600/$AF$2/10^6>$AF$3,$AF$3,AA5*DAY(EOMONTH(DATE($B5,$M$2,1),0))*24*3600/$AF$2/10^6) -> 43.783784 | N5: =IF(AB5*DAY(EOMONTH(DATE($B5,$N$2,1),0))*24*3600/$AF$2/10^6>$AF$3,$AF$3,AB5*DAY(EOMONTH(DATE($B5,$N$2,1),0))*24*3600/$AF$2/10^6) -> 24.491676 | O5: =SUM(C5:N5) -> 346.67103 | Q5: 37 | R5: 26.9 | S5: 21.5 | T5: 25.8 | U5: 34.9 | V5: 88.4 | W5: 165 | X5: 244 | Y5: 129 | Z5: 209 | AA5: 150 | AB5: 81.2 | AC5: =CORREL($Q$52:$V$52,Q5:V5) -> 0.23266446 | AD5: =SQRT(SUMXMY2($Q$52:$V$52,Q5:V5)) -> 58.674188
B6: 1980 | C6: =IF(Q6*DAY(EOMONTH(DATE($B6,$C$2,1),0))*24*3600/$AF$2/10^6>$AF$3,$AF$3,Q6*DAY(EOMONTH(DATE($B6,$C$2,1),0))*24*3600/$AF$2/10^6) -> 17.192432 | D6: =IF(R6*DAY(EOMONTH(DATE($B6,$D$2,1),0))*24*3600/$AF$2/10^6>$AF$3,$AF$3,R6*DAY(EOMONTH(DATE($B6,$D$2,1),0))*24*3600/$AF$2/10^6) -> 11.088973 | E6: =IF(S6*DAY(EOMONTH(DATE($B6,$E$2,1),0))*24*3600/$AF$2/10^6>$AF$3,$AF$3,S6*DAY(EOMONTH(DATE($B6,$E$2,1),0))*24*3600/$AF$2/10^6) -> 8.5358919 | F6: =IF(T6*DAY(EOMONTH(DATE($B6,$F$2,1),0))*24*3600/$AF$2/10^6>$AF$3,$AF$3,T6*DAY(EOMONTH(DATE($B6,$F$2,1),0))*24*3600/$AF$2/10^6) -> 8.2313514 | G6: =IF(U6*DAY(EOMONTH(DATE($B6,$G$2,1),0))*24*3600/$AF$2/10^6>$AF$3,$AF$3,U6*DAY(EOMONTH(DATE($B6,$G$2,1),0))*24*3600/$AF$2/10^6) -> 14.266703 | H6: =IF(V6*DAY(EOMONTH(DATE($B6,$H$2,1),0))*24*3600/$AF$2/10^6>$AF$3,$AF$3,V6*DAY(EOMONTH(DATE($B6,$H$2,1),0))*24*3600/$AF$2/10^6) -> 24.168649 | I6: =IF(W6*DAY(EOMONTH(DATE($B6,$I$2,1),0))*24*3600/$AF$2/10^6>$AF$3,$AF$3,W6*DAY(EOMONTH(DATE($B6,$I$2,1),0))*24*3600/$AF$2/10^6) -> 25.547351 | J6: =IF(X6*DAY(EOMONTH(DATE($B6,$J$2,1),0))*24*3600/$AF$2/10^6>$AF$3,$AF$3,X6*DAY(EOMONTH(DATE($B6,$J$2,1),0))*24*3600/$AF$2/10^6) -> 38.909189 | K6: =IF(Y6*DAY(EOMONTH(DATE($B6,$K$2,1),0))*24*3600/$AF$2/10^6>$AF$3,$AF$3,Y6*DAY(EOMONTH(DATE($B6,$K$2,1),0))*24*3600/$AF$2/10^6) -> 61.07 | L6: =IF(Z6*DAY(EOMONTH(DATE($B6,$L$2,1),0))*24*3600/$AF$2/10^6>$AF$3,$AF$3,Z6*DAY(EOMONTH(DATE($B6,$L$2,1),0))*24*3600/$AF$2/10^6) -> 61.07 | M6: =IF(AA6*DAY(EOMONTH(DATE($B6,$M$2,1),0))*24*3600/$AF$2/10^6>$AF$3,$AF$3,AA6*DAY(EOMONTH(DATE($B6,$M$2,1),0))*24*3600/$AF$2/10^6) -> 53.416216 | N6: =IF(AB6*DAY(EOMONTH(DATE($B6,$N$2,1),0))*24*3600/$AF$2/10^6>$AF$3,$AF$3,AB6*DAY(EOMONTH(DATE($B6,$N$2,1),0))*24*3600/$AF$2/10^6) -> 23.616973 | O6: =SUM(C6:N6) -> 347.11373 | Q6: 57 | R6: 39.3 | S6: 28.3 | T6: 28.2 | U6: 47.3 | V6: 82.8 | W6: 84.7 | X6: 129 | Y6: 249 | Z6: 241 | AA6: 183 | AB6: 78.3 | AC6: =CORREL($Q$52:$V$52,Q6:V6) -> 0.50383504 | AD6: =SQRT(SUMXMY2($Q$52:$V$52,Q6:V6)) -> 41.242845
B7: 1981 | C7: =IF(Q7*DAY(EOMONTH(DATE($B7,$C$2,1),0))*24*3600/$AF$2/10^6>$AF$3,$AF$3,Q7*DAY(EOMONTH(DATE($B7,$C$2,1),0))*24*3600/$AF$2/10^6) -> 14.236541 | D7: =IF(R7*DAY(EOMONTH(DATE($B7,$D$2,1),0))*24*3600/$AF$2/10^6>$AF$3,$AF$3,R7*DAY(EOMONTH(DATE($B7,$D$2,1),0))*24*3600/$AF$2/10^6) -> 9.2627027 | E7: =IF(S7*DAY(EOMONTH(DATE($B7,$E$2,1),0))*24*3600/$AF$2/10^6>$AF$3,$AF$3,S7*DAY(EOMONTH(DATE($B7,$E$2,1),0))*24*3600/$AF$2/10^6) -> 7.6913514 | F7: =IF(T7*DAY(EOMONTH(DATE($B7,$F$2,1),0))*24*3600/$AF$2/10^6>$AF$3,$AF$3,T7*DAY(EOMONTH(DATE($B7,$F$2,1),0))*24*3600/$AF$2/10^6) -> 7.0345946 | G7: =IF(U7*DAY(EOMONTH(DATE($B7,$G$2,1),0))*24*3600/$AF$2/10^6>$AF$3,$AF$3,U7*DAY(EOMONTH(DATE($B7,$G$2,1),0))*24*3600/$AF$2/10^6) -> 10.436108 | H7: =IF(V7*DAY(EOMONTH(DATE($B7,$H$2,1),0))*24*3600/$AF$2/10^6>$AF$3,$AF$3,V7*DAY(EOMONTH(DATE($B7,$H$2,1),0))*24*3600/$AF$2/10^6) -> 30.356757 | I7: =IF(W7*DAY(EOMONTH(DATE($B7,$I$2,1),0))*24*3600/$AF$2/10^6>$AF$3,$AF$3,W7*DAY(EOMONTH(DATE($B7,$I$2,1),0))*24*3600/$AF$2/10^6) -> 22.350162 | J7: =IF(X7*DAY(EOMONTH(DATE($B7,$J$2,1),0))*24*3600/$AF$2/10^6>$AF$3,$AF$3,X7*DAY(EOMONTH(DATE($B7,$J$2,1),0))*24*3600/$AF$2/10^6) -> 61.07 | K7: =IF(Y7*DAY(EOMONTH(DATE($B7,$K$2,1),0))*24*3600/$AF$2/10^6>$AF$3,$AF$3,Y7*DAY(EOMONTH(DATE($B7,$K$2,1),0))*24*3600/$AF$2/10^6) -> 43.783784 | L7: =IF(Z7*DAY(EOMONTH(DATE($B7,$L$2,1),0))*24*3600/$AF$2/10^6>$AF$3,$AF$3,Z7*DAY(EOMONTH(DATE($B7,$L$2,1),0))*24*3600/$AF$2/10^6) -> 61.07 | M7: =IF(AA7*DAY(EOMONTH(DATE($B7,$M$2,1),0))*24*3600/$AF$2/10^6>$AF$3,$AF$3,AA7*DAY(EOMONTH(DATE($B7,$M$2,1),0))*24*3600/$AF$2/10^6) -> 61.07 | N7: =IF(AB7*DAY(EOMONTH(DATE($B7,$N$2,1),0))*24*3600/$AF$2/10^6>$AF$3,$AF$3,AB7*DAY(EOMONTH(DATE($B7,$N$2,1),0))*24*3600/$AF$2/10^6) -> 47.656216 | O7: =SUM(C7:N7) -> 376.01822 | Q7: 47.2 | R7: 34 | S7: 25.5 | T7: 24.1 | U7: 34.6 | V7: 104 | W7: 74.1 | X7: 282 | Y7: 150 | Z7: 274 | AA7: 235 | AB7: 158 | AC7: =CORREL($Q$52:$V$52,Q7:V7) -> 0.34012835 | AD7: =SQRT(SUMXMY2($Q$52:$V$52,Q7:V7)) -> 63.862714
B8: 1982 | C8: =IF(Q8*DAY(EOMONTH(DATE($B8,$C$2,1),0))*24*3600/$AF$2/10^6>$AF$3,$AF$3,Q8*DAY(EOMONTH(DATE($B8,$C$2,1),0))*24*3600/$AF$2/10^6) -> 18.368757 | D8: =IF(R8*DAY(EOMONTH(DATE($B8,$D$2,1),0))*24*3600/$AF$2/10^6>$AF$3,$AF$3,R8*DAY(EOMONTH(DATE($B8,$D$2,1),0))*24*3600/$AF$2/10^6) -> 10.624865 | E8: =IF(S8*DAY(EOMONTH(DATE($B8,$E$2,1),0))*24*3600/$AF$2/10^6>$AF$3,$AF$3,S8*DAY(EOMONTH(DATE($B8,$E$2,1),0))*24*3600/$AF$2/10^6) -> 8.8676757 | F8: =IF(T8*DAY(EOMONTH(DATE($B8,$F$2,1),0))*24*3600/$AF$2/10^6>$AF$3,$AF$3,T8*DAY(EOMONTH(DATE($B8,$F$2,1),0))*24*3600/$AF$2/10^6) -> 9.1945946 | G8: =IF(U8*DAY(EOMONTH(DATE($B8,$G$2,1),0))*24*3600/$AF$2/10^6>$AF$3,$AF$3,U8*DAY(EOMONTH(DATE($B8,$G$2,1),0))*24*3600/$AF$2/10^6) -> 8.747027 | H8: =IF(V8*DAY(EOMONTH(DATE($B8,$H$2,1),0))*24*3600/$AF$2/10^6>$AF$3,$AF$3,V8*DAY(EOMONTH(DATE($B8,$H$2,1),0))*24*3600/$AF$2/10^6) -> 21.921081 | I8: =IF(W8*DAY(EOMONTH(DATE($B8,$I$2,1),0))*24*3600/$AF$2/10^6>$AF$3,$AF$3,W8*DAY(EOMONTH(DATE($B8,$I$2,1),0))*24*3600/$AF$2/10^6) -> 26.844324 | J8: =IF(X8*DAY(EOMONTH(DATE($B8,$J$2,1),0))*24*3600/$AF$2/10^6>$AF$3,$AF$3,X8*DAY(EOMONTH(DATE($B8,$J$2,1),0))*24*3600/$AF$2/10^6) -> 23.134378 | K8: =IF(Y8*DAY(EOMONTH(DATE($B8,$K$2,1),0))*24*3600/$AF$2/10^6>$AF$3,$AF$3,Y8*DAY(EOMONTH(DATE($B8,$K$2,1),0))*24*3600/$AF$2/10^6) -> 61.07 | L8: =IF(Z8*DAY(EOMONTH(DATE($B8,$L$2,1),0))*24*3600/$AF$2/10^6>$AF$3,$AF$3,Z8*DAY(EOMONTH(DATE($B8,$L$2,1),0))*24*3600/$AF$2/10^6) -> 40.718919 | M8: =IF(AA8*DAY(EOMONTH(DATE($B8,$M$2,1),0))*24*3600/$AF$2/10^6>$AF$3,$AF$3,AA8*DAY(EOMONTH(DATE($B8,$M$2,1),0))*24*3600/$AF$2/10^6) -> 23.555676 | N8: =IF(AB8*DAY(EOMONTH(DATE($B8,$N$2,1),0))*24*3600/$AF$2/10^6>$AF$3,$AF$3,AB8*DAY(EOMONTH(DATE($B8,$N$2,1),0))*24*3600/$AF$2/10^6) -> 14.779459 | O8: =SUM(C8:N8) -> 267.82676 | Q8: 60.9 | R8: 39 | S8: 29.4 | T8: 31.5 | U8: 29 | V8: 75.1 | W8: 89 | X8: 76.7 | Y8: 307 | Z8: 135 | AA8: 80.7 | AB8: 49 | AC8: =CORREL($Q$52:$V$52,Q8:V8) -> 0.65578929 | AD8: =SQRT(SUMXMY2($Q$52:$V$52,Q8:V8)) -> 32.815458
B9: 1983 | C9: =IF(Q9*DAY(EOMONTH(DATE($B9,$C$2,1),0))*24*3600/$AF$2/10^6>$AF$3,$AF$3,Q9*DAY(EOMONTH(DATE($B9,$C$2,1),0))*24*3600/$AF$2/10^6) -> 11.491784 | D9: =IF(R9*DAY(EOMONTH(DATE($B9,$D$2,1),0))*24*3600/$AF$2/10^6>$AF$3,$AF$3,R9*DAY(EOMONTH(DATE($B9,$D$2,1),0))*24*3600/$AF$2/10^6) -> 7.5191351 | E9: =IF(S9*DAY(EOMONTH(DATE($B9,$E$2,1),0))*24*3600/$AF$2/10^6>$AF$3,$AF$3,S9*DAY(EOMONTH(DATE($B9,$E$2,1),0))*24*3600/$AF$2/10^6) -> 6.6658378 | F9: =IF(T9*DAY(EOMONTH(DATE($B9,$F$2,1),0))*24*3600/$AF$2/10^6>$AF$3,$AF$3,T9*DAY(EOMONTH(DATE($B9,$F$2,1),0))*24*3600/$AF$2/10^6) -> 5.3416216 | G9: =IF(U9*DAY(EOMONTH(DATE($B9,$G$2,1),0))*24*3600/$AF$2/10^6>$AF$3,$AF$3,U9*DAY(EOMONTH(DATE($B9,$G$2,1),0))*24*3600/$AF$2/10^6) -> 8.5962162 | H9: =IF(V9*DAY(EOMONTH(DATE($B9,$H$2,1),0))*24*3600/$AF$2/10^6>$AF$3,$AF$3,V9*DAY(EOMONTH(DATE($B9,$H$2,1),0))*24*3600/$AF$2/10^6) -> 14.594595 | I9: =IF(W9*DAY(EOMONTH(DATE($B9,$I$2,1),0))*24*3600/$AF$2/10^6>$AF$3,$AF$3,W9*DAY(EOMONTH(DATE($B9,$I$2,1),0))*24*3600/$AF$2/10^6) -> 12.607784 | J9: =IF(X9*DAY(EOMONTH(DATE($B9,$J$2,1),0))*24*3600/$AF$2/10^6>$AF$3,$AF$3,X9*DAY(EOMONTH(DATE($B9,$J$2,1),0))*24*3600/$AF$2/10^6) -> 31.971892 | K9: =IF(Y9*DAY(EOMONTH(DATE($B9,$K$2,1),0))*24*3600/$AF$2/10^6>$AF$3,$AF$3,Y9*DAY(EOMONTH(DATE($B9,$K$2,1),0))*24*3600/$AF$2/10^6) -> 31.232432 | L9: =IF(Z9*DAY(EOMONTH(DATE($B9,$L$2,1),0))*24*3600/$AF$2/10^6>$AF$3,$AF$3,Z9*DAY(EOMONTH(DATE($B9,$L$2,1),0))*24*3600/$AF$2/10^6) -> 61.07 | M9: =IF(AA9*DAY(EOMONTH(DATE($B9,$M$2,1),0))*24*3600/$AF$2/10^6>$AF$3,$AF$3,AA9*DAY(EOMONTH(DATE($B9,$M$2,1),0))*24*3600/$AF$2/10^6) -> 35.902703 | N9: =IF(AB9*DAY(EOMONTH(DATE($B9,$N$2,1),0))*24*3600/$AF$2/10^6>$AF$3,$AF$3,AB9*DAY(EOMONTH(DATE($B9,$N$2,1),0))*24*3600/$AF$2/10^6) -> 18.429081 | O9: =SUM(C9:N9) -> 245.42308 | Q9: 38.1 | R9: 27.6 | S9: 22.1 | T9: 18.3 | U9: 28.5 | V9: 50 | W9: 41.8 | X9: 106 | Y9: 107 | Z9: 302 | AA9: 123 | AB9: 61.1 | AC9: =CORREL($Q$52:$V$52,Q9:V9) -> 0.60819158 | AD9: =SQRT(SUMXMY2($Q$52:$V$52,Q9:V9)) -> 42.632151
B10: 1984 | C10: =IF(Q10*DAY(EOMONTH(DATE($B10,$C$2,1),0))*24*3600/$AF$2/10^6>$AF$3,$AF$3,Q10*DAY(EOMONTH(DATE($B10,$C$2,1),0))*24*3600/$AF$2/10^6) -> 12.487135 | D10: =IF(R10*DAY(EOMONTH(DATE($B10,$D$2,1),0))*24*3600/$AF$2/10^6>$AF$3,$AF$3,R10*DAY(EOMONTH(DATE($B10,$D$2,1),0))*24*3600/$AF$2/10^6) -> 8.0134054 | E10: =IF(S10*DAY(EOMONTH(DATE($B10,$E$2,1),0))*24*3600/$AF$2/10^6>$AF$3,$AF$3,S10*DAY(EOMONTH(DATE($B10,$E$2,1),0))*24*3600/$AF$2/10^6) -> 6.6055135 | F10: =IF(T10*DAY(EOMONTH(DATE($B10,$F$2,1),0))*24*3600/$AF$2/10^6>$AF$3,$AF$3,T10*DAY(EOMONTH(DATE($B10,$F$2,1),0))*24*3600/$AF$2/10^6) -> 7.7935135 | G10: =IF(U10*DAY(EOMONTH(DATE($B10,$G$2,1),0))*24*3600/$AF$2/10^6>$AF$3,$AF$3,U10*DAY(EOMONTH(DATE($B10,$G$2,1),0))*24*3600/$AF$2/10^6) -> 13.241189 | H10: =IF(V10*DAY(EOMONTH(DATE($B10,$H$2,1),0))*24*3600/$AF$2/10^6>$AF$3,$AF$3,V10*DAY(EOMONTH(DATE($B10,$H$2,1),0))*24*3600/$AF$2/10^6) -> 23.672432 | I10: =IF(W10*DAY(EOMONTH(DATE($B10,$I$2,1),0))*24*3600/$AF$2/10^6>$AF$3,$AF$3,W10*DAY(EOMONTH(DATE($B10,$I$2,1),0))*24*3600/$AF$2/10^6) -> 28.623892 | J10: =IF(X10*DAY(EOMONTH(DATE($B10,$J$2,1),0))*24*3600/$AF$2/10^6>$AF$3,$AF$3,X10*DAY(EOMONTH(DATE($B10,$J$2,1),0))*24*3600/$AF$2/10^6) -> 61.07 | K10: =IF(Y10*DAY(EOMONTH(DATE($B10,$K$2,1),0))*24*3600/$AF$2/10^6>$AF$3,$AF$3,Y10*DAY(EOMONTH(DATE($B10,$K$2,1),0))*24*3600/$AF$2/10^6) -> 61.07 | L10: =IF(Z10*DAY(EOMONTH(DATE($B10,$L$2,1),0))*24*3600/$AF$2/10^6>$AF$3,$AF$3,Z10*DAY(EOMONTH(DATE($B10,$L$2,1),0))*24*3600/$AF$2/10^6) -> 61.07 | M10: =IF(AA10*DAY(EOMONTH(DATE($B10,$M$2,1),0))*24*3600/$AF$2/10^6>$AF$3,$AF$3,AA10*DAY(EOMONTH(DATE($B10,$M$2,1),0))*24*3600/$AF$2/10^6) -> 33.567568 | N10: =IF(AB10*DAY(EOMONTH(DATE($B10,$N$2,1),0))*24*3600/$AF$2/10^6>$AF$3,$AF$3,AB10*DAY(EOMONTH(DATE($B10,$N$2,1),0))*24*3600/$AF$2/10^6) -> 23.828108 | O10: =SUM(C10:N10) -> 341.04276 | Q10: 41.4 | R10: 28.4 | S10: 21.9 | T10: 26.7 | U10: 43.9 | V10: 81.1 | W10: 94.9 | X10: 296 | Y10: 250 | Z10: 254 | AA10: 115 | AB10: 79 | AC10: =CORREL($Q$52:$V$52,Q10:V10) -> 0.27121388 | AD10: =SQRT(SUMXMY2($Q$52:$V$52,Q10:V10)) -> 50.990178
B11: 1985 | C11: =IF(Q11*DAY(EOMONTH(DATE($B11,$C$2,1),0))*24*3600/$AF$2/10^6>$AF$3,$AF$3,Q11*DAY(EOMONTH(DATE($B11,$C$2,1),0))*24*3600/$AF$2/10^6) -> 12.96973 | D11: =IF(R11*DAY(EOMONTH(DATE($B11,$D$2,1),0))*24*3600/$AF$2/10^6>$AF$3,$AF$3,R11*DAY(EOMONTH(DATE($B11,$D$2,1),0))*24*3600/$AF$2/10^6) -> 8.172973 | E11: =IF(S11*DAY(EOMONTH(DATE($B11,$E$2,1),0))*24*3600/$AF$2/10^6>$AF$3,$AF$3,S11*DAY(EOMONTH(DATE($B11,$E$2,1),0))*24*3600/$AF$2/10^6) -> 7.0579459 | F11: =IF(T11*DAY(EOMONTH(DATE($B11,$F$2,1),0))*24*3600/$AF$2/10^6>$AF$3,$AF$3,T11*DAY(EOMONTH(DATE($B11,$F$2,1),0))*24*3600/$AF$2/10^6) -> 10.595676 | G11: =IF(U11*DAY(EOMONTH(DATE($B11,$G$2,1),0))*24*3600/$AF$2/10^6>$AF$3,$AF$3,U11*DAY(EOMONTH(DATE($B11,$G$2,1),0))*24*3600/$AF$2/10^6) -> 13.060216 | H11: =IF(V11*DAY(EOMONTH(DATE($B11,$H$2,1),0))*24*3600/$AF$2/10^6>$AF$3,$AF$3,V11*DAY(EOMONTH(DATE($B11,$H$2,1),0))*24*3600/$AF$2/10^6) -> 23.701622 | I11: =IF(W11*DAY(EOMONTH(DATE($B11,$I$2,1),0))*24*3600/$AF$2/10^6>$AF$3,$AF$3,W11*DAY(EOMONTH(DATE($B11,$I$2,1),0))*24*3600/$AF$2/10^6) -> 33.781622 | J11: =IF(X11*DAY(EOMONTH(DATE($B11,$J$2,1),0))*24*3600/$AF$2/10^6>$AF$3,$AF$3,X11*DAY(EOMONTH(DATE($B11,$J$2,1),0))*24*3600/$AF$2/10^6) -> 31.67027 | K11: =IF(Y11*DAY(EOMONTH(DATE($B11,$K$2,1),0))*24*3600/$AF$2/10^6>$AF$3,$AF$3,Y11*DAY(EOMONTH(DATE($B11,$K$2,1),0))*24*3600/$AF$2/10^6) -> 51.956757 | L11: =IF(Z11*DAY(EOMONTH(DATE($B11,$L$2,1),0))*24*3600/$AF$2/10^6>$AF$3,$AF$3,Z11*DAY(EOMONTH(DATE($B11,$L$2,1),0))*24*3600/$AF$2/10^6) -> 46.751351 | M11: =IF(AA11*DAY(EOMONTH(DATE($B11,$M$2,1),0))*24*3600/$AF$2/10^6>$AF$3,$AF$3,AA11*DAY(EOMONTH(DATE($B11,$M$2,1),0))*24*3600/$AF$2/10^6) -> 26.27027 | N11: =IF(AB11*DAY(EOMONTH(DATE($B11,$N$2,1),0))*24*3600/$AF$2/10^6>$AF$3,$AF$3,AB11*DAY(EOMONTH(DATE($B11,$N$2,1),0))*24*3600/$AF$2/10^6) -> 21.535784 | O11: =SUM(C11:N11) -> 287.52422 | Q11: 43 | R11: 30 | S11: 23.4 | T11: 36.3 | U11: 43.3 | V11: 81.2 | W11: 112 | X11: 105 | Y11: 178 | Z11: 155 | AA11: 90 | AB11: 71.4 | AC11: =CORREL($Q$52:$V$52,Q11:V11) -> 0.20759504 | AD11: =SQRT(SUMXMY2($Q$52:$V$52,Q11:V11)) -> 49.654328
B12: 1986 | C12: =IF(Q12*DAY(EOMONTH(DATE($B12,$C$2,1),0))*24*3600/$AF$2/10^6>$AF$3,$AF$3,Q12*DAY(EOMONTH(DATE($B12,$C$2,1),0))*24*3600/$AF$2/10^6) -> 11.763243 | D12: =IF(R12*DAY(EOMONTH(DATE($B12,$D$2,1),0))*24*3600/$AF$2/10^6>$AF$3,$AF$3,R12*DAY(EOMONTH(DATE($B12,$D$2,1),0))*24*3600/$AF$2/10^6) -> 6.8652973 | E12: =IF(S12*DAY(EOMONTH(DATE($B12,$E$2,1),0))*24*3600/$AF$2/10^6>$AF$3,$AF$3,S12*DAY(EOMONTH(DATE($B12,$E$2,1),0))*24*3600/$AF$2/10^6) -> 5.8514595 | F12: =IF(T12*DAY(EOMONTH(DATE($B12,$F$2,1),0))*24*3600/$AF$2/10^6>$AF$3,$AF$3,T12*DAY(EOMONTH(DATE($B12,$F$2,1),0))*24*3600/$AF$2/10^6) -> 3.8237838 | G12: =IF(U12*DAY(EOMONTH(DATE($B12,$G$2,1),0))*24*3600/$AF$2/10^6>$AF$3,$AF$3,U12*DAY(EOMONTH(DATE($B12,$G$2,1),0))*24*3600/$AF$2/10^6) -> 7.4198919 | H12: =IF(V12*DAY(EOMONTH(DATE($B12,$H$2,1),0))*24*3600/$AF$2/10^6>$AF$3,$AF$3,V12*DAY(EOMONTH(DATE($B12,$H$2,1),0))*24*3600/$AF$2/10^6) -> 9.9827027 | I12: =IF(W12*DAY(EOMONTH(DATE($B12,$I$2,1),0))*24*3600/$AF$2/10^6>$AF$3,$AF$3,W12*DAY(EOMONTH(DATE($B12,$I$2,1),0))*24*3600/$AF$2/10^6) -> 21.113514 | J12: =IF(X12*DAY(EOMONTH(DATE($B12,$J$2,1),0))*24*3600/$AF$2/10^6>$AF$3,$AF$3,X12*DAY(EOMONTH(DATE($B12,$J$2,1),0))*24*3600/$AF$2/10^6) -> 61.07 | K12: =IF(Y12*DAY(EOMONTH(DATE($B12,$K$2,1),0))*24*3600/$AF$2/10^6>$AF$3,$AF$3,Y12*DAY(EOMONTH(DATE($B12,$K$2,1),0))*24*3600/$AF$2/10^6) -> 48.745946 | L12: =IF(Z12*DAY(EOMONTH(DATE($B12,$L$2,1),0))*24*3600/$AF$2/10^6>$AF$3,$AF$3,Z12*DAY(EOMONTH(DATE($B12,$L$2,1),0))*24*3600/$AF$2/10^6) -> 49.465946 | M12: =IF(AA12*DAY(EOMONTH(DATE($B12,$M$2,1),0))*24*3600/$AF$2/10^6>$AF$3,$AF$3,AA12*DAY(EOMONTH(DATE($B12,$M$2,1),0))*24*3600/$AF$2/10^6) -> 28.225946 | N12: =IF(AB12*DAY(EOMONTH(DATE($B12,$N$2,1),0))*24*3600/$AF$2/10^6>$AF$3,$AF$3,AB12*DAY(EOMONTH(DATE($B12,$N$2,1),0))*24*3600/$AF$2/10^6) -> 34.083243 | O12: =SUM(C12:N12) -> 288.41097 | Q12: 39 | R12: 25.2 | S12: 19.4 | T12: 13.1 | U12: 24.6 | V12: 34.2 | W12: 70 | X12: 231 | Y12: 167 | Z12: 164 | AA12: 96.7 | AB12: 113 | AC12: =CORREL($Q$52:$V$52,Q12:V12) -> 0.89948351 | AD12: =SQRT(SUMXMY2($Q$52:$V$52,Q12:V12)) -> 48.347413
B13: 1987 | C13: =IF(Q13*DAY(EOMONTH(DATE($B13,$C$2,1),0))*24*3600/$AF$2/10^6>$AF$3,$AF$3,Q13*DAY(EOMONTH(DATE($B13,$C$2,1),0))*24*3600/$AF$2/10^6) -> 15.382703 | D13: =IF(R13*DAY(EOMONTH(DATE($B13,$D$2,1),0))*24*3600/$AF$2/10^6>$AF$3,$AF$3,R13*DAY(EOMONTH(DATE($B13,$D$2,1),0))*24*3600/$AF$2/10^6) -> 9.0447568 | E13: =IF(S13*DAY(EOMONTH(DATE($B13,$E$2,1),0))*24*3600/$AF$2/10^6>$AF$3,$AF$3,S13*DAY(EOMONTH(DATE($B13,$E$2,1),0))*24*3600/$AF$2/10^6) -> 7.4802162 | F13: =IF(T13*DAY(EOMONTH(DATE($B13,$F$2,1),0))*24*3600/$AF$2/10^6>$AF$3,$AF$3,T13*DAY(EOMONTH(DATE($B13,$F$2,1),0))*24*3600/$AF$2/10^6) -> 4.8745946 | G13: =IF(U13*DAY(EOMONTH(DATE($B13,$G$2,1),0))*24*3600/$AF$2/10^6>$AF$3,$AF$3,U13*DAY(EOMONTH(DATE($B13,$G$2,1),0))*24*3600/$AF$2/10^6) -> 6.7563243 | H13: =IF(V13*DAY(EOMONTH(DATE($B13,$H$2,1),0))*24*3600/$AF$2/10^6>$AF$3,$AF$3,V13*DAY(EOMONTH(DATE($B13,$H$2,1),0))*24*3600/$AF$2/10^6) -> 18.681081 | I13: =IF(W13*DAY(EOMONTH(DATE($B13,$I$2,1),0))*24*3600/$AF$2/10^6>$AF$3,$AF$3,W13*DAY(EOMONTH(DATE($B13,$I$2,1),0))*24*3600/$AF$2/10^6) -> 35.591351 | J13: =IF(X13*DAY(EOMONTH(DATE($B13,$J$2,1),0))*24*3600/$AF$2/10^6>$AF$3,$AF$3,X13*DAY(EOMONTH(DATE($B13,$J$2,1),0))*24*3600/$AF$2/10^6) -> 36.797838 | K13: =IF(Y13*DAY(EOMONTH(DATE($B13,$K$2,1),0))*24*3600/$AF$2/10^6>$AF$3,$AF$3,Y13*DAY(EOMONTH(DATE($B13,$K$2,1),0))*24*3600/$AF$2/10^6) -> 61.07 | L13: =IF(Z13*DAY(EOMONTH(DATE($B13,$L$2,1),0))*24*3600/$AF$2/10^6>$AF$3,$AF$3,Z13*DAY(EOMONTH(DATE($B13,$L$2,1),0))*24*3600/$AF$2/10^6) -> 41.925405 | M13: =IF(AA13*DAY(EOMONTH(DATE($B13,$M$2,1),0))*24*3600/$AF$2/10^6>$AF$3,$AF$3,AA13*DAY(EOMONTH(DATE($B13,$M$2,1),0))*24*3600/$AF$2/10^6) -> 32.4 | N13: =IF(AB13*DAY(EOMONTH(DATE($B13,$N$2,1),0))*24*3600/$AF$2/10^6>$AF$3,$AF$3,AB13*DAY(EOMONTH(DATE($B13,$N$2,1),0))*24*3600/$AF$2/10^6) -> 20.902378 | O13: =SUM(C13:N13) -> 290.90665 | Q13: 51 | R13: 33.2 | S13: 24.8 | T13: 16.7 | U13: 22.4 | V13: 64 | W13: 118 | X13: 122 | Y13: 213 | Z13: 139 | AA13: 111 | AB13: 69.3 | AC13: =CORREL($Q$52:$V$52,Q13:V13) -> 0.71058982 | AD13: =SQRT(SUMXMY2($Q$52:$V$52,Q13:V13)) -> 36.898785
B14: 1988 | C14: =IF(Q14*DAY(EOMONTH(DATE($B14,$C$2,1),0))*24*3600/$AF$2/10^6>$AF$3,$AF$3,Q14*DAY(EOMONTH(DATE($B14,$C$2,1),0))*24*3600/$AF$2/10^6) -> 13.392 | D14: =IF(R14*DAY(EOMONTH(DATE($B14,$D$2,1),0))*24*3600/$AF$2/10^6>$AF$3,$AF$3,R14*DAY(EOMONTH(DATE($B14,$D$2,1),0))*24*3600/$AF$2/10^6) -> 8.9163243 | E14: =IF(S14*DAY(EOMONTH(DATE($B14,$E$2,1),0))*24*3600/$AF$2/10^6>$AF$3,$AF$3,S14*DAY(EOMONTH(DATE($B14,$E$2,1),0))*24*3600/$AF$2/10^6) -> 6.4848649 | F14: =IF(T14*DAY(EOMONTH(DATE($B14,$F$2,1),0))*24*3600/$AF$2/10^6>$AF$3,$AF$3,T14*DAY(EOMONTH(DATE($B14,$F$2,1),0))*24*3600/$AF$2/10^6) -> 6.4216216 | G14: =IF(U14*DAY(EOMONTH(DATE($B14,$G$2,1),0))*24*3600/$AF$2/10^6>$AF$3,$AF$3,U14*DAY(EOMONTH(DATE($B14,$G$2,1),0))*24*3600/$AF$2/10^6) -> 12.426811 | H14: =IF(V14*DAY(EOMONTH(DATE($B14,$H$2,1),0))*24*3600/$AF$2/10^6>$AF$3,$AF$3,V14*DAY(EOMONTH(DATE($B14,$H$2,1),0))*24*3600/$AF$2/10^6) -> 18.330811 | I14: =IF(W14*DAY(EOMONTH(DATE($B14,$I$2,1),0))*24*3600/$AF$2/10^6>$AF$3,$AF$3,W14*DAY(EOMONTH(DATE($B14,$I$2,1),0))*24*3600/$AF$2/10^6) -> 20.118162 | J14: =IF(X14*DAY(EOMONTH(DATE($B14,$J$2,1),0))*24*3600/$AF$2/10^6>$AF$3,$AF$3,X14*DAY(EOMONTH(DATE($B14,$J$2,1),0))*24*3600/$AF$2/10^6) -> 24.732973 | K14: =IF(Y14*DAY(EOMONTH(DATE($B14,$K$2,1),0))*24*3600/$AF$2/10^6>$AF$3,$AF$3,Y14*DAY(EOMONTH(DATE($B14,$K$2,1),0))*24*3600/$AF$2/10^6) -> 40.572973 | L14: =IF(Z14*DAY(EOMONTH(DATE($B14,$L$2,1),0))*24*3600/$AF$2/10^6>$AF$3,$AF$3,Z14*DAY(EOMONTH(DATE($B14,$L$2,1),0))*24*3600/$AF$2/10^6) -> 61.07 | M14: =IF(AA14*DAY(EOMONTH(DATE($B14,$M$2,1),0))*24*3600/$AF$2/10^6>$AF$3,$AF$3,AA14*DAY(EOMONTH(DATE($B14,$M$2,1),0))*24*3600/$AF$2/10^6) -> 50.497297 | N14: =IF(AB14*DAY(EOMONTH(DATE($B14,$N$2,1),0))*24*3600/$AF$2/10^6>$AF$3,$AF$3,AB14*DAY(EOMONTH(DATE($B14,$N$2,1),0))*24*3600/$AF$2/10^6) -> 24.461514 | O14: =SUM(C14:N14) -> 287.42535 | Q14: 44.4 | R14: 31.6 | S14: 21.5 | T14: 22 | U14: 41.2 | V14: 62.8 | W14: 66.7 | X14: 82 | Y14: 139 | Z14: 211 | AA14: 173 | AB14: 81.1 | AC14: =CORREL($Q$52:$V$52,Q14:V14) -> 0.48456318 | AD14: =SQRT(SUMXMY2($Q$52:$V$52,Q14:V14)) -> 38.389768
B15: 1989 | C15: =IF(Q15*DAY(EOMONTH(DATE($B15,$C$2,1),0))*24*3600/$AF$2/10^6>$AF$3,$AF$3,Q15*DAY(EOMONTH(DATE($B15,$C$2,1),0))*24*3600/$AF$2/10^6) -> 16.679676 | D15: =IF(R15*DAY(EOMONTH(DATE($B15,$D$2,1),0))*24*3600/$AF$2/10^6>$AF$3,$AF$3,R15*DAY(EOMONTH(DATE($B15,$D$2,1),0))*24*3600/$AF$2/10^6) -> 9.1537297 | E15: =IF(S15*DAY(EOMONTH(DATE($B15,$E$2,1),0))*24*3600/$AF$2/10^6>$AF$3,$AF$3,S15*DAY(EOMONTH(DATE($B15,$E$2,1),0))*24*3600/$AF$2/10^6) -> 9.4709189 | F15: =IF(T15*DAY(EOMONTH(DATE($B15,$F$2,1),0))*24*3600/$AF$2/10^6>$AF$3,$AF$3,T15*DAY(EOMONTH(DATE($B15,$F$2,1),0))*24*3600/$AF$2/10^6) -> 9.107027 | G15: =IF(U15*DAY(EOMONTH(DATE($B15,$G$2,1),0))*24*3600/$AF$2/10^6>$AF$3,$AF$3,U15*DAY(EOMONTH(DATE($B15,$G$2,1),0))*24*3600/$AF$2/10^6) -> 22.078703 | H15: =IF(V15*DAY(EOMONTH(DATE($B15,$H$2,1),0))*24*3600/$AF$2/10^6>$AF$3,$AF$3,V15*DAY(EOMONTH(DATE($B15,$H$2,1),0))*24*3600/$AF$2/10^6) -> 30.648649 | I15: =IF(W15*DAY(EOMONTH(DATE($B15,$I$2,1),0))*24*3600/$AF$2/10^6>$AF$3,$AF$3,W15*DAY(EOMONTH(DATE($B15,$I$2,1),0))*24*3600/$AF$2/10^6) -> 39.512432 | J15: =IF(X15*DAY(EOMONTH(DATE($B15,$J$2,1),0))*24*3600/$AF$2/10^6>$AF$3,$AF$3,X15*DAY(EOMONTH(DATE($B15,$J$2,1),0))*24*3600/$AF$2/10^6) -> 58.212973 | K15: =IF(Y15*DAY(EOMONTH(DATE($B15,$K$2,1),0))*24*3600/$AF$2/10^6>$AF$3,$AF$3,Y15*DAY(EOMONTH(DATE($B15,$K$2,1),0))*24*3600/$AF$2/10^6) -> 61.07 | L15: =IF(Z15*DAY(EOMONTH(DATE($B15,$L$2,1),0))*24*3600/$AF$2/10^6>$AF$3,$AF$3,Z15*DAY(EOMONTH(DATE($B15,$L$2,1),0))*24*3600/$AF$2/10^6) -> 52.180541 | M15: =IF(AA15*DAY(EOMONTH(DATE($B15,$M$2,1),0))*24*3600/$AF$2/10^6>$AF$3,$AF$3,AA15*DAY(EOMONTH(DATE($B15,$M$2,1),0))*24*3600/$AF$2/10^6) -> 27.408649 | N15: =IF(AB15*DAY(EOMONTH(DATE($B15,$N$2,1),0))*24*3600/$AF$2/10^6>$AF$3,$AF$3,AB15*DAY(EOMONTH(DATE($B15,$N$2,1),0))*24*3600/$AF$2/10^6) -> 16.981297 | O15: =SUM(C15:N15) -> 352.50459 | Q15: 55.3 | R15: 33.6 | S15: 31.4 | T15: 31.2 | U15: 73.2 | V15: 105 | W15: 131 | X15: 193 | Y15: 243 | Z15: 173 | AA15: 93.9 | AB15: 56.3 | AC15: =CORREL($Q$52:$V$52,Q15:V15) -> 0.23818191 | AD15: =SQRT(SUMXMY2($Q$52:$V$52,Q15:V15)) -> 70.991452
... B36: 2010 | C36: =IF(Q36*DAY(EOMONTH(DATE($B36,$C$2,1),0))*24*3600/$AF$2/10^6>$AF$3,$AF$3,Q36*DAY(EOMONTH(DATE($B36,$C$2,1),0))*24*3600/$AF$2/10^6) -> 16.034089 | D36: =IF(R36*DAY(EOMONTH(DATE($B36,$D$2,1),0))*24*3600/$AF$2/10^6>$AF$3,$AF$3,R36*DAY(EOMONTH(DATE($B36,$D$2,1),0))*24*3600/$AF$2/10^6) -> 9.0586411 | E36: =IF(S36*DAY(EOMONTH(DATE($B36,$E$2,1),0))*24*3600/$AF$2/10^6>$AF$3,$AF$3,S36*DAY(EOMONTH(DATE($B36,$E$2,1),0))*24*3600/$AF$2/10^6) -> 7.5094735 | F36: =IF(T36*DAY(EOMONTH(DATE($B36,$F$2,1),0))*24*3600/$AF$2/10^6>$AF$3,$AF$3,T36*DAY(EOMONTH(DATE($B36,$F$2,1),0))*24*3600/$AF$2/10^6) -> 7.7386377 | G36: =IF(U36*DAY(EOMONTH(DATE($B36,$G$2,1),0))*24*3600/$AF$2/10^6>$AF$3,$AF$3,U36*DAY(EOMONTH(DATE($B36,$G$2,1),0))*24*3600/$AF$2/10^6) -> 10.114521 | H36: =IF(V36*DAY(EOMONTH(DATE($B36,$H$2,1),0))*24*3600/$AF$2/10^6>$AF$3,$AF$3,V36*DAY(EOMONTH(DATE($B36,$H$2,1),0))*24*3600/$AF$2/10^6) -> 13.731733 | I36: =IF(W36*DAY(EOMONTH(DATE($B36,$I$2,1),0))*24*3600/$AF$2/10^6>$AF$3,$AF$3,W36*DAY(EOMONTH(DATE($B36,$I$2,1),0))*24*3600/$AF$2/10^6) -> 18.8506 | J36: =IF(X36*DAY(EOMONTH(DATE($B36,$J$2,1),0))*24*3600/$AF$2/10^6>$AF$3,$AF$3,X36*DAY(EOMONTH(DATE($B36,$J$2,1),0))*24*3600/$AF$2/10^6) -> 26.568457 | K36: =IF(Y36*DAY(EOMONTH(DATE($B36,$K$2,1),0))*24*3600/$AF$2/10^6>$AF$3,$AF$3,Y36*DAY(EOMONTH(DATE($B36,$K$2,1),0))*24*3600/$AF$2/10^6) -> 25.086843 | L36: =IF(Z36*DAY(EOMONTH(DATE($B36,$L$2,1),0))*24*3600/$AF$2/10^6>$AF$3,$AF$3,Z36*DAY(EOMONTH(DATE($B36,$L$2,1),0))*24*3600/$AF$2/10^6) -> 34.561051 | M36: =IF(AA36*DAY(EOMONTH(DATE($B36,$M$2,1),0))*24*3600/$AF$2/10^6>$AF$3,$AF$3,AA36*DAY(EOMONTH(DATE($B36,$M$2,1),0))*24*3600/$AF$2/10^6) -> 51.483054 | N36: =IF(AB36*DAY(EOMONTH(DATE($B36,$N$2,1),0))*24*3600/$AF$2/10^6>$AF$3,$AF$3,AB36*DAY(EOMONTH(DATE($B36,$N$2,1),0))*24*3600/$AF$2/10^6) -> 26.371265 | O36: =SUM(C36:N36) -> 247.10836 | Q36: 53.159613 | R36: 33.250964 | S36: 24.897 | T36: 26.512 | U36: 33.533806 | V36: 47.0439 | W36: 62.497509 | X36: 88.085387 | Y36: 85.945667 | Z36: 114.58413 | AA36: 176.37713 | AB36: 87.431613 | AC36: =CORREL($Q$52:$V$52,Q36:V36) -> 0.85846823 | AD36: =SQRT(SUMXMY2($Q$52:$V$52,Q36:V36)) -> 25.819165
B37: 2011 | C37: ='2011'!C3 -> 20.36022 | D37: ='2011'!D3 -> 13.2335 | E37: ='2011'!E3 -> 32.38392 | F37: ='2011'!F3 -> 22.10473 | G37: ='2011'!G3 -> 13.20159 | H37: ='2011'!H3 -> 23.40821 | I37: ='2011'!I3 -> 26.18775 | J37: ='2011'!J3 -> 32.64566 | ... N37: ='2011'!N3 -> 35.03804 | O37: =SUM(C37:N37) -> 341.43642 | Q37: 38.738901 | R37: 27.375714 | S37: 31.266452 | T37: 28.102333 | U37: 44.509282 | V37: 93.037875 | W37: 99.703548 | X37: 132.49587 | Y37: 178.27869 | Z37: 269.91674 | AA37: 114.62364 | AB37: 78.933501 | AC37: =CORREL($Q$52:$V$52,Q37:V37) -> 0.17901992 | AD37: =SQRT(SUMXMY2($Q$52:$V$52,Q37:V37)) -> 58.993029
B38: 2012 | C38: ='2012'!C3 -> 17.5932 | D38: ='2012'!D3 -> 24.94517 | E38: ='2012'!E3 -> 30.77642 | F38: ='2012'!F3 -> 18.33162 | G38: ='2012'!G3 -> 32.24081 | H38: ='2012'!H3 -> 18.23986 | I38: ='2012'!I3 -> 23.38631 | J38: ='2012'!J3 -> 24.5884 | ... N38: ='2012'!N3 -> 26.21386 | O38: =SUM(C38:N38) -> 344.01715 | Q38: 55.972894 | R38: 40.181793 | S38: 32.362718 | T38: 67.798986 | U38: 64.259356 | V38: 69.118346 | W38: 99.439609 | X38: 99.352768 | Y38: 216.54866 | Z38: 230.99618 | AA38: 85.825744 | AB38: 50.229207 | AC38: =CORREL($Q$52:$V$52,Q38:V38) -> -0.10875781 | AD38: =SQRT(SUMXMY2($Q$52:$V$52,Q38:V38)) -> 55.069693
B39: 2013 | C39: ='2013'!C3 -> 14.8712 | D39: ='2013'!D3 -> 12.562 | E39: ='2013'!E3 -> 19.8315 | F39: ='2013'!F3 -> 15.3008 | G39: ='2013'!G3 -> 14.8426 | H39: ='2013'!H3 -> 25.203587 | I39: ='2013'!I3 -> 28.0868 | J39: ='2013'!J3 -> 28.7976 | ... N39: ='2013'!N3 -> 23.6578 | O39: =SUM(C39:N39) -> 292.87429 | Q39: 41.046547 | R39: 28.786989 | S39: 25.524188 | T39: 31.451485 | U39: 50.590148 | V39: 99.378532 | W39: 133.13818 | X39: 128.81654 | Y39: 188.24695 | Z39: 161.7535 | AA39: 97.149583 | AB39: 56.430754 | AC39: =CORREL($Q$52:$V$52,Q39:V39) -> 0.16080644 | AD39: =SQRT(SUMXMY2($Q$52:$V$52,Q39:V39)) -> 64.745831
B40: 2014 | C40: ='2014'!C3 -> 25.793 | D40: ='2014'!D3 -> 25.0957 | E40: ='2014'!E3 -> 29.4891 | F40: ='2014'!F3 -> 14.04501 | G40: ='2014'!G3 -> 10.383187 | H40: ='2014'!H3 -> 19.245 | I40: ='2014'!I3 -> 42.0276 | J40: ='2014'!J3 -> 38.6109 | ... N40: ='2014'!N3 -> 17.038915 | O40: =SUM(C40:N40) -> 321.60531 | Q40: 35.14656 | R40: 27.159066 | S40: 23.631079 | T40: 40.349888 | U40: 51.112524 | V40: 91.451207 | W40: 161.7291 | X40: 192.08525 | Y40: 178.71935 | Z40: 117.00135 | AA40: 66.74421 | AB40: 56.586699 | AC40: =CORREL($Q$52:$V$52,Q40:V40) -> 0.00038336679 | AD40: =SQRT(SUMXMY2($Q$52:$V$52,Q40:V40)) -> 63.765078
B41: 2015 | C41: ='2015'!C3 -> 19.6557 | D41: ='2015'!D3 -> 16.1954 | E41: ='2015'!E3 -> 21.9926 | F41: ='2015'!F3 -> 19.5488 | G41: ='2015'!G3 -> 14.5856 | H41: ='2015'!H3 -> 16.866854 | I41: ='2015'!I3 -> 30.4535 | J41: ='2015'!J3 -> 23.6356 | ... N41: ='2015'!N3 -> 11.5308 | O41: =SUM(C41:N41) -> 197.92865 | Q41: 36.899219 | R41: 27.700378 | S41: 21.834744 | T41: 20.873681 | U41: 32.755231 | V41: 65.172759 | W41: 84.748947 | X41: 100.64194 | Y41: 89.368024 | Z41: 95.338733 | AA41: 65.611737 | AB41: 49.560215 | AC41: =CORREL($Q$52:$V$52,Q41:V41) -> 0.37653427 | AD41: =SQRT(SUMXMY2($Q$52:$V$52,Q41:V41)) -> 45.932626
B42: 2016 | C42: ='2016'!C3 -> 20.582 | D42: ='2016'!D3 -> 14.8163 | E42: ='2016'!E3 -> 17.2857 | F42: ='2016'!F3 -> 16.085 | G42: ='2016'!G3 -> 14.9197 | H42: ='2016'!H3 -> 13.799793 | I42: ='2016'!I3 -> 24.193315 | J42: ='2016'!J3 -> 24.424044 | ... N42: ='2016'!N3 -> 46.91089 | O42: =SUM(C42:N42) -> 294.45187 | Q42: 29.580185 | R42: 16.848667 | S42: 18.407985 | T42: 16.031015 | U42: 33.494147 | V42: 59.30572 | W42: 76.749817 | X42: 99.231311 | Y42: 121.8447 | Z42: 202.08879 | AA42: 187.22087 | AB42: 135.9685 | AC42: =CORREL($Q$52:$V$52,Q42:V42) -> 0.2774778 | AD42: =SQRT(SUMXMY2($Q$52:$V$52,Q42:V42)) -> 56.399292
B43: 2017 | C43: ='2017'!C3 -> 31.364886 | D43: ='2017'!D3 -> 21.60449 | E43: ='2017'!E3 -> 24.754403 | F43: ='2017'!F3 -> 30.05862 | G43: ='2017'!G3 -> 35.61779 | H43: ='2017'!H3 -> 49.377231 | I43: ='2017'!I3 -> 26.841632 | J43: ='2017'!J3 -> 41.756316 | ... N43: ='2017'!N3 -> 41.483337 | O43: =SUM(C43:N43) -> 474.12429 | Q43: 82.21947 | R43: 52.005773 | S43: 36.557854 | T43: 43.784482 | U43: 118.53983 | V43: 102.65489 | W43: 183.00931 | X43: 189.46759 | Y43: 162.03647 | Z43: 187.77008 | AA43: 185.45051 | AB43: 118.30959 | AC43: =CORREL($Q$52:$V$52,Q43:V43) -> 0.25292601 | AD43: =SQRT(SUMXMY2($Q$52:$V$52,Q43:V43)) -> 100.74344
B44: 2018 | C44: ='2018'!C3 -> 29.766293 | D44: ='2018'!D3 -> 25.200817 | E44: ='2018'!E3 -> 30.107096 | F44: ='2018'!F3 -> 24.195173 | G44: ='2018'!G3 -> 15.15389 | H44: ='2018'!H3 -> 20.327558 | I44: ='2018'!I3 -> 30.515135 | J44: ='2018'!J3 -> 39.90778 | ... N44: ='2018'!N3 -> 27.942358 | O44: =SUM(C44:N44) -> 377.92104 | Q44: 60.156741 | R44: 39.041922 | S44: 36.131442 | T44: 29.832383 | U44: 53.66219 | V44: 69.586727 | W44: 144.02002 | X44: 225.96623 | Y44: 218.48003 | Z44: 116.32079 | AA44: 91.773558 | AB44: 84.96806 | AC44: =CORREL($Q$52:$V$52,Q44:V44) -> 0.61707931 | AD44: =SQRT(SUMXMY2($Q$52:$V$52,Q44:V44)) -> 30.176182
B45: 2019 | C45: ='2019'!C3 -> 22.552582 | D45: ='2019'!D3 -> 20.843499 | E45: ='2019'!E3 -> 29.454129 | F45: ='2019'!F3 -> 20.305261 | G45: ='2019'!G3 -> 13.686037 | H45: ='2019'!H3 -> 10.809939 | I45: ='2019'!I3 -> 12.072376 | J45: ='2019'!J3 -> 35.882241 | ... N45: ='2019'!N3 -> 24.291548 | O45: =SUM(C45:N45) -> 309.57582 | Q45: 71.103282 | R45: 33.986028 | S45: 27.042327 | T45: 29.647688 | U45: 32.275658 | V45: 46.812663 | W45: 63.078359 | X45: 151.61793 | Y45: 234.25468 | Z45: 107.68454 | AA45: 167.07582 | AB45: 66.735623 | AC45: =CORREL($Q$52:$V$52,Q45:V45) -> 0.93083595 | AD45: =SQRT(SUMXMY2($Q$52:$V$52,Q45:V45)) -> 17.808261
B46: 2020 | C46: ='2020'!C3 -> 24.566247 | D46: ='2020'!D3 -> 22.680795 | E46: ='2020'!E3 -> 25.492475 | F46: ='2020'!F3 -> 14.732552 | G46: ='2020'!G3 -> 13.924613 | H46: ='2020'!H3 -> 10.573797 | I46: ='2020'!I3 -> 21.065653 | J46: ='2020'!J3 -> 36.942778 | ... N46: ='2020'!N3 -> 43.477065 | O46: =SUM(C46:N46) -> 320.8992 | Q46: 38.335743 | R46: 30.678343 | S46: 21.352688 | T46: 21.049056 | U46: 20.578763 | V46: 56.8435 | W46: 81.693978 | X46: 161.20344 | Y46: 148.64895 | Z46: 207.94839 | AA46: 154.26261 | AB46: 120.95 | AC46: =CORREL($Q$52:$V$52,Q46:V46) -> 0.53441901 | AD46: =SQRT(SUMXMY2($Q$52:$V$52,Q46:V46)) -> 44.392945
B47: 2021 | C47: ='2021'!C3 -> 29.164322 | D47: ='2021'!D3 -> 26.659042 | E47: ='2021'!E3 -> 29.322748 | F47: ='2021'!F3 -> 17.608157 | G47: ='2021'!G3 -> 14.824697 | H47: ='2021'!H3 -> 11.728077 | I47: ='2021'!I3 -> 19.794796 | J47: ='2021'!J3 -> 20.401461 | ... N47: ='2021'!N3 -> 42.598994 | O47: =SUM(C47:N47) -> 339.82087 | Q47: 58.965484 | R47: 38.899464 | S47: 25.662796 | T47: 32.283333 | U47: 39.448387 | V47: 43.9515 | W47: 74.111022 | X47: 86.702097 | Y47: 191.96167 | Z47: 257.33812 | AA47: 189.4975 | AB47: 132.20188 | AC47: =CORREL($Q$52:$V$52,Q47:V47) -> 0.85247946 | AD47: =SQRT(SUMXMY2($Q$52:$V$52,Q47:V47)) -> 20.137976
B48: 2022 | C48: ='2022'!C3 -> 33.846495 | D48: ='2022'!D3 -> 26.111035 | E48: ='2022'!E3 -> 29.464168 | F48: ='2022'!F3 -> 23.123994 | G48: ='2022'!G3 -> 24.26412 | H48: ='2022'!H3 -> 19.669999 | I48: ='2022'!I3 -> 33.584183 | J48: ='2022'!J3 -> 33.506472 | ... N48: ='2022'!N3 -> 26.922136 | O48: =SUM(C48:N48) -> 389.62163 | Q48: 63.148602 | R48: 48.989226 | S48: 35.236559 | T48: 40.715333 | U48: 81.48172 | V48: 90.426889 | W48: 119.99634 | X48: 197.58253 | Y48: 186.16006 | Z48: 154.82903 | AA48: 92.518556 | AB48: 76.388763 | AC48: =CORREL($Q$52:$V$52,Q48:V48) -> 0.26519701 | AD48: =SQRT(SUMXMY2($Q$52:$V$52,Q48:V48)) -> 63.784128
B49: 2023 | C49: ='2023'!C3 -> 26.196023 | D49: ='2023'!D3 -> 28.209338 | E49: ='2023'!E3 -> 28.871706 | F49: ='2023'!F3 -> 23.975395 | G49: ='2023'!G3 -> 7.3071525 | H49: ='2023'!H3 -> 18.939634 | I49: ='2023'!I3 -> 27.245995 | J49: ='2023'!J3 -> 42.1535 | ... N49: ='2023'!N3 -> 31.564489 | O49: =SUM(C49:N49) -> 390.37702 | Q49: 65.299086 | R49: 36.709524 | S49: 22.855645 | T49: 27.988111 | U49: 48.204839 | V49: 83.425333 | W49: 171.28839 | X49: 200.94759 | Y49: 206.59583 | Z49: 169.93817 | AA49: 123.92639 | AB49: 83 | AC49: =CORREL($Q$52:$V$52,Q49:V49) -> 0.58945569 | AD49: =SQRT(SUMXMY2($Q$52:$V$52,Q49:V49)) -> 42.621742
B50: 2024 | C50: ='2024'!C3 -> 27.937672 | D50: ='2024'!D3 -> 20.617662 | E50: ='2024'!E3 -> 18.585531 | F50: ='2024'!F3 -> 17.219772 | G50: ='2024'!G3 -> 15.081443 | H50: ='2024'!H3 -> 23.646055 | I50: ='2024'!I3 -> 25.25175 | J50: ='2024'!J3 -> 41.779786 | ... N50: ='2024'!N3 -> 19.430501 | O50: =SUM(C50:N50) -> 344.37455 | P50: ←Thực phát | Q50: 42.162626 | R50: 32.27 | S50: 20.516132 | T50: 23.573613 | U50: 55.27151 | V50: 51.7 | W50: 142.8629 | X50: 140.49597 | Y50: 240.575 | Z50: 137.51209 | AA50: 113.1713 | AB50: 112.09678 | AC50: =CORREL($Q$52:$V$52,Q50:V50) -> 0.31267287 | AD50: =SQRT(SUMXMY2($Q$52:$V$52,Q50:V50)) -> 41.138968
B51: 2025 | C51: 22.818878 | D51: 21.439379 | E51: 23.509354 | F51: 22.266451 | G51: 26.197557 | H51: 27.237136 | I51: 36.338287 | J51: 36.402519 | K51: 46.94247 | L51: 57.272962 | M51: 57.510297 | N51: 50.936517 | O51: =SUM(C51:N51) -> 428.87181 | P51: ←Thực phát | Q51: 58.057797 | R51: 38.39 | S51: 31.147848 | T51: 31.900007 | U51: 59.98 | V51: 106.77638 | W51: 110.53091 | X51: 136.34812 | Y51: 244.45555 | Z51: 200.34005 | AA51: 316.82361 | AB51: 148.00941 | AC51: =CORREL($Q$52:$V$52,Q51:V51) -> 0.32831671 | AD51: =SQRT(SUMXMY2($Q$52:$V$52,Q51:V51)) -> 65.765106
B52: 2026 | C52: 26.021294 | D52: 24.001324 | E52: 27.454286 | F52: 24.151494 | G52: 18.922208 | H52: 18.093757 | Q52: 69.9 | R52: 44.2 | S52: 40.7 | T52: 28.51 | U52: 37.09 | V52: 47.41
B55: 2025 | C55: =FORECAST($B$55,C37:C50,$B$37:$B$50) -> 31.452693 | D55: =FORECAST($B$55,D37:D50,$B$37:$B$50) -> 26.597475 | E55: =FORECAST($B$55,E37:E50,$B$37:$B$50) -> 25.358337 | F55: =FORECAST($B$55,F37:F50,$B$37:$B$50) -> 21.022996 | G55: =FORECAST($B$55,G37:G50,$B$37:$B$50) -> 14.484499 | H55: =FORECAST($B$55,H37:H50,$B$37:$B$50) -> 17.475359 | I55: =FORECAST($B$55,I37:I50,$B$37:$B$50) -> 23.915982 | J55: =FORECAST($B$55,J37:J50,$B$37:$B$50) -> 38.589172 | ... N55: =FORECAST($B$55,N37:N50,$B$37:$B$50) -> 32.214736 | O55: =SUM(C55:N55) -> 373.28899 | P55: ←Dự báo theo sản lượng thực phát
B56: 2025 | C56: 17.43459 | D56: 10.85843 | E56: 9.1137059 | F56: 10.11481 | G56: 16.792473 | H56: 20.334433 | I56: 34.27039 | J56: 46.953234 | K56: 50.969652 | L56: 48.942274 | M56: 37.594312 | N56: 29.244139 | O56: =SUM(C56:N56) -> 332.62244 | P56: ←tính từ Qv dự báo
B58: 2026 | C58: =FORECAST($B$58,C37:C51,$B$37:$B$51) -> 30.065465 | D58: =FORECAST($B$58,D37:D51,$B$37:$B$51) -> 25.922839 | E58: =FORECAST($B$58,E37:E51,$B$37:$B$51) -> 24.74342 | F58: =FORECAST($B$58,F37:F51,$B$37:$B$51) -> 21.523032 | G58: =FORECAST($B$58,G37:G51,$B$37:$B$51) -> 17.253217 | H58: =FORECAST($B$58,H37:H51,$B$37:$B$51) -> 19.724399 | I58: =FORECAST($B$58,I37:I51,$B$37:$B$51) -> 26.886854 | J58: =FORECAST($B$58,J37:J51,$B$37:$B$51) -> 38.722407 | ... N58: =FORECAST($B$58,N37:N51,$B$37:$B$51) -> 37.520597 | O58: =SUM(C58:N58) -> 392.74934 | P58: ←Dự báo theo sản lượng thực phát | S58: 0.7
C59: 13.781805 | D59: 8.7962209 | E59: 7.4411296 | F59: 6.8743897 | G59: 10.659418 | H59: 20.826642 | I59: 26.05888 | J59: 51.720009 | K59: 56.508016 | L59: 61.071907 | M59: 39.369531 | N59: 25.679651 | O59: =SUM(C59:N59) -> 328.7876 | P59: ←tính từ Qv dự báo | S59: 0.3
C60: =C58*$S$58+C59*$S$59 -> 25.180367 | D60: =D58*$S$58+D59*$S$59 -> 20.784853 | E60: =E58*$S$58+E59*$S$59 -> 19.552733 | F60: =F58*$S$58+F59*$S$59 -> 17.12844 | G60: =G58*$S$58+G59*$S$59 -> 15.275077 | H60: =H58*$S$58+H59*$S$59 -> 20.055072 | I60: =I58*$S$58+I59*$S$59 -> 26.638461 | J60: =J58*$S$58+J59*$S$59 -> 42.621687 | ... N60: =N58*$S$58+N59*$S$59 -> 33.968313 | O60: =SUM(C60:N60) -> 373.56082 | P60: ←tính gộp 7 phần sản lượng, 3 phần lưu lượng

Sheet SP3
C1: Sản lượng [tr.kWh] | Q1: Lưu lượng [m3/s]
C2: 1 | D2: 2 | E2: 3 | F2: 4 | G2: 5 | H2: 6 | I2: 7 | J2: 8 | K2: 9 | L2: 10 | M2: 11 | N2: 12 | O2: Tổng | Q2: 1 | R2: 2 | S2: 3 | T2: 4 | U2: 5 | V2: 6 | W2: 7 | X2: 8 | Y2: 9 | Z2: 10 | AA2: 11 | AB2: 12 | AD2: SHN | AE2: 6.55 | AF2: m3/khw
B3: 1977 | C3: =IF(Q3*DAY(EOMONTH(DATE($B3,$C$2,1),0))*24*3600/$AE$2/10^6>$AE$3,$AE$3,Q3*DAY(EOMONTH(DATE($B3,$C$2,1),0))*24*3600/$AE$2/10^6) -> 32.958632 | D3: =IF(R3*DAY(EOMONTH(DATE($B3,$D$2,1),0))*24*3600/$AE$2/10^6>$AE$3,$AE$3,R3*DAY(EOMONTH(DATE($B3,$D$2,1),0))*24*3600/$AE$2/10^6) -> 20.646302 | E3: =IF(S3*DAY(EOMONTH(DATE($B3,$E$2,1),0))*24*3600/$AE$2/10^6>$AE$3,$AE$3,S3*DAY(EOMONTH(DATE($B3,$E$2,1),0))*24*3600/$AE$2/10^6) -> 15.497918 | F3: =IF(T3*DAY(EOMONTH(DATE($B3,$F$2,1),0))*24*3600/$AE$2/10^6>$AE$3,$AE$3,T3*DAY(EOMONTH(DATE($B3,$F$2,1),0))*24*3600/$AE$2/10^6) -> 10.288855 | G3: =IF(U3*DAY(EOMONTH(DATE($B3,$G$2,1),0))*24*3600/$AE$2/10^6>$AE$3,$AE$3,U3*DAY(EOMONTH(DATE($B3,$G$2,1),0))*24*3600/$AE$2/10^6) -> 12.390156 | H3: =IF(V3*DAY(EOMONTH(DATE($B3,$H$2,1),0))*24*3600/$AE$2/10^6>$AE$3,$AE$3,V3*DAY(EOMONTH(DATE($B3,$H$2,1),0))*24*3600/$AE$2/10^6) -> 14.325252 | I3: =IF(W3*DAY(EOMONTH(DATE($B3,$I$2,1),0))*24*3600/$AE$2/10^6>$AE$3,$AE$3,W3*DAY(EOMONTH(DATE($B3,$I$2,1),0))*24*3600/$AE$2/10^6) -> 41.791218 | J3: =IF(X3*DAY(EOMONTH(DATE($B3,$J$2,1),0))*24*3600/$AE$2/10^6>$AE$3,$AE$3,X3*DAY(EOMONTH(DATE($B3,$J$2,1),0))*24*3600/$AE$2/10^6) -> 42.07746 | K3: =IF(Y3*DAY(EOMONTH(DATE($B3,$K$2,1),0))*24*3600/$AE$2/10^6>$AE$3,$AE$3,Y3*DAY(EOMONTH(DATE($B3,$K$2,1),0))*24*3600/$AE$2/10^6) -> 136.64391 | L3: =IF(Z3*DAY(EOMONTH(DATE($B3,$L$2,1),0))*24*3600/$AE$2/10^6>$AE$3,$AE$3,Z3*DAY(EOMONTH(DATE($B3,$L$2,1),0))*24*3600/$AE$2/10^6) -> 130.85313 | M3: =IF(AA3*DAY(EOMONTH(DATE($B3,$M$2,1),0))*24*3600/$AE$2/10^6>$AE$3,$AE$3,AA3*DAY(EOMONTH(DATE($B3,$M$2,1),0))*24*3600/$AE$2/10^6) -> 72.615573 | N3: =IF(AB3*DAY(EOMONTH(DATE($B3,$N$2,1),0))*24*3600/$AE$2/10^6>$AE$3,$AE$3,AB3*DAY(EOMONTH(DATE($B3,$N$2,1),0))*24*3600/$AE$2/10^6) -> 37.334034 | O3: =SUM(C3:N3) -> 567.42244 | Q3: 80.6 | R3: 55.9 | S3: 37.9 | T3: 26 | U3: 30.3 | V3: 36.2 | W3: 102.2 | X3: 102.9 | Y3: 345.3 | Z3: 320 | AA3: 183.5 | AB3: 91.3 | AD3: A_max | AE3: 154.08 | AF3: tr.kwh
B4: 1978 | C4: =IF(Q4*DAY(EOMONTH(DATE($B4,$C$2,1),0))*24*3600/$AE$2/10^6>$AE$3,$AE$3,Q4*DAY(EOMONTH(DATE($B4,$C$2,1),0))*24*3600/$AE$2/10^6) -> 21.877008 | D4: =IF(R4*DAY(EOMONTH(DATE($B4,$D$2,1),0))*24*3600/$AE$2/10^6>$AE$3,$AE$3,R4*DAY(EOMONTH(DATE($B4,$D$2,1),0))*24*3600/$AE$2/10^6) -> 13.259432 | E4: =IF(S4*DAY(EOMONTH(DATE($B4,$E$2,1),0))*24*3600/$AE$2/10^6>$AE$3,$AE$3,S4*DAY(EOMONTH(DATE($B4,$E$2,1),0))*24*3600/$AE$2/10^6) -> 13.330663 | F4: =IF(T4*DAY(EOMONTH(DATE($B4,$F$2,1),0))*24*3600/$AE$2/10^6>$AE$3,$AE$3,T4*DAY(EOMONTH(DATE($B4,$F$2,1),0))*24*3600/$AE$2/10^6) -> 11.792611 | G4: =IF(U4*DAY(EOMONTH(DATE($B4,$G$2,1),0))*24*3600/$AE$2/10^6>$AE$3,$AE$3,U4*DAY(EOMONTH(DATE($B4,$G$2,1),0))*24*3600/$AE$2/10^6) -> 29.319279 | H4: =IF(V4*DAY(EOMONTH(DATE($B4,$H$2,1),0))*24*3600/$AE$2/10^6>$AE$3,$AE$3,V4*DAY(EOMONTH(DATE($B4,$H$2,1),0))*24*3600/$AE$2/10^6) -> 32.093313 | I4: =IF(W4*DAY(EOMONTH(DATE($B4,$I$2,1),0))*24*3600/$AE$2/10^6>$AE$3,$AE$3,W4*DAY(EOMONTH(DATE($B4,$I$2,1),0))*24*3600/$AE$2/10^6) -> 69.720183 | J4: =IF(X4*DAY(EOMONTH(DATE($B4,$J$2,1),0))*24*3600/$AE$2/10^6>$AE$3,$AE$3,X4*DAY(EOMONTH(DATE($B4,$J$2,1),0))*24*3600/$AE$2/10^6) -> 108.52631 | K4: =IF(Y4*DAY(EOMONTH(DATE($B4,$K$2,1),0))*24*3600/$AE$2/10^6>$AE$3,$AE$3,Y4*DAY(EOMONTH(DATE($B4,$K$2,1),0))*24*3600/$AE$2/10^6) -> 154.08 | L4: =IF(Z4*DAY(EOMONTH(DATE($B4,$L$2,1),0))*24*3600/$AE$2/10^6>$AE$3,$AE$3,Z4*DAY(EOMONTH(DATE($B4,$L$2,1),0))*24*3600/$AE$2/10^6) -> 154.08 | M4: =IF(AA4*DAY(EOMONTH(DATE($B4,$M$2,1),0))*24*3600/$AE$2/10^6>$AE$3,$AE$3,AA4*DAY(EOMONTH(DATE($B4,$M$2,1),0))*24*3600/$AE$2/10^6) -> 144.83542 | N4: =IF(AB4*DAY(EOMONTH(DATE($B4,$N$2,1),0))*24*3600/$AE$2/10^6>$AE$3,$AE$3,AB4*DAY(EOMONTH(DATE($B4,$N$2,1),0))*24*3600/$AE$2/10^6) -> 68.37076 | O4: =SUM(C4:N4) -> 821.28498 | Q4: 53.5 | R4: 35.9 | S4: 32.6 | T4: 29.8 | U4: 71.7 | V4: 81.1 | W4: 170.5 | X4: 265.4 | Y4: 405.3 | Z4: 505.7 | AA4: 366 | AB4: 167.2
B5: 1979 | C5: =IF(Q5*DAY(EOMONTH(DATE($B5,$C$2,1),0))*24*3600/$AE$2/10^6>$AE$3,$AE$3,Q5*DAY(EOMONTH(DATE($B5,$C$2,1),0))*24*3600/$AE$2/10^6) -> 38.928806 | D5: =IF(R5*DAY(EOMONTH(DATE($B5,$D$2,1),0))*24*3600/$AE$2/10^6>$AE$3,$AE$3,R5*DAY(EOMONTH(DATE($B5,$D$2,1),0))*24*3600/$AE$2/10^6) -> 20.055353 | E5: =IF(S5*DAY(EOMONTH(DATE($B5,$E$2,1),0))*24*3600/$AE$2/10^6>$AE$3,$AE$3,S5*DAY(EOMONTH(DATE($B5,$E$2,1),0))*24*3600/$AE$2/10^6) -> 14.107603 | F5: =IF(T5*DAY(EOMONTH(DATE($B5,$F$2,1),0))*24*3600/$AE$2/10^6>$AE$3,$AE$3,T5*DAY(EOMONTH(DATE($B5,$F$2,1),0))*24*3600/$AE$2/10^6) -> 14.166962 | G5: =IF(U5*DAY(EOMONTH(DATE($B5,$G$2,1),0))*24*3600/$AE$2/10^6>$AE$3,$AE$3,U5*DAY(EOMONTH(DATE($B5,$G$2,1),0))*24*3600/$AE$2/10^6) -> 25.843493 | H5: =IF(V5*DAY(EOMONTH(DATE($B5,$H$2,1),0))*24*3600/$AE$2/10^6>$AE$3,$AE$3,V5*DAY(EOMONTH(DATE($B5,$H$2,1),0))*24*3600/$AE$2/10^6) -> 58.211176 | I5: =IF(W5*DAY(EOMONTH(DATE($B5,$I$2,1),0))*24*3600/$AE$2/10^6>$AE$3,$AE$3,W5*DAY(EOMONTH(DATE($B5,$I$2,1),0))*24*3600/$AE$2/10^6) -> 121.36628 | J5: =IF(X5*DAY(EOMONTH(DATE($B5,$J$2,1),0))*24*3600/$AE$2/10^6>$AE$3,$AE$3,X5*DAY(EOMONTH(DATE($B5,$J$2,1),0))*24*3600/$AE$2/10^6) -> 142.46635 | K5: =IF(Y5*DAY(EOMONTH(DATE($B5,$K$2,1),0))*24*3600/$AE$2/10^6>$AE$3,$AE$3,Y5*DAY(EOMONTH(DATE($B5,$K$2,1),0))*24*3600/$AE$2/10^6) -> 88.721588 | L5: =IF(Z5*DAY(EOMONTH(DATE($B5,$L$2,1),0))*24*3600/$AE$2/10^6>$AE$3,$AE$3,Z5*DAY(EOMONTH(DATE($B5,$L$2,1),0))*24*3600/$AE$2/10^6) -> 154.08 | M5: =IF(AA5*DAY(EOMONTH(DATE($B5,$M$2,1),0))*24*3600/$AE$2/10^6>$AE$3,$AE$3,AA5*DAY(EOMONTH(DATE($B5,$M$2,1),0))*24*3600/$AE$2/10^6) -> 126.55292 | N5: =IF(AB5*DAY(EOMONTH(DATE($B5,$N$2,1),0))*24*3600/$AE$2/10^6>$AE$3,$AE$3,AB5*DAY(EOMONTH(DATE($B5,$N$2,1),0))*24*3600/$AE$2/10^6) -> 98.303414 | O5: =SUM(C5:N5) -> 902.80393 | Q5: 95.2 | R5: 54.3 | S5: 34.5 | T5: 35.8 | U5: 63.2 | V5: 147.1 | W5: 296.8 | X5: 348.4 | Y5: 224.2 | Z5: 412.7 | AA5: 319.8 | AB5: 240.4
B6: 1980 | C6: =IF(Q6*DAY(EOMONTH(DATE($B6,$C$2,1),0))*24*3600/$AE$2/10^6>$AE$3,$AE$3,Q6*DAY(EOMONTH(DATE($B6,$C$2,1),0))*24*3600/$AE$2/10^6) -> 47.516043 | D6: =IF(R6*DAY(EOMONTH(DATE($B6,$D$2,1),0))*24*3600/$AE$2/10^6>$AE$3,$AE$3,R6*DAY(EOMONTH(DATE($B6,$D$2,1),0))*24*3600/$AE$2/10^6) -> 31.40607 | E6: =IF(S6*DAY(EOMONTH(DATE($B6,$E$2,1),0))*24*3600/$AE$2/10^6>$AE$3,$AE$3,S6*DAY(EOMONTH(DATE($B6,$E$2,1),0))*24*3600/$AE$2/10^6) -> 24.412287 | F6: =IF(T6*DAY(EOMONTH(DATE($B6,$F$2,1),0))*24*3600/$AE$2/10^6>$AE$3,$AE$3,T6*DAY(EOMONTH(DATE($B6,$F$2,1),0))*24*3600/$AE$2/10^6) -> 22.516763 | G6: =IF(U6*DAY(EOMONTH(DATE($B6,$G$2,1),0))*24*3600/$AE$2/10^6>$AE$3,$AE$3,U6*DAY(EOMONTH(DATE($B6,$G$2,1),0))*24*3600/$AE$2/10^6) -> 41.259627 | H6: =IF(V6*DAY(EOMONTH(DATE($B6,$H$2,1),0))*24*3600/$AE$2/10^6>$AE$3,$AE$3,V6*DAY(EOMONTH(DATE($B6,$H$2,1),0))*24*3600/$AE$2/10^6) -> 65.967389 | I6: =IF(W6*DAY(EOMONTH(DATE($B6,$I$2,1),0))*24*3600/$AE$2/10^6>$AE$3,$AE$3,W6*DAY(EOMONTH(DATE($B6,$I$2,1),0))*24*3600/$AE$2/10^6) -> 76.549081 | J6: =IF(X6*DAY(EOMONTH(DATE($B6,$J$2,1),0))*24*3600/$AE$2/10^6>$AE$3,$AE$3,X6*DAY(EOMONTH(DATE($B6,$J$2,1),0))*24*3600/$AE$2/10^6) -> 87.017331 | K6: =IF(Y6*DAY(EOMONTH(DATE($B6,$K$2,1),0))*24*3600/$AE$2/10^6>$AE$3,$AE$3,Y6*DAY(EOMONTH(DATE($B6,$K$2,1),0))*24*3600/$AE$2/10^6) -> 154.08 | L6: =IF(Z6*DAY(EOMONTH(DATE($B6,$L$2,1),0))*24*3600/$AE$2/10^6>$AE$3,$AE$3,Z6*DAY(EOMONTH(DATE($B6,$L$2,1),0))*24*3600/$AE$2/10^6) -> 154.08 | M6: =IF(AA6*DAY(EOMONTH(DATE($B6,$M$2,1),0))*24*3600/$AE$2/10^6>$AE$3,$AE$3,AA6*DAY(EOMONTH(DATE($B6,$M$2,1),0))*24*3600/$AE$2/10^6) -> 154.08 | N6: =IF(AB6*DAY(EOMONTH(DATE($B6,$N$2,1),0))*24*3600/$AE$2/10^6>$AE$3,$AE$3,AB6*DAY(EOMONTH(DATE($B6,$N$2,1),0))*24*3600/$AE$2/10^6) -> 98.180739 | O6: =SUM(C6:N6) -> 957.06533 | Q6: 116.2 | R6: 82.1 | S6: 59.7 | T6: 56.9 | U6: 100.9 | V6: 166.7 | W6: 187.2 | X6: 212.8 | Y6: 497.1 | Z6: 484.8 | AA6: 530.5 | AB6: 240.1
B7: 1981 | C7: =IF(Q7*DAY(EOMONTH(DATE($B7,$C$2,1),0))*24*3600/$AE$2/10^6>$AE$3,$AE$3,Q7*DAY(EOMONTH(DATE($B7,$C$2,1),0))*24*3600/$AE$2/10^6) -> 51.196287 | D7: =IF(R7*DAY(EOMONTH(DATE($B7,$D$2,1),0))*24*3600/$AE$2/10^6>$AE$3,$AE$3,R7*DAY(EOMONTH(DATE($B7,$D$2,1),0))*24*3600/$AE$2/10^6) -> 33.093179 | E7: =IF(S7*DAY(EOMONTH(DATE($B7,$E$2,1),0))*24*3600/$AE$2/10^6>$AE$3,$AE$3,S7*DAY(EOMONTH(DATE($B7,$E$2,1),0))*24*3600/$AE$2/10^6) -> 23.308214 | F7: =IF(T7*DAY(EOMONTH(DATE($B7,$F$2,1),0))*24*3600/$AE$2/10^6>$AE$3,$AE$3,T7*DAY(EOMONTH(DATE($B7,$F$2,1),0))*24*3600/$AE$2/10^6) -> 21.764885 | G7: =IF(U7*DAY(EOMONTH(DATE($B7,$G$2,1),0))*24*3600/$AE$2/10^6>$AE$3,$AE$3,U7*DAY(EOMONTH(DATE($B7,$G$2,1),0))*24*3600/$AE$2/10^6) -> 35.493911 | H7: =IF(V7*DAY(EOMONTH(DATE($B7,$H$2,1),0))*24*3600/$AE$2/10^6>$AE$3,$AE$3,V7*DAY(EOMONTH(DATE($B7,$H$2,1),0))*24*3600/$AE$2/10^6) -> 84.764336 | I7: =IF(W7*DAY(EOMONTH(DATE($B7,$I$2,1),0))*24*3600/$AE$2/10^6>$AE$3,$AE$3,W7*DAY(EOMONTH(DATE($B7,$I$2,1),0))*24*3600/$AE$2/10^6) -> 72.787053 | J7: =IF(X7*DAY(EOMONTH(DATE($B7,$J$2,1),0))*24*3600/$AE$2/10^6>$AE$3,$AE$3,X7*DAY(EOMONTH(DATE($B7,$J$2,1),0))*24*3600/$AE$2/10^6) -> 154.08 | K7: =IF(Y7*DAY(EOMONTH(DATE($B7,$K$2,1),0))*24*3600/$AE$2/10^6>$AE$3,$AE$3,Y7*DAY(EOMONTH(DATE($B7,$K$2,1),0))*24*3600/$AE$2/10^6) -> 111.47579 | L7: =IF(Z7*DAY(EOMONTH(DATE($B7,$L$2,1),0))*24*3600/$AE$2/10^6>$AE$3,$AE$3,Z7*DAY(EOMONTH(DATE($B7,$L$2,1),0))*24*3600/$AE$2/10^6) -> 154.08 | M7: =IF(AA7*DAY(EOMONTH(DATE($B7,$M$2,1),0))*24*3600/$AE$2/10^6>$AE$3,$AE$3,AA7*DAY(EOMONTH(DATE($B7,$M$2,1),0))*24*3600/$AE$2/10^6) -> 154.08 | N7: =IF(AB7*DAY(EOMONTH(DATE($B7,$N$2,1),0))*24*3600/$AE$2/10^6>$AE$3,$AE$3,AB7*DAY(EOMONTH(DATE($B7,$N$2,1),0))*24*3600/$AE$2/10^6) -> 154.08 | O7: =SUM(C7:N7) -> 1050.2037 | Q7: 125.2 | R7: 89.6 | S7: 57 | T7: 55 | U7: 86.8 | V7: 214.2 | W7: 178 | X7: 442 | Y7: 281.7 | Z7: 675.8 | AA7: 784.9 | AB7: 441.4
B8: 1982 | C8: =IF(Q8*DAY(EOMONTH(DATE($B8,$C$2,1),0))*24*3600/$AE$2/10^6>$AE$3,$AE$3,Q8*DAY(EOMONTH(DATE($B8,$C$2,1),0))*24*3600/$AE$2/10^6) -> 72.582595 | D8: =IF(R8*DAY(EOMONTH(DATE($B8,$D$2,1),0))*24*3600/$AE$2/10^6>$AE$3,$AE$3,R8*DAY(EOMONTH(DATE($B8,$D$2,1),0))*24*3600/$AE$2/10^6) -> 35.678583 | E8: =IF(S8*DAY(EOMONTH(DATE($B8,$E$2,1),0))*24*3600/$AE$2/10^6>$AE$3,$AE$3,S8*DAY(EOMONTH(DATE($B8,$E$2,1),0))*24*3600/$AE$2/10^6) -> 27.152024 | F8: =IF(T8*DAY(EOMONTH(DATE($B8,$F$2,1),0))*24*3600/$AE$2/10^6>$AE$3,$AE$3,T8*DAY(EOMONTH(DATE($B8,$F$2,1),0))*24*3600/$AE$2/10^6) -> 27.423756 | G8: =IF(U8*DAY(EOMONTH(DATE($B8,$G$2,1),0))*24*3600/$AE$2/10^6>$AE$3,$AE$3,U8*DAY(EOMONTH(DATE($B8,$G$2,1),0))*24*3600/$AE$2/10^6) -> 30.914052 | H8: =IF(V8*DAY(EOMONTH(DATE($B8,$H$2,1),0))*24*3600/$AE$2/10^6>$AE$3,$AE$3,V8*DAY(EOMONTH(DATE($B8,$H$2,1),0))*24*3600/$AE$2/10^6) -> 70.636947 | I8: =IF(W8*DAY(EOMONTH(DATE($B8,$I$2,1),0))*24*3600/$AE$2/10^6>$AE$3,$AE$3,W8*DAY(EOMONTH(DATE($B8,$I$2,1),0))*24*3600/$AE$2/10^6) -> 80.352 | J8: =IF(X8*DAY(EOMONTH(DATE($B8,$J$2,1),0))*24*3600/$AE$2/10^6>$AE$3,$AE$3,X8*DAY(EOMONTH(DATE($B8,$J$2,1),0))*24*3600/$AE$2/10^6) -> 67.59382 | K8: =IF(Y8*DAY(EOMONTH(DATE($B8,$K$2,1),0))*24*3600/$AE$2/10^6>$AE$3,$AE$3,Y8*DAY(EOMONTH(DATE($B8,$K$2,1),0))*24*3600/$AE$2/10^6) -> 154.08 | L8: =IF(Z8*DAY(EOMONTH(DATE($B8,$L$2,1),0))*24*3600/$AE$2/10^6>$AE$3,$AE$3,Z8*DAY(EOMONTH(DATE($B8,$L$2,1),0))*24*3600/$AE$2/10^6) -> 110.28465 | M8: =IF(AA8*DAY(EOMONTH(DATE($B8,$M$2,1),0))*24*3600/$AE$2/10^6>$AE$3,$AE$3,AA8*DAY(EOMONTH(DATE($B8,$M$2,1),0))*24*3600/$AE$2/10^6) -> 63.672183 | N8: =IF(AB8*DAY(EOMONTH(DATE($B8,$N$2,1),0))*24*3600/$AE$2/10^6>$AE$3,$AE$3,AB8*DAY(EOMONTH(DATE($B8,$N$2,1),0))*24*3600/$AE$2/10^6) -> 38.601673 | O8: =SUM(C8:N8) -> 778.97229 | Q8: 177.5 | R8: 96.6 | S8: 66.4 | T8: 69.3 | U8: 75.6 | V8: 178.5 | W8: 196.5 | X8: 165.3 | Y8: 488.1 | Z8: 269.7 | AA8: 160.9 | AB8: 94.4
B9: 1983 | C9: =IF(Q9*DAY(EOMONTH(DATE($B9,$C$2,1),0))*24*3600/$AE$2/10^6>$AE$3,$AE$3,Q9*DAY(EOMONTH(DATE($B9,$C$2,1),0))*24*3600/$AE$2/10^6) -> 29.523737 | D9: =IF(R9*DAY(EOMONTH(DATE($B9,$D$2,1),0))*24*3600/$AE$2/10^6>$AE$3,$AE$3,R9*DAY(EOMONTH(DATE($B9,$D$2,1),0))*24*3600/$AE$2/10^6) -> 19.759878 | E9: =IF(S9*DAY(EOMONTH(DATE($B9,$E$2,1),0))*24*3600/$AE$2/10^6>$AE$3,$AE$3,S9*DAY(EOMONTH(DATE($B9,$E$2,1),0))*24*3600/$AE$2/10^6) -> 16.929124 | F9: =IF(T9*DAY(EOMONTH(DATE($B9,$F$2,1),0))*24*3600/$AE$2/10^6>$AE$3,$AE$3,T9*DAY(EOMONTH(DATE($B9,$F$2,1),0))*24*3600/$AE$2/10^6) -> 13.217221 | G9: =IF(U9*DAY(EOMONTH(DATE($B9,$G$2,1),0))*24*3600/$AE$2/10^6>$AE$3,$AE$3,U9*DAY(EOMONTH(DATE($B9,$G$2,1),0))*24*3600/$AE$2/10^6) -> 20.527585 | H9: =IF(V9*DAY(EOMONTH(DATE($B9,$H$2,1),0))*24*3600/$AE$2/10^6>$AE$3,$AE$3,V9*DAY(EOMONTH(DATE($B9,$H$2,1),0))*24*3600/$AE$2/10^6) -> 31.539298 | I9: =IF(W9*DAY(EOMONTH(DATE($B9,$I$2,1),0))*24*3600/$AE$2/10^6>$AE$3,$AE$3,W9*DAY(EOMONTH(DATE($B9,$I$2,1),0))*24*3600/$AE$2/10^6) -> 36.148177 | J9: =IF(X9*DAY(EOMONTH(DATE($B9,$J$2,1),0))*24*3600/$AE$2/10^6>$AE$3,$AE$3,X9*DAY(EOMONTH(DATE($B9,$J$2,1),0))*24*3600/$AE$2/10^6) -> 78.021179 | K9: =IF(Y9*DAY(EOMONTH(DATE($B9,$K$2,1),0))*24*3600/$AE$2/10^6>$AE$3,$AE$3,Y9*DAY(EOMONTH(DATE($B9,$K$2,1),0))*24*3600/$AE$2/10^6) -> 80.055206 | L9: =IF(Z9*DAY(EOMONTH(DATE($B9,$L$2,1),0))*24*3600/$AE$2/10^6>$AE$3,$AE$3,Z9*DAY(EOMONTH(DATE($B9,$L$2,1),0))*24*3600/$AE$2/10^6) -> 154.08 | M9: =IF(AA9*DAY(EOMONTH(DATE($B9,$M$2,1),0))*24*3600/$AE$2/10^6>$AE$3,$AE$3,AA9*DAY(EOMONTH(DATE($B9,$M$2,1),0))*24*3600/$AE$2/10^6) -> 137.79151 | N9: =IF(AB9*DAY(EOMONTH(DATE($B9,$N$2,1),0))*24*3600/$AE$2/10^6>$AE$3,$AE$3,AB9*DAY(EOMONTH(DATE($B9,$N$2,1),0))*24*3600/$AE$2/10^6) -> 60.19244 | O9: =SUM(C9:N9) -> 677.78536 | Q9: 72.2 | R9: 53.5 | S9: 41.4 | T9: 33.4 | U9: 50.2 | V9: 79.7 | W9: 88.4 | X9: 190.8 | Y9: 202.3 | Z9: 515 | AA9: 348.2 | AB9: 147.2
B10: 1984 | C10: =IF(Q10*DAY(EOMONTH(DATE($B10,$C$2,1),0))*24*3600/$AE$2/10^6>$AE$3,$AE$3,Q10*DAY(EOMONTH(DATE($B10,$C$2,1),0))*24*3600/$AE$2/10^6) -> 41.545869 | D10: =IF(R10*DAY(EOMONTH(DATE($B10,$D$2,1),0))*24*3600/$AE$2/10^6>$AE$3,$AE$3,R10*DAY(EOMONTH(DATE($B10,$D$2,1),0))*24*3600/$AE$2/10^6) -> 28.881344 | E10: =IF(S10*DAY(EOMONTH(DATE($B10,$E$2,1),0))*24*3600/$AE$2/10^6>$AE$3,$AE$3,S10*DAY(EOMONTH(DATE($B10,$E$2,1),0))*24*3600/$AE$2/10^6) -> 20.936501 | F10: =IF(T10*DAY(EOMONTH(DATE($B10,$F$2,1),0))*24*3600/$AE$2/10^6>$AE$3,$AE$3,T10*DAY(EOMONTH(DATE($B10,$F$2,1),0))*24*3600/$AE$2/10^6) -> 22.912489 | G10: =IF(U10*DAY(EOMONTH(DATE($B10,$G$2,1),0))*24*3600/$AE$2/10^6>$AE$3,$AE$3,U10*DAY(EOMONTH(DATE($B10,$G$2,1),0))*24*3600/$AE$2/10^6) -> 42.772617 | H10: =IF(V10*DAY(EOMONTH(DATE($B10,$H$2,1),0))*24*3600/$AE$2/10^6>$AE$3,$AE$3,V10*DAY(EOMONTH(DATE($B10,$H$2,1),0))*24*3600/$AE$2/10^6) -> 65.215511 | I10: =IF(W10*DAY(EOMONTH(DATE($B10,$I$2,1),0))*24*3600/$AE$2/10^6>$AE$3,$AE$3,W10*DAY(EOMONTH(DATE($B10,$I$2,1),0))*24*3600/$AE$2/10^6) -> 77.857612 | J10: =IF(X10*DAY(EOMONTH(DATE($B10,$J$2,1),0))*24*3600/$AE$2/10^6>$AE$3,$AE$3,X10*DAY(EOMONTH(DATE($B10,$J$2,1),0))*24*3600/$AE$2/10^6) -> 154.08 | K10: =IF(Y10*DAY(EOMONTH(DATE($B10,$K$2,1),0))*24*3600/$AE$2/10^6>$AE$3,$AE$3,Y10*DAY(EOMONTH(DATE($B10,$K$2,1),0))*24*3600/$AE$2/10^6) -> 154.08 | L10: =IF(Z10*DAY(EOMONTH(DATE($B10,$L$2,1),0))*24*3600/$AE$2/10^6>$AE$3,$AE$3,Z10*DAY(EOMONTH(DATE($B10,$L$2,1),0))*24*3600/$AE$2/10^6) -> 154.08 | M10: =IF(AA10*DAY(EOMONTH(DATE($B10,$M$2,1),0))*24*3600/$AE$2/10^6>$AE$3,$AE$3,AA10*DAY(EOMONTH(DATE($B10,$M$2,1),0))*24*3600/$AE$2/10^6) -> 108.19127 | N10: =IF(AB10*DAY(EOMONTH(DATE($B10,$N$2,1),0))*24*3600/$AE$2/10^6>$AE$3,$AE$3,AB10*DAY(EOMONTH(DATE($B10,$N$2,1),0))*24*3600/$AE$2/10^6) -> 94.214253 | O10: =SUM(C10:N10) -> 964.76746 | Q10: 101.6 | R10: 75.5 | S10: 51.2 | T10: 57.9 | U10: 104.6 | V10: 164.8 | W10: 190.4 | X10: 416.5 | Y10: 441.9 | Z10: 526.4 | AA10: 273.4 | AB10: 230.4
B11: 1985 | C11: =IF(Q11*DAY(EOMONTH(DATE($B11,$C$2,1),0))*24*3600/$AE$2/10^6>$AE$3,$AE$3,Q11*DAY(EOMONTH(DATE($B11,$C$2,1),0))*24*3600/$AE$2/10^6) -> 46.411969 | D11: =IF(R11*DAY(EOMONTH(DATE($B11,$D$2,1),0))*24*3600/$AE$2/10^6>$AE$3,$AE$3,R11*DAY(EOMONTH(DATE($B11,$D$2,1),0))*24*3600/$AE$2/10^6) -> 28.661056 | E11: =IF(S11*DAY(EOMONTH(DATE($B11,$E$2,1),0))*24*3600/$AE$2/10^6>$AE$3,$AE$3,S11*DAY(EOMONTH(DATE($B11,$E$2,1),0))*24*3600/$AE$2/10^6) -> 24.371395 | F11: =IF(T11*DAY(EOMONTH(DATE($B11,$F$2,1),0))*24*3600/$AE$2/10^6>$AE$3,$AE$3,T11*DAY(EOMONTH(DATE($B11,$F$2,1),0))*24*3600/$AE$2/10^6) -> 30.233405 | G11: =IF(U11*DAY(EOMONTH(DATE($B11,$G$2,1),0))*24*3600/$AE$2/10^6>$AE$3,$AE$3,U11*DAY(EOMONTH(DATE($B11,$G$2,1),0))*24*3600/$AE$2/10^6) -> 46.94356 | H11: =IF(V11*DAY(EOMONTH(DATE($B11,$H$2,1),0))*24*3600/$AE$2/10^6>$AE$3,$AE$3,V11*DAY(EOMONTH(DATE($B11,$H$2,1),0))*24*3600/$AE$2/10^6) -> 52.948031 | I11: =IF(W11*DAY(EOMONTH(DATE($B11,$I$2,1),0))*24*3600/$AE$2/10^6>$AE$3,$AE$3,W11*DAY(EOMONTH(DATE($B11,$I$2,1),0))*24*3600/$AE$2/10^6) -> 76.385515 | J11: =IF(X11*DAY(EOMONTH(DATE($B11,$J$2,1),0))*24*3600/$AE$2/10^6>$AE$3,$AE$3,X11*DAY(EOMONTH(DATE($B11,$J$2,1),0))*24*3600/$AE$2/10^6) -> 81.169832 | K11: =IF(Y11*DAY(EOMONTH(DATE($B11,$K$2,1),0))*24*3600/$AE$2/10^6>$AE$3,$AE$3,Y11*DAY(EOMONTH(DATE($B11,$K$2,1),0))*24*3600/$AE$2/10^6) -> 112.4651 | L11: =IF(Z11*DAY(EOMONTH(DATE($B11,$L$2,1),0))*24*3600/$AE$2/10^6>$AE$3,$AE$3,Z11*DAY(EOMONTH(DATE($B11,$L$2,1),0))*24*3600/$AE$2/10^6) -> 129.17657 | M11: =IF(AA11*DAY(EOMONTH(DATE($B11,$M$2,1),0))*24*3600/$AE$2/10^6>$AE$3,$AE$3,AA11*DAY(EOMONTH(DATE($B11,$M$2,1),0))*24*3600/$AE$2/10^6) -> 71.388824 | N11: =IF(AB11*DAY(EOMONTH(DATE($B11,$N$2,1),0))*24*3600/$AE$2/10^6>$AE$3,$AE$3,AB11*DAY(EOMONTH(DATE($B11,$N$2,1),0))*24*3600/$AE$2/10^6) -> 98.221631 | O11: =SUM(C11:N11) -> 798.37689 | Q11: 113.5 | R11: 77.6 | S11: 59.6 | T11: 76.4 | U11: 114.8 | V11: 133.8 | W11: 186.8 | X11: 198.5 | Y11: 284.2 | Z11: 315.9 | AA11: 180.4 | AB11: 240.2
B12: 1986 | C12: =IF(Q12*DAY(EOMONTH(DATE($B12,$C$2,1),0))*24*3600/$AE$2/10^6>$AE$3,$AE$3,Q12*DAY(EOMONTH(DATE($B12,$C$2,1),0))*24*3600/$AE$2/10^6) -> 41.913893 | D12: =IF(R12*DAY(EOMONTH(DATE($B12,$D$2,1),0))*24*3600/$AE$2/10^6>$AE$3,$AE$3,R12*DAY(EOMONTH(DATE($B12,$D$2,1),0))*24*3600/$AE$2/10^6) -> 26.703536 | E12: =IF(S12*DAY(EOMONTH(DATE($B12,$E$2,1),0))*24*3600/$AE$2/10^6>$AE$3,$AE$3,S12*DAY(EOMONTH(DATE($B12,$E$2,1),0))*24*3600/$AE$2/10^6) -> 23.71713 | F12: =IF(T12*DAY(EOMONTH(DATE($B12,$F$2,1),0))*24*3600/$AE$2/10^6>$AE$3,$AE$3,T12*DAY(EOMONTH(DATE($B12,$F$2,1),0))*24*3600/$AE$2/10^6) -> 19.469679 | G12: =IF(U12*DAY(EOMONTH(DATE($B12,$G$2,1),0))*24*3600/$AE$2/10^6>$AE$3,$AE$3,U12*DAY(EOMONTH(DATE($B12,$G$2,1),0))*24*3600/$AE$2/10^6) -> 26.047951 | H12: =IF(V12*DAY(EOMONTH(DATE($B12,$H$2,1),0))*24*3600/$AE$2/10^6>$AE$3,$AE$3,V12*DAY(EOMONTH(DATE($B12,$H$2,1),0))*24*3600/$AE$2/10^6) -> 31.381008 | I12: =IF(W12*DAY(EOMONTH(DATE($B12,$I$2,1),0))*24*3600/$AE$2/10^6>$AE$3,$AE$3,W12*DAY(EOMONTH(DATE($B12,$I$2,1),0))*24*3600/$AE$2/10^6) -> 55.080989 | J12: =IF(X12*DAY(EOMONTH(DATE($B12,$J$2,1),0))*24*3600/$AE$2/10^6>$AE$3,$AE$3,X12*DAY(EOMONTH(DATE($B12,$J$2,1),0))*24*3600/$AE$2/10^6) -> 152.15765 | K12: =IF(Y12*DAY(EOMONTH(DATE($B12,$K$2,1),0))*24*3600/$AE$2/10^6>$AE$3,$AE$3,Y12*DAY(EOMONTH(DATE($B12,$K$2,1),0))*24*3600/$AE$2/10^6) -> 127.46308 | L12: =IF(Z12*DAY(EOMONTH(DATE($B12,$L$2,1),0))*24*3600/$AE$2/10^6>$AE$3,$AE$3,Z12*DAY(EOMONTH(DATE($B12,$L$2,1),0))*24*3600/$AE$2/10^6) -> 138.25451 | M12: =IF(AA12*DAY(EOMONTH(DATE($B12,$M$2,1),0))*24*3600/$AE$2/10^6>$AE$3,$AE$3,AA12*DAY(EOMONTH(DATE($B12,$M$2,1),0))*24*3600/$AE$2/10^6) -> 79.778198 | N12: =IF(AB12*DAY(EOMONTH(DATE($B12,$N$2,1),0))*24*3600/$AE$2/10^6>$AE$3,$AE$3,AB12*DAY(EOMONTH(DATE($B12,$N$2,1),0))*24*3600/$AE$2/10^6) -> 128.03161 | O12: =SUM(C12:N12) -> 849.99924 | Q12: 102.5 | R12: 72.3 | S12: 58 | T12: 49.2 | U12: 63.7 | V12: 79.3 | W12: 134.7 | X12: 372.1 | Y12: 322.1 | Z12: 338.1 | AA12: 201.6 | AB12: 313.1
B13: 1987 | C13: =IF(Q13*DAY(EOMONTH(DATE($B13,$C$2,1),0))*24*3600/$AE$2/10^6>$AE$3,$AE$3,Q13*DAY(EOMONTH(DATE($B13,$C$2,1),0))*24*3600/$AE$2/10^6) -> 49.887756 | D13: =IF(R13*DAY(EOMONTH(DATE($B13,$D$2,1),0))*24*3600/$AE$2/10^6>$AE$3,$AE$3,R13*DAY(EOMONTH(DATE($B13,$D$2,1),0))*24*3600/$AE$2/10^6) -> 28.624122 | E13: =IF(S13*DAY(EOMONTH(DATE($B13,$E$2,1),0))*24*3600/$AE$2/10^6>$AE$3,$AE$3,S13*DAY(EOMONTH(DATE($B13,$E$2,1),0))*24*3600/$AE$2/10^6) -> 25.066553 | F13: =IF(T13*DAY(EOMONTH(DATE($B13,$F$2,1),0))*24*3600/$AE$2/10^6>$AE$3,$AE$3,T13*DAY(EOMONTH(DATE($B13,$F$2,1),0))*24*3600/$AE$2/10^6) -> 18.401221 | G13: =IF(U13*DAY(EOMONTH(DATE($B13,$G$2,1),0))*24*3600/$AE$2/10^6>$AE$3,$AE$3,U13*DAY(EOMONTH(DATE($B13,$G$2,1),0))*24*3600/$AE$2/10^6) -> 22.572165 | H13: =IF(V13*DAY(EOMONTH(DATE($B13,$H$2,1),0))*24*3600/$AE$2/10^6>$AE$3,$AE$3,V13*DAY(EOMONTH(DATE($B13,$H$2,1),0))*24*3600/$AE$2/10^6) -> 48.278473 | I13: =IF(W13*DAY(EOMONTH(DATE($B13,$I$2,1),0))*24*3600/$AE$2/10^6>$AE$3,$AE$3,W13*DAY(EOMONTH(DATE($B13,$I$2,1),0))*24*3600/$AE$2/10^6) -> 88.448537 | J13: =IF(X13*DAY(EOMONTH(DATE($B13,$J$2,1),0))*24*3600/$AE$2/10^6>$AE$3,$AE$3,X13*DAY(EOMONTH(DATE($B13,$J$2,1),0))*24*3600/$AE$2/10^6) -> 81.905881 | K13: =IF(Y13*DAY(EOMONTH(DATE($B13,$K$2,1),0))*24*3600/$AE$2/10^6>$AE$3,$AE$3,Y13*DAY(EOMONTH(DATE($B13,$K$2,1),0))*24*3600/$AE$2/10^6) -> 147.13063 | L13: =IF(Z13*DAY(EOMONTH(DATE($B13,$L$2,1),0))*24*3600/$AE$2/10^6>$AE$3,$AE$3,Z13*DAY(EOMONTH(DATE($B13,$L$2,1),0))*24*3600/$AE$2/10^6) -> 109.26236 | M13: =IF(AA13*DAY(EOMONTH(DATE($B13,$M$2,1),0))*24*3600/$AE$2/10^6>$AE$3,$AE$3,AA13*DAY(EOMONTH(DATE($B13,$M$2,1),0))*24*3600/$AE$2/10^6) -> 86.070229 | N13: =IF(AB13*DAY(EOMONTH(DATE($B13,$N$2,1),0))*24*3600/$AE$2/10^6>$AE$3,$AE$3,AB13*DAY(EOMONTH(DATE($B13,$N$2,1),0))*24*3600/$AE$2/10^6) -> 80.188434 | O13: =SUM(C13:N13) -> 785.83636 | Q13: 122 | R13: 77.5 | S13: 61.3 | T13: 46.5 | U13: 55.2 | V13: 122 | W13: 216.3 | X13: 200.3 | Y13: 371.8 | Z13: 267.2 | AA13: 217.5 | AB13: 196.1
B14: 1988 | C14: =IF(Q14*DAY(EOMONTH(DATE($B14,$C$2,1),0))*24*3600/$AE$2/10^6>$AE$3,$AE$3,Q14*DAY(EOMONTH(DATE($B14,$C$2,1),0))*24*3600/$AE$2/10^6) -> 42.690834 | D14: =IF(R14*DAY(EOMONTH(DATE($B14,$D$2,1),0))*24*3600/$AE$2/10^6>$AE$3,$AE$3,R14*DAY(EOMONTH(DATE($B14,$D$2,1),0))*24*3600/$AE$2/10^6) -> 26.662644 | E14: =IF(S14*DAY(EOMONTH(DATE($B14,$E$2,1),0))*24*3600/$AE$2/10^6>$AE$3,$AE$3,S14*DAY(EOMONTH(DATE($B14,$E$2,1),0))*24*3600/$AE$2/10^6) -> 20.282235 | F14: =IF(T14*DAY(EOMONTH(DATE($B14,$F$2,1),0))*24*3600/$AE$2/10^6>$AE$3,$AE$3,T14*DAY(EOMONTH(DATE($B14,$F$2,1),0))*24*3600/$AE$2/10^6) -> 19.430107 | G14: =IF(U14*DAY(EOMONTH(DATE($B14,$G$2,1),0))*24*3600/$AE$2/10^6>$AE$3,$AE$3,U14*DAY(EOMONTH(DATE($B14,$G$2,1),0))*24*3600/$AE$2/10^6) -> 35.780153 | H14: =IF(V14*DAY(EOMONTH(DATE($B14,$H$2,1),0))*24*3600/$AE$2/10^6>$AE$3,$AE$3,V14*DAY(EOMONTH(DATE($B14,$H$2,1),0))*24*3600/$AE$2/10^6) -> 52.235725 | I14: =IF(W14*DAY(EOMONTH(DATE($B14,$I$2,1),0))*24*3600/$AE$2/10^6>$AE$3,$AE$3,W14*DAY(EOMONTH(DATE($B14,$I$2,1),0))*24*3600/$AE$2/10^6) -> 62.891285 | J14: =IF(X14*DAY(EOMONTH(DATE($B14,$J$2,1),0))*24*3600/$AE$2/10^6>$AE$3,$AE$3,X14*DAY(EOMONTH(DATE($B14,$J$2,1),0))*24*3600/$AE$2/10^6) -> 75.24055 | K14: =IF(Y14*DAY(EOMONTH(DATE($B14,$K$2,1),0))*24*3600/$AE$2/10^6>$AE$3,$AE$3,Y14*DAY(EOMONTH(DATE($B14,$K$2,1),0))*24*3600/$AE$2/10^6) -> 113.09826 | L14: =IF(Z14*DAY(EOMONTH(DATE($B14,$L$2,1),0))*24*3600/$AE$2/10^6>$AE$3,$AE$3,Z14*DAY(EOMONTH(DATE($B14,$L$2,1),0))*24*3600/$AE$2/10^6) -> 154.08 | M14: =IF(AA14*DAY(EOMONTH(DATE($B14,$M$2,1),0))*24*3600/$AE$2/10^6>$AE$3,$AE$3,AA14*DAY(EOMONTH(DATE($B14,$M$2,1),0))*24*3600/$AE$2/10^6) -> 154.08 | N14: =IF(AB14*DAY(EOMONTH(DATE($B14,$N$2,1),0))*24*3600/$AE$2/10^6>$AE$3,$AE$3,AB14*DAY(EOMONTH(DATE($B14,$N$2,1),0))*24*3600/$AE$2/10^6) -> 88.734779 | O14: =SUM(C14:N14) -> 845.20657 | Q14: 104.4 | R14: 69.7 | S14: 49.6 | T14: 49.1 | U14: 87.5 | V14: 132 | W14: 153.8 | X14: 184 | Y14: 285.8 | Z14: 542.9 | AA14: 514.2 | AB14: 217
B15: 1989 | C15: =IF(Q15*DAY(EOMONTH(DATE($B15,$C$2,1),0))*24*3600/$AE$2/10^6>$AE$3,$AE$3,Q15*DAY(EOMONTH(DATE($B15,$C$2,1),0))*24*3600/$AE$2/10^6) -> 53.404434 | D15: =IF(R15*DAY(EOMONTH(DATE($B15,$D$2,1),0))*24*3600/$AE$2/10^6>$AE$3,$AE$3,R15*DAY(EOMONTH(DATE($B15,$D$2,1),0))*24*3600/$AE$2/10^6) -> 28.77186 | E15: =IF(S15*DAY(EOMONTH(DATE($B15,$E$2,1),0))*24*3600/$AE$2/10^6>$AE$3,$AE$3,S15*DAY(EOMONTH(DATE($B15,$E$2,1),0))*24*3600/$AE$2/10^6) -> 29.033038 | F15: =IF(T15*DAY(EOMONTH(DATE($B15,$F$2,1),0))*24*3600/$AE$2/10^6>$AE$3,$AE$3,T15*DAY(EOMONTH(DATE($B15,$F$2,1),0))*24*3600/$AE$2/10^6) -> 29.402382 | G15: =IF(U15*DAY(EOMONTH(DATE($B15,$G$2,1),0))*24*3600/$AE$2/10^6>$AE$3,$AE$3,U15*DAY(EOMONTH(DATE($B15,$G$2,1),0))*24*3600/$AE$2/10^6) -> 62.727719 | H15: =IF(V15*DAY(EOMONTH(DATE($B15,$H$2,1),0))*24*3600/$AE$2/10^6>$AE$3,$AE$3,V15*DAY(EOMONTH(DATE($B15,$H$2,1),0))*24*3600/$AE$2/10^6) -> 96.517374 | I15: =IF(W15*DAY(EOMONTH(DATE($B15,$I$2,1),0))*24*3600/$AE$2/10^6>$AE$3,$AE$3,W15*DAY(EOMONTH(DATE($B15,$I$2,1),0))*24*3600/$AE$2/10^6) -> 114.82362 | J15: =IF(X15*DAY(EOMONTH(DATE($B15,$J$2,1),0))*24*3600/$AE$2/10^6>$AE$3,$AE$3,X15*DAY(EOMONTH(DATE($B15,$J$2,1),0))*24*3600/$AE$2/10^6) -> 154.08 | K15: =IF(Y15*DAY(EOMONTH(DATE($B15,$K$2,1),0))*24*3600/$AE$2/10^6>$AE$3,$AE$3,Y15*DAY(EOMONTH(DATE($B15,$K$2,1),0))*24*3600/$AE$2/10^6) -> 154.08 | L15: =IF(Z15*DAY(EOMONTH(DATE($B15,$L$2,1),0))*24*3600/$AE$2/10^6>$AE$3,$AE$3,Z15*DAY(EOMONTH(DATE($B15,$L$2,1),0))*24*3600/$AE$2/10^6) -> 154.08 | M15: =IF(AA15*DAY(EOMONTH(DATE($B15,$M$2,1),0))*24*3600/$AE$2/10^6>$AE$3,$AE$3,AA15*DAY(EOMONTH(DATE($B15,$M$2,1),0))*24*3600/$AE$2/10^6) -> 96.438229 | N15: =IF(AB15*DAY(EOMONTH(DATE($B15,$N$2,1),0))*24*3600/$AE$2/10^6>$AE$3,$AE$3,AB15*DAY(EOMONTH(DATE($B15,$N$2,1),0))*24*3600/$AE$2/10^6) -> 57.043786 | O15: =SUM(C15:N15) -> 1030.4024 | Q15: 130.6 | R15: 77.9 | S15: 71 | T15: 74.3 | U15: 153.4 | V15: 243.9 | W15: 280.8 | X15: 377.7 | Y15: 478.9 | Z15: 434.1 | AA15: 243.7 | AB15: 139.5
... B36: 2010 | C36: =IF(Q36*DAY(EOMONTH(DATE($B36,$C$2,1),0))*24*3600/$AE$2/10^6>$AE$3,$AE$3,Q36*DAY(EOMONTH(DATE($B36,$C$2,1),0))*24*3600/$AE$2/10^6) -> 29.881801 | D36: =IF(R36*DAY(EOMONTH(DATE($B36,$D$2,1),0))*24*3600/$AE$2/10^6>$AE$3,$AE$3,R36*DAY(EOMONTH(DATE($B36,$D$2,1),0))*24*3600/$AE$2/10^6) -> 15.732913 | E36: =IF(S36*DAY(EOMONTH(DATE($B36,$E$2,1),0))*24*3600/$AE$2/10^6>$AE$3,$AE$3,S36*DAY(EOMONTH(DATE($B36,$E$2,1),0))*24*3600/$AE$2/10^6) -> 26.740533 | F36: =IF(T36*DAY(EOMONTH(DATE($B36,$F$2,1),0))*24*3600/$AE$2/10^6>$AE$3,$AE$3,T36*DAY(EOMONTH(DATE($B36,$F$2,1),0))*24*3600/$AE$2/10^6) -> 20.174405 | G36: =IF(U36*DAY(EOMONTH(DATE($B36,$G$2,1),0))*24*3600/$AE$2/10^6>$AE$3,$AE$3,U36*DAY(EOMONTH(DATE($B36,$G$2,1),0))*24*3600/$AE$2/10^6) -> 20.474313 | H36: =IF(V36*DAY(EOMONTH(DATE($B36,$H$2,1),0))*24*3600/$AE$2/10^6>$AE$3,$AE$3,V36*DAY(EOMONTH(DATE($B36,$H$2,1),0))*24*3600/$AE$2/10^6) -> 33.480509 | I36: =IF(W36*DAY(EOMONTH(DATE($B36,$I$2,1),0))*24*3600/$AE$2/10^6>$AE$3,$AE$3,W36*DAY(EOMONTH(DATE($B36,$I$2,1),0))*24*3600/$AE$2/10^6) -> 58.07084 | J36: =IF(X36*DAY(EOMONTH(DATE($B36,$J$2,1),0))*24*3600/$AE$2/10^6>$AE$3,$AE$3,X36*DAY(EOMONTH(DATE($B36,$J$2,1),0))*24*3600/$AE$2/10^6) -> 68.641165 | K36: =IF(Y36*DAY(EOMONTH(DATE($B36,$K$2,1),0))*24*3600/$AE$2/10^6>$AE$3,$AE$3,Y36*DAY(EOMONTH(DATE($B36,$K$2,1),0))*24*3600/$AE$2/10^6) -> 82.760196 | L36: =IF(Z36*DAY(EOMONTH(DATE($B36,$L$2,1),0))*24*3600/$AE$2/10^6>$AE$3,$AE$3,Z36*DAY(EOMONTH(DATE($B36,$L$2,1),0))*24*3600/$AE$2/10^6) -> 67.396096 | M36: =IF(AA36*DAY(EOMONTH(DATE($B36,$M$2,1),0))*24*3600/$AE$2/10^6>$AE$3,$AE$3,AA36*DAY(EOMONTH(DATE($B36,$M$2,1),0))*24*3600/$AE$2/10^6) -> 154.08 | N36: =IF(AB36*DAY(EOMONTH(DATE($B36,$N$2,1),0))*24*3600/$AE$2/10^6>$AE$3,$AE$3,AB36*DAY(EOMONTH(DATE($B36,$N$2,1),0))*24*3600/$AE$2/10^6) -> 127.51799 | O36: =SUM(C36:N36) -> 704.95076 | Q36: 73.07564 | R36: 42.596965 | S36: 65.393701 | T36: 50.980847 | U36: 50.069724 | V36: 84.605454 | W36: 142.01165 | X36: 167.86127 | Y36: 209.13553 | Z36: 164.81647 | AA36: 523.56313 | AB36: 311.84395
B37: 2011 | C37: ='2011'!C5 -> 45.438944 | D37: ='2011'!D5 -> 38.32763 | E37: ='2011'!E5 -> 40.16233 | F37: ='2011'!F5 -> 47.26508 | G37: ='2011'!G5 -> 44.83983 | H37: ='2011'!H5 -> 120.19458 | I37: ='2011'!I5 -> 109.09842 | J37: ='2011'!J5 -> 134.28808 | ... N37: ='2011'!N5 -> 111.80434 | O37: =SUM(C37:N37) -> 1107.063 | Q37: 138.14023 | R37: 89.401538 | S37: 119.48977 | T37: 127.35359 | U37: 113.12717 | V37: 299.59664 | W37: 287.3075 | X37: 329.96972 | Y37: 378.19711 | Z37: 683.25019 | AA37: 383.07581 | AB37: 278.49357
B38: 2012 | C38: ='2012'!C5 -> 59.67432 | D38: ='2012'!D5 -> 45.21073 | E38: ='2012'!E5 -> 53.4509 | F38: ='2012'!F5 -> 68.85603 | G38: ='2012'!G5 -> 89.70359 | H38: ='2012'!H5 -> 59.16254 | I38: ='2012'!I5 -> 85.5031 | J38: ='2012'!J5 -> 70.4134 | ... N38: ='2012'!N5 -> 51.8919 | O38: =SUM(C38:N38) -> 972.41551 | Q38: 149.43791 | R38: 119.94285 | S38: 131.3246 | T38: 178.58927 | U38: 222.09614 | V38: 159.66054 | W38: 198.9925 | X38: 186.6959 | Y38: 341.46844 | Z38: 503.63967 | AA38: 251.19641 | AB38: 120.80567
B39: 2013 | C39: ='2013'!C5 -> 29.3931 | D39: ='2013'!D5 -> 19.7365 | E39: ='2013'!E5 -> 34.729 | F39: ='2013'!F5 -> 29.2267 | G39: ='2013'!G5 -> 42.7624 | H39: ='2013'!H5 -> 95.330378 | I39: ='2013'!I5 -> 117.224 | J39: ='2013'!J5 -> 109.4514 | ... N39: ='2013'!N5 -> 73.2728 | O39: =SUM(C39:N39) -> 896.85628 | Q39: 87.389783 | R39: 56.888558 | S39: 82.588299 | T39: 73.786034 | U39: 109.71457 | V39: 242.06339 | W39: 292.04648 | X39: 270.01632 | Y39: 354.64919 | Z39: 491.37926 | AA39: 293.03302 | AB39: 175.15001
B40: 2014 | C40: ='2014'!C5 -> 42.3856 | D40: ='2014'!D5 -> 40.9999 | E40: ='2014'!E5 -> 41.3543 | F40: ='2014'!F5 -> 30.1175 | G40: ='2014'!G5 -> 46.6073 | H40: ='2014'!H5 -> 74.8871 | I40: ='2014'!I5 -> 157.558 | J40: ='2014'!J5 -> 156.8312 | ... N40: ='2014'!N5 -> 38.7106 | O40: =SUM(C40:N40) -> 936.5579 | Q40: 112.54409 | R40: 99.778604 | S40: 107.20042 | T40: 83.122756 | U40: 116.29652 | V40: 190.05413 | W40: 406.16879 | X40: 409.37731 | Y40: 340.22951 | Z40: 303.00463 | AA40: 143.02083 | AB40: 120.28483
B41: 2015 | C41: ='2015'!C5 -> 42.5503 | D41: ='2015'!D5 -> 28.2159 | E41: ='2015'!E5 -> 25.0046 | F41: ='2015'!F5 -> 36.2131 | G41: ='2015'!G5 -> 26.3318 | H41: ='2015'!H5 -> 52.941454 | I41: ='2015'!I5 -> 82.6439 | J41: ='2015'!J5 -> 94.8208 | ... N41: ='2015'!N5 -> 32.6814 | O41: =SUM(C41:N41) -> 617.62785 | Q41: 103.06839 | R41: 67.2875 | S41: 73.099355 | T41: 76.455333 | U41: 77.667097 | V41: 125.206 | W41: 207.57806 | X41: 233.69065 | Y41: 208.90114 | Z41: 173.16861 | AA41: 115.11289 | AB41: 97.740853
B42: 2016 | C42: ='2016'!C5 -> 40.5199 | D42: ='2016'!D5 -> 25.0884 | E42: ='2016'!E5 -> 19.3545 | F42: ='2016'!F5 -> 18.6318 | G42: ='2016'!G5 -> 34.0952 | H42: ='2016'!H5 -> 47.132133 | I42: ='2016'!I5 -> 78.753672 | J42: ='2016'!J5 -> 83.39679 | ... N42: ='2016'!N5 -> 155.64489 | O42: =SUM(C42:N42) -> 853.80417 | Q42: 89.380078 | R42: 56.301844 | S42: 58.579712 | T42: 60.297955 | U42: 74.282482 | V42: 132.462 | W42: 182.57258 | X42: 204.89195 | Y42: 193.66223 | Z42: 327.74541 | AA42: 586.31107 | AB42: 502.26662
B43: 2017 | C43: ='2017'!C5 -> 108.60763 | D43: ='2017'!D5 -> 60.113166 | E43: ='2017'!E5 -> 46.122815 | F43: ='2017'!F5 -> 47.596593 | G43: ='2017'!G5 -> 110.79442 | H43: ='2017'!H5 -> 147.72679 | I43: ='2017'!I5 -> 132.76311 | J43: ='2017'!J5 -> 131.70101 | ... N43: ='2017'!N5 -> 154.08353 | O43: =SUM(C43:N43) -> 1374.0466 | Q43: 265.1704 | R43: 167.97764 | S43: 105.82415 | T43: 137.94645 | U43: 274.45105 | V43: 377.66242 | W43: 324.0507 | X43: 347.81799 | Y43: 359.16566 | Z43: 415.63728 | AA43: 473.73453 | AB43: 476.69318
B44: 2018 | C44: ='2018'!C5 -> 84.546729 | D44: ='2018'!D5 -> 51.033551 | E44: ='2018'!E5 -> 46.668175 | F44: ='2018'!F5 -> 40.693682 | G44: ='2018'!G5 -> 41.664416 | H44: ='2018'!H5 -> 62.748268 | I44: ='2018'!I5 -> 93.599611 | J44: ='2018'!J5 -> 113.87151 | ... N44: ='2018'!N5 -> 83.636537 | O44: =SUM(C44:N44) -> 916.69385 | Q44: 224.46274 | R44: 125.70594 | S44: 118.27513 | T44: 111.48669 | U44: 119.52535 | V44: 150.98576 | W44: 230.32676 | X44: 282.68649 | Y44: 414.17153 | Z44: 266.45848 | AA44: 167.84344 | AB44: 203.0458
B45: 2019 | C45: ='2019'!C5 -> 91.580513 | D45: ='2019'!D5 -> 37.416698 | E45: ='2019'!E5 -> 43.255248 | F45: ='2019'!F5 -> 33.997204 | G45: ='2019'!G5 -> 39.573388 | H45: ='2019'!H5 -> 49.437029 | I45: ='2019'!I5 -> 43.086667 | J45: ='2019'!J5 -> 123.83851 | ... N45: ='2019'!N5 -> 63.395966 | O45: =SUM(C45:N45) -> 914.79815 | Q45: 222.57467 | R45: 98.437766 | S45: 107.94456 | T45: 90.475965 | U45: 102.79357 | V45: 126.99468 | W45: 112.86932 | X45: 306.62201 | Y45: 380.10066 | Z45: 268.33363 | AA45: 433.1337 | AB45: 157.3719
B46: 2020 | C46: ='2020'!C5 -> 41.345302 | D46: ='2020'!D5 -> 31.129698 | E46: ='2020'!E5 -> 32.180596 | F46: ='2020'!F5 -> 24.479286 | G46: ='2020'!G5 -> 21.331489 | H46: ='2020'!H5 -> 59.464099 | I46: ='2020'!I5 -> 88.018131 | J46: ='2020'!J5 -> 156.36365 | ... N46: ='2020'!N5 -> 154.71384 | O46: =SUM(C46:N46) -> 1063.9682 | Q46: 102.58008 | R46: 79.424073 | S46: 84.231183 | T46: 61.948611 | U46: 58.830645 | V46: 162.83056 | W46: 216.80645 | X46: 389.22446 | Y46: 366.97639 | Z46: 441.59005 | AA46: 459.68472 | AB46: 548.84274
B47: 2021 | C47: ='2021'!C5 -> 84.770698 | D47: ='2021'!D5 -> 51.779504 | E47: ='2021'!E5 -> 43.542483 | F47: ='2021'!F5 -> 34.706388 | G47: ='2021'!G5 -> 42.992444 | H47: ='2021'!H5 -> 39.461504 | I47: ='2021'!I5 -> 62.004547 | J47: ='2021'!J5 -> 69.880806 | ... N47: ='2021'!N5 -> 142.26363 | O47: =SUM(C47:N47) -> 1019.6747 | Q47: 205.91398 | R47: 128.625 | S47: 113.03495 | T47: 95.518056 | U47: 102.07392 | V47: 103.44444 | W47: 157.18409 | X47: 173.92204 | Y47: 375.68194 | Z47: 520.12941 | AA47: 619.40972 | AB47: 493.87097
B48: 2022 | C48: ='2022'!C5 -> 88.530286 | D48: ='2022'!D5 -> 51.253605 | E48: ='2022'!E5 -> 56.609789 | F48: ='2022'!F5 -> 56.499315 | G48: ='2022'!G5 -> 80.578216 | H48: ='2022'!H5 -> 99.400854 | I48: ='2022'!I5 -> 139.00227 | J48: ='2022'!J5 -> 157.24092 | ... N48: ='2022'!N5 -> 115.04165 | O48: =SUM(C48:N48) -> 1278.5251 | Q48: 222.71774 | R48: 141.22768 | S48: 140.88844 | T48: 139.59306 | U48: 219.69355 | V48: 258.53333 | W48: 336.91398 | X48: 459.18414 | Y48: 485.46817 | Z48: 472.53763 | AA48: 327.00972 | AB48: 281.7043
B49: 2023 | C49: ='2023'!C5 -> 77.740175 | D49: ='2023'!D5 -> 56.724159 | E49: ='2023'!E5 -> 48.161091 | F49: ='2023'!F5 -> 48.283617 | G49: ='2023'!G5 -> 32.450061 | H49: ='2023'!H5 -> 71.005335 | I49: ='2023'!I5 -> 122.00622 | J49: ='2023'!J5 -> 136.39896 | ... N49: ='2023'!N5 -> 94.563952 | O49: =SUM(C49:N49) -> 1119.5577 | Q49: 205.48522 | R49: 145.83036 | S49: 126.83871 | T49: 114.52639 | U49: 101.15995 | V49: 176.75694 | W49: 314.22849 | X49: 362.17071 | Y49: 516.00834 | Z49: 438.97984 | AA49: 336.45695 | AB49: 239.06183
B50: 2024 | C50: ='2024'!C5 -> 57.337101 | D50: ='2024'!D5 -> 34.666365 | E50: ='2024'!E5 -> 20.916936 | F50: ='2024'!F5 -> 29.124926 | G50: ='2024'!G5 -> 40.091331 | H50: ='2024'!H5 -> 59.665924 | I50: ='2024'!I5 -> 100.58271 | J50: ='2024'!J5 -> 135.36586 | ... N50: ='2024'!N5 -> 93.285053 | O50: =SUM(C50:N50) -> 955.46515 | Q50: 136.53628 | R50: 89.978441 | S50: 71.677426 | T50: 76.03 | U50: 102.72984 | V50: 143.88194 | W50: 258.73252 | X50: 345.33737 | Y50: 421.67 | Z50: 344.87019 | AA50: 268.59833 | AB50: 248.40457
B51: 2025 | C51: 77.100019 | D51: 43.32618 | E51: 48.253929 | F51: 42.578653 | G51: 55.543592 | H51: 113.29507 | I51: 104.7316 | J51: 109.24585 | K51: 149.70753 | L51: 152.60726 | M51: 142.25725 | N51: 139.88985 | O51: =SUM(C51:N51) -> 1178.5368 | Q51: 206.23253 | R51: 121.56 | S51: 119.37903 | T51: 98.847707 | U51: 162.3 | V51: 295.53751 | W51: 257.09408 | X51: 277.50134 | Y51: 488.6375 | Z51: 478.22581 | AA51: 1109.8375 | AB51: 507.71102
B52: 2026 | C52: 76.804706 | D52: 46.195316 | E52: 51.992979 | F52: 39.895044 | G52: 37.841519 | H52: 50.537065 | Q52: 198.1 | R52: 129.4 | S52: 125.2 | T52: 95.68 | U52: 102.47 | V52: 149.22

Sheet BK
Q1: Lưu lượng [m3/s]
C2: 1 | D2: 2 | E2: 3 | F2: 4 | G2: 5 | H2: 6 | I2: 7 | J2: 8 | K2: 9 | L2: 10 | M2: 11 | N2: 12 | O2: Tổng | Q2: 1 | R2: 2 | S2: 3 | T2: 4 | U2: 5 | V2: 6 | W2: 7 | X2: 8 | Y2: 9 | Z2: 10 | AA2: 11 | AB2: 12 | AD2: SHN | AE2: 3.99 | AF2: m3/khw
B3: 1977 | C3: =IF(Q3*DAY(EOMONTH(DATE($B3,$C$2,1),0))*24*3600/$AE$2/10^6>$AE$3,$AE$3,Q3*DAY(EOMONTH(DATE($B3,$C$2,1),0))*24*3600/$AE$2/10^6) -> 54.105023 | D3: =IF(R3*DAY(EOMONTH(DATE($B3,$D$2,1),0))*24*3600/$AE$2/10^6>$AE$3,$AE$3,R3*DAY(EOMONTH(DATE($B3,$D$2,1),0))*24*3600/$AE$2/10^6) -> 33.893053 | E3: =IF(S3*DAY(EOMONTH(DATE($B3,$E$2,1),0))*24*3600/$AE$2/10^6>$AE$3,$AE$3,S3*DAY(EOMONTH(DATE($B3,$E$2,1),0))*24*3600/$AE$2/10^6) -> 25.441444 | F3: =IF(T3*DAY(EOMONTH(DATE($B3,$F$2,1),0))*24*3600/$AE$2/10^6>$AE$3,$AE$3,T3*DAY(EOMONTH(DATE($B3,$F$2,1),0))*24*3600/$AE$2/10^6) -> 16.890226 | G3: =IF(U3*DAY(EOMONTH(DATE($B3,$G$2,1),0))*24*3600/$AE$2/10^6>$AE$3,$AE$3,U3*DAY(EOMONTH(DATE($B3,$G$2,1),0))*24*3600/$AE$2/10^6) -> 20.339729 | H3: =IF(V3*DAY(EOMONTH(DATE($B3,$H$2,1),0))*24*3600/$AE$2/10^6>$AE$3,$AE$3,V3*DAY(EOMONTH(DATE($B3,$H$2,1),0))*24*3600/$AE$2/10^6) -> 23.516391 | I3: =IF(W3*DAY(EOMONTH(DATE($B3,$I$2,1),0))*24*3600/$AE$2/10^6>$AE$3,$AE$3,W3*DAY(EOMONTH(DATE($B3,$I$2,1),0))*24*3600/$AE$2/10^6) -> 68.604632 | J3: =IF(X3*DAY(EOMONTH(DATE($B3,$J$2,1),0))*24*3600/$AE$2/10^6>$AE$3,$AE$3,X3*DAY(EOMONTH(DATE($B3,$J$2,1),0))*24*3600/$AE$2/10^6) -> 69.074526 | K3: =IF(Y3*DAY(EOMONTH(DATE($B3,$K$2,1),0))*24*3600/$AE$2/10^6>$AE$3,$AE$3,Y3*DAY(EOMONTH(DATE($B3,$K$2,1),0))*24*3600/$AE$2/10^6) -> 189.60796 | L3: =IF(Z3*DAY(EOMONTH(DATE($B3,$L$2,1),0))*24*3600/$AE$2/10^6>$AE$3,$AE$3,Z3*DAY(EOMONTH(DATE($B3,$L$2,1),0))*24*3600/$AE$2/10^6) -> 189.60796 | M3: =IF(AA3*DAY(EOMONTH(DATE($B3,$M$2,1),0))*24*3600/$AE$2/10^6>$AE$3,$AE$3,AA3*DAY(EOMONTH(DATE($B3,$M$2,1),0))*24*3600/$AE$2/10^6) -> 119.20602 | N3: =IF(AB3*DAY(EOMONTH(DATE($B3,$N$2,1),0))*24*3600/$AE$2/10^6>$AE$3,$AE$3,AB3*DAY(EOMONTH(DATE($B3,$N$2,1),0))*24*3600/$AE$2/10^6) -> 61.287699 | O3: =SUM(C3:N3) -> 871.57465 | Q3: 80.6 | R3: 55.9 | S3: 37.9 | T3: 26 | U3: 30.3 | V3: 36.2 | W3: 102.2 | X3: 102.9 | Y3: 345.3 | Z3: 320 | AA3: 183.5 | AB3: 91.3 | AD3: A_max | AE3: 189.60796 | AF3: tr.kwh
B4: 1978 | C4: =IF(Q4*DAY(EOMONTH(DATE($B4,$C$2,1),0))*24*3600/$AE$2/10^6>$AE$3,$AE$3,Q4*DAY(EOMONTH(DATE($B4,$C$2,1),0))*24*3600/$AE$2/10^6) -> 35.913383 | D4: =IF(R4*DAY(EOMONTH(DATE($B4,$D$2,1),0))*24*3600/$AE$2/10^6>$AE$3,$AE$3,R4*DAY(EOMONTH(DATE($B4,$D$2,1),0))*24*3600/$AE$2/10^6) -> 21.766737 | E4: =IF(S4*DAY(EOMONTH(DATE($B4,$E$2,1),0))*24*3600/$AE$2/10^6>$AE$3,$AE$3,S4*DAY(EOMONTH(DATE($B4,$E$2,1),0))*24*3600/$AE$2/10^6) -> 21.883669 | F4: =IF(T4*DAY(EOMONTH(DATE($B4,$F$2,1),0))*24*3600/$AE$2/10^6>$AE$3,$AE$3,T4*DAY(EOMONTH(DATE($B4,$F$2,1),0))*24*3600/$AE$2/10^6) -> 19.358797 | G4: =IF(U4*DAY(EOMONTH(DATE($B4,$G$2,1),0))*24*3600/$AE$2/10^6>$AE$3,$AE$3,U4*DAY(EOMONTH(DATE($B4,$G$2,1),0))*24*3600/$AE$2/10^6) -> 48.130647 | H4: =IF(V4*DAY(EOMONTH(DATE($B4,$H$2,1),0))*24*3600/$AE$2/10^6>$AE$3,$AE$3,V4*DAY(EOMONTH(DATE($B4,$H$2,1),0))*24*3600/$AE$2/10^6) -> 52.684511 | I4: =IF(W4*DAY(EOMONTH(DATE($B4,$I$2,1),0))*24*3600/$AE$2/10^6>$AE$3,$AE$3,W4*DAY(EOMONTH(DATE($B4,$I$2,1),0))*24*3600/$AE$2/10^6) -> 114.45293 | J4: =IF(X4*DAY(EOMONTH(DATE($B4,$J$2,1),0))*24*3600/$AE$2/10^6>$AE$3,$AE$3,X4*DAY(EOMONTH(DATE($B4,$J$2,1),0))*24*3600/$AE$2/10^6) -> 178.15723 | K4: =IF(Y4*DAY(EOMONTH(DATE($B4,$K$2,1),0))*24*3600/$AE$2/10^6>$AE$3,$AE$3,Y4*DAY(EOMONTH(DATE($B4,$K$2,1),0))*24*3600/$AE$2/10^6) -> 189.60796 | L4: =IF(Z4*DAY(EOMONTH(DATE($B4,$L$2,1),0))*24*3600/$AE$2/10^6>$AE$3,$AE$3,Z4*DAY(EOMONTH(DATE($B4,$L$2,1),0))*24*3600/$AE$2/10^6) -> 189.60796 | M4: =IF(AA4*DAY(EOMONTH(DATE($B4,$M$2,1),0))*24*3600/$AE$2/10^6>$AE$3,$AE$3,AA4*DAY(EOMONTH(DATE($B4,$M$2,1),0))*24*3600/$AE$2/10^6) -> 189.60796 | N4: =IF(AB4*DAY(EOMONTH(DATE($B4,$N$2,1),0))*24*3600/$AE$2/10^6>$AE$3,$AE$3,AB4*DAY(EOMONTH(DATE($B4,$N$2,1),0))*24*3600/$AE$2/10^6) -> 112.23771 | O4: =SUM(C4:N4) -> 1173.4095 | Q4: 53.5 | R4: 35.9 | S4: 32.6 | T4: 29.8 | U4: 71.7 | V4: 81.1 | W4: 170.5 | X4: 265.4 | Y4: 405.3 | Z4: 505.7 | AA4: 366 | AB4: 167.2
B5: 1979 | C5: =IF(Q5*DAY(EOMONTH(DATE($B5,$C$2,1),0))*24*3600/$AE$2/10^6>$AE$3,$AE$3,Q5*DAY(EOMONTH(DATE($B5,$C$2,1),0))*24*3600/$AE$2/10^6) -> 63.905684 | D5: =IF(R5*DAY(EOMONTH(DATE($B5,$D$2,1),0))*24*3600/$AE$2/10^6>$AE$3,$AE$3,R5*DAY(EOMONTH(DATE($B5,$D$2,1),0))*24*3600/$AE$2/10^6) -> 32.922947 | E5: =IF(S5*DAY(EOMONTH(DATE($B5,$E$2,1),0))*24*3600/$AE$2/10^6>$AE$3,$AE$3,S5*DAY(EOMONTH(DATE($B5,$E$2,1),0))*24*3600/$AE$2/10^6) -> 23.159098 | F5: =IF(T5*DAY(EOMONTH(DATE($B5,$F$2,1),0))*24*3600/$AE$2/10^6>$AE$3,$AE$3,T5*DAY(EOMONTH(DATE($B5,$F$2,1),0))*24*3600/$AE$2/10^6) -> 23.256541 | G5: =IF(U5*DAY(EOMONTH(DATE($B5,$G$2,1),0))*24*3600/$AE$2/10^6>$AE$3,$AE$3,U5*DAY(EOMONTH(DATE($B5,$G$2,1),0))*24*3600/$AE$2/10^6) -> 42.424782 | H5: =IF(V5*DAY(EOMONTH(DATE($B5,$H$2,1),0))*24*3600/$AE$2/10^6>$AE$3,$AE$3,V5*DAY(EOMONTH(DATE($B5,$H$2,1),0))*24*3600/$AE$2/10^6) -> 95.559699 | I5: =IF(W5*DAY(EOMONTH(DATE($B5,$I$2,1),0))*24*3600/$AE$2/10^6>$AE$3,$AE$3,W5*DAY(EOMONTH(DATE($B5,$I$2,1),0))*24*3600/$AE$2/10^6) -> 189.60796 | J5: =IF(X5*DAY(EOMONTH(DATE($B5,$J$2,1),0))*24*3600/$AE$2/10^6>$AE$3,$AE$3,X5*DAY(EOMONTH(DATE($B5,$J$2,1),0))*24*3600/$AE$2/10^6) -> 189.60796 | K5: =IF(Y5*DAY(EOMONTH(DATE($B5,$K$2,1),0))*24*3600/$AE$2/10^6>$AE$3,$AE$3,Y5*DAY(EOMONTH(DATE($B5,$K$2,1),0))*24*3600/$AE$2/10^6) -> 145.64571 | L5: =IF(Z5*DAY(EOMONTH(DATE($B5,$L$2,1),0))*24*3600/$AE$2/10^6>$AE$3,$AE$3,Z5*DAY(EOMONTH(DATE($B5,$L$2,1),0))*24*3600/$AE$2/10^6) -> 189.60796 | M5: =IF(AA5*DAY(EOMONTH(DATE($B5,$M$2,1),0))*24*3600/$AE$2/10^6>$AE$3,$AE$3,AA5*DAY(EOMONTH(DATE($B5,$M$2,1),0))*24*3600/$AE$2/10^6) -> 189.60796 | N5: =IF(AB5*DAY(EOMONTH(DATE($B5,$N$2,1),0))*24*3600/$AE$2/10^6>$AE$3,$AE$3,AB5*DAY(EOMONTH(DATE($B5,$N$2,1),0))*24*3600/$AE$2/10^6) -> 161.37528 | O5: =SUM(C5:N5) -> 1346.6816 | Q5: 95.2 | R5: 54.3 | S5: 34.5 | T5: 35.8 | U5: 63.2 | V5: 147.1 | W5: 296.8 | X5: 348.4 | Y5: 224.2 | Z5: 412.7 | AA5: 319.8 | AB5: 240.4
B6: 1980 | C6: =IF(Q6*DAY(EOMONTH(DATE($B6,$C$2,1),0))*24*3600/$AE$2/10^6>$AE$3,$AE$3,Q6*DAY(EOMONTH(DATE($B6,$C$2,1),0))*24*3600/$AE$2/10^6) -> 78.002526 | D6: =IF(R6*DAY(EOMONTH(DATE($B6,$D$2,1),0))*24*3600/$AE$2/10^6>$AE$3,$AE$3,R6*DAY(EOMONTH(DATE($B6,$D$2,1),0))*24*3600/$AE$2/10^6) -> 51.556331 | E6: =IF(S6*DAY(EOMONTH(DATE($B6,$E$2,1),0))*24*3600/$AE$2/10^6>$AE$3,$AE$3,S6*DAY(EOMONTH(DATE($B6,$E$2,1),0))*24*3600/$AE$2/10^6) -> 40.075308 | F6: =IF(T6*DAY(EOMONTH(DATE($B6,$F$2,1),0))*24*3600/$AE$2/10^6>$AE$3,$AE$3,T6*DAY(EOMONTH(DATE($B6,$F$2,1),0))*24*3600/$AE$2/10^6) -> 36.963609 | G6: =IF(U6*DAY(EOMONTH(DATE($B6,$G$2,1),0))*24*3600/$AE$2/10^6>$AE$3,$AE$3,U6*DAY(EOMONTH(DATE($B6,$G$2,1),0))*24*3600/$AE$2/10^6) -> 67.73197 | H6: =IF(V6*DAY(EOMONTH(DATE($B6,$H$2,1),0))*24*3600/$AE$2/10^6>$AE$3,$AE$3,V6*DAY(EOMONTH(DATE($B6,$H$2,1),0))*24*3600/$AE$2/10^6) -> 108.29233 | I6: =IF(W6*DAY(EOMONTH(DATE($B6,$I$2,1),0))*24*3600/$AE$2/10^6>$AE$3,$AE$3,W6*DAY(EOMONTH(DATE($B6,$I$2,1),0))*24*3600/$AE$2/10^6) -> 125.66328 | J6: =IF(X6*DAY(EOMONTH(DATE($B6,$J$2,1),0))*24*3600/$AE$2/10^6>$AE$3,$AE$3,X6*DAY(EOMONTH(DATE($B6,$J$2,1),0))*24*3600/$AE$2/10^6) -> 142.848 | K6: =IF(Y6*DAY(EOMONTH(DATE($B6,$K$2,1),0))*24*3600/$AE$2/10^6>$AE$3,$AE$3,Y6*DAY(EOMONTH(DATE($B6,$K$2,1),0))*24*3600/$AE$2/10^6) -> 189.60796 | L6: =IF(Z6*DAY(EOMONTH(DATE($B6,$L$2,1),0))*24*3600/$AE$2/10^6>$AE$3,$AE$3,Z6*DAY(EOMONTH(DATE($B6,$L$2,1),0))*24*3600/$AE$2/10^6) -> 189.60796 | M6: =IF(AA6*DAY(EOMONTH(DATE($B6,$M$2,1),0))*24*3600/$AE$2/10^6>$AE$3,$AE$3,AA6*DAY(EOMONTH(DATE($B6,$M$2,1),0))*24*3600/$AE$2/10^6) -> 189.60796 | N6: =IF(AB6*DAY(EOMONTH(DATE($B6,$N$2,1),0))*24*3600/$AE$2/10^6>$AE$3,$AE$3,AB6*DAY(EOMONTH(DATE($B6,$N$2,1),0))*24*3600/$AE$2/10^6) -> 161.17389 | O6: =SUM(C6:N6) -> 1381.1311 | Q6: 116.2 | R6: 82.1 | S6: 59.7 | T6: 56.9 | U6: 100.9 | V6: 166.7 | W6: 187.2 | X6: 212.8 | Y6: 497.1 | Z6: 484.8 | AA6: 530.5 | AB6: 240.1
B7: 1981 | C7: =IF(Q7*DAY(EOMONTH(DATE($B7,$C$2,1),0))*24*3600/$AE$2/10^6>$AE$3,$AE$3,Q7*DAY(EOMONTH(DATE($B7,$C$2,1),0))*24*3600/$AE$2/10^6) -> 84.04403 | D7: =IF(R7*DAY(EOMONTH(DATE($B7,$D$2,1),0))*24*3600/$AE$2/10^6>$AE$3,$AE$3,R7*DAY(EOMONTH(DATE($B7,$D$2,1),0))*24*3600/$AE$2/10^6) -> 54.325895 | E7: =IF(S7*DAY(EOMONTH(DATE($B7,$E$2,1),0))*24*3600/$AE$2/10^6>$AE$3,$AE$3,S7*DAY(EOMONTH(DATE($B7,$E$2,1),0))*24*3600/$AE$2/10^6) -> 38.262857 | F7: =IF(T7*DAY(EOMONTH(DATE($B7,$F$2,1),0))*24*3600/$AE$2/10^6>$AE$3,$AE$3,T7*DAY(EOMONTH(DATE($B7,$F$2,1),0))*24*3600/$AE$2/10^6) -> 35.729323 | G7: =IF(U7*DAY(EOMONTH(DATE($B7,$G$2,1),0))*24*3600/$AE$2/10^6>$AE$3,$AE$3,U7*DAY(EOMONTH(DATE($B7,$G$2,1),0))*24*3600/$AE$2/10^6) -> 58.266947 | H7: =IF(V7*DAY(EOMONTH(DATE($B7,$H$2,1),0))*24*3600/$AE$2/10^6>$AE$3,$AE$3,V7*DAY(EOMONTH(DATE($B7,$H$2,1),0))*24*3600/$AE$2/10^6) -> 139.14947 | I7: =IF(W7*DAY(EOMONTH(DATE($B7,$I$2,1),0))*24*3600/$AE$2/10^6>$AE$3,$AE$3,W7*DAY(EOMONTH(DATE($B7,$I$2,1),0))*24*3600/$AE$2/10^6) -> 119.48752 | J7: =IF(X7*DAY(EOMONTH(DATE($B7,$J$2,1),0))*24*3600/$AE$2/10^6>$AE$3,$AE$3,X7*DAY(EOMONTH(DATE($B7,$J$2,1),0))*24*3600/$AE$2/10^6) -> 189.60796 | K7: =IF(Y7*DAY(EOMONTH(DATE($B7,$K$2,1),0))*24*3600/$AE$2/10^6>$AE$3,$AE$3,Y7*DAY(EOMONTH(DATE($B7,$K$2,1),0))*24*3600/$AE$2/10^6) -> 182.9991 | L7: =IF(Z7*DAY(EOMONTH(DATE($B7,$L$2,1),0))*24*3600/$AE$2/10^6>$AE$3,$AE$3,Z7*DAY(EOMONTH(DATE($B7,$L$2,1),0))*24*3600/$AE$2/10^6) -> 189.60796 | M7: =IF(AA7*DAY(EOMONTH(DATE($B7,$M$2,1),0))*24*3600/$AE$2/10^6>$AE$3,$AE$3,AA7*DAY(EOMONTH(DATE($B7,$M$2,1),0))*24*3600/$AE$2/10^6) -> 189.60796 | N7: =IF(AB7*DAY(EOMONTH(DATE($B7,$N$2,1),0))*24*3600/$AE$2/10^6>$AE$3,$AE$3,AB7*DAY(EOMONTH(DATE($B7,$N$2,1),0))*24*3600/$AE$2/10^6) -> 189.60796 | O7: =SUM(C7:N7) -> 1470.697 | Q7: 125.2 | R7: 89.6 | S7: 57 | T7: 55 | U7: 86.8 | V7: 214.2 | W7: 178 | X7: 442 | Y7: 281.7 | Z7: 675.8 | AA7: 784.9 | AB7: 441.4
B8: 1982 | C8: =IF(Q8*DAY(EOMONTH(DATE($B8,$C$2,1),0))*24*3600/$AE$2/10^6>$AE$3,$AE$3,Q8*DAY(EOMONTH(DATE($B8,$C$2,1),0))*24*3600/$AE$2/10^6) -> 119.15188 | D8: =IF(R8*DAY(EOMONTH(DATE($B8,$D$2,1),0))*24*3600/$AE$2/10^6>$AE$3,$AE$3,R8*DAY(EOMONTH(DATE($B8,$D$2,1),0))*24*3600/$AE$2/10^6) -> 58.570105 | E8: =IF(S8*DAY(EOMONTH(DATE($B8,$E$2,1),0))*24*3600/$AE$2/10^6>$AE$3,$AE$3,S8*DAY(EOMONTH(DATE($B8,$E$2,1),0))*24*3600/$AE$2/10^6) -> 44.572872 | F8: =IF(T8*DAY(EOMONTH(DATE($B8,$F$2,1),0))*24*3600/$AE$2/10^6>$AE$3,$AE$3,T8*DAY(EOMONTH(DATE($B8,$F$2,1),0))*24*3600/$AE$2/10^6) -> 45.018947 | G8: =IF(U8*DAY(EOMONTH(DATE($B8,$G$2,1),0))*24*3600/$AE$2/10^6>$AE$3,$AE$3,U8*DAY(EOMONTH(DATE($B8,$G$2,1),0))*24*3600/$AE$2/10^6) -> 50.748632 | H8: =IF(V8*DAY(EOMONTH(DATE($B8,$H$2,1),0))*24*3600/$AE$2/10^6>$AE$3,$AE$3,V8*DAY(EOMONTH(DATE($B8,$H$2,1),0))*24*3600/$AE$2/10^6) -> 115.95789 | I8: =IF(W8*DAY(EOMONTH(DATE($B8,$I$2,1),0))*24*3600/$AE$2/10^6>$AE$3,$AE$3,W8*DAY(EOMONTH(DATE($B8,$I$2,1),0))*24*3600/$AE$2/10^6) -> 131.90617 | J8: =IF(X8*DAY(EOMONTH(DATE($B8,$J$2,1),0))*24*3600/$AE$2/10^6>$AE$3,$AE$3,X8*DAY(EOMONTH(DATE($B8,$J$2,1),0))*24*3600/$AE$2/10^6) -> 110.96229 | K8: =IF(Y8*DAY(EOMONTH(DATE($B8,$K$2,1),0))*24*3600/$AE$2/10^6>$AE$3,$AE$3,Y8*DAY(EOMONTH(DATE($B8,$K$2,1),0))*24*3600/$AE$2/10^6) -> 189.60796 | L8: =IF(Z8*DAY(EOMONTH(DATE($B8,$L$2,1),0))*24*3600/$AE$2/10^6>$AE$3,$AE$3,Z8*DAY(EOMONTH(DATE($B8,$L$2,1),0))*24*3600/$AE$2/10^6) -> 181.04373 | M8: =IF(AA8*DAY(EOMONTH(DATE($B8,$M$2,1),0))*24*3600/$AE$2/10^6>$AE$3,$AE$3,AA8*DAY(EOMONTH(DATE($B8,$M$2,1),0))*24*3600/$AE$2/10^6) -> 104.52451 | N8: =IF(AB8*DAY(EOMONTH(DATE($B8,$N$2,1),0))*24*3600/$AE$2/10^6>$AE$3,$AE$3,AB8*DAY(EOMONTH(DATE($B8,$N$2,1),0))*24*3600/$AE$2/10^6) -> 63.368662 | O8: =SUM(C8:N8) -> 1215.4336 | Q8: 177.5 | R8: 96.6 | S8: 66.4 | T8: 69.3 | U8: 75.6 | V8: 178.5 | W8: 196.5 | X8: 165.3 | Y8: 488.1 | Z8: 269.7 | AA8: 160.9 | AB8: 94.4
B9: 1983 | C9: =IF(Q9*DAY(EOMONTH(DATE($B9,$C$2,1),0))*24*3600/$AE$2/10^6>$AE$3,$AE$3,Q9*DAY(EOMONTH(DATE($B9,$C$2,1),0))*24*3600/$AE$2/10^6) -> 48.466286 | D9: =IF(R9*DAY(EOMONTH(DATE($B9,$D$2,1),0))*24*3600/$AE$2/10^6>$AE$3,$AE$3,R9*DAY(EOMONTH(DATE($B9,$D$2,1),0))*24*3600/$AE$2/10^6) -> 32.437895 | E9: =IF(S9*DAY(EOMONTH(DATE($B9,$E$2,1),0))*24*3600/$AE$2/10^6>$AE$3,$AE$3,S9*DAY(EOMONTH(DATE($B9,$E$2,1),0))*24*3600/$AE$2/10^6) -> 27.790917 | F9: =IF(T9*DAY(EOMONTH(DATE($B9,$F$2,1),0))*24*3600/$AE$2/10^6>$AE$3,$AE$3,T9*DAY(EOMONTH(DATE($B9,$F$2,1),0))*24*3600/$AE$2/10^6) -> 21.697444 | G9: =IF(U9*DAY(EOMONTH(DATE($B9,$G$2,1),0))*24*3600/$AE$2/10^6>$AE$3,$AE$3,U9*DAY(EOMONTH(DATE($B9,$G$2,1),0))*24*3600/$AE$2/10^6) -> 33.698165 | H9: =IF(V9*DAY(EOMONTH(DATE($B9,$H$2,1),0))*24*3600/$AE$2/10^6>$AE$3,$AE$3,V9*DAY(EOMONTH(DATE($B9,$H$2,1),0))*24*3600/$AE$2/10^6) -> 51.775038 | I9: =IF(W9*DAY(EOMONTH(DATE($B9,$I$2,1),0))*24*3600/$AE$2/10^6>$AE$3,$AE$3,W9*DAY(EOMONTH(DATE($B9,$I$2,1),0))*24*3600/$AE$2/10^6) -> 59.340992 | J9: =IF(X9*DAY(EOMONTH(DATE($B9,$J$2,1),0))*24*3600/$AE$2/10^6>$AE$3,$AE$3,X9*DAY(EOMONTH(DATE($B9,$J$2,1),0))*24*3600/$AE$2/10^6) -> 128.07988 | K9: =IF(Y9*DAY(EOMONTH(DATE($B9,$K$2,1),0))*24*3600/$AE$2/10^6>$AE$3,$AE$3,Y9*DAY(EOMONTH(DATE($B9,$K$2,1),0))*24*3600/$AE$2/10^6) -> 131.41895 | L9: =IF(Z9*DAY(EOMONTH(DATE($B9,$L$2,1),0))*24*3600/$AE$2/10^6>$AE$3,$AE$3,Z9*DAY(EOMONTH(DATE($B9,$L$2,1),0))*24*3600/$AE$2/10^6) -> 189.60796 | M9: =IF(AA9*DAY(EOMONTH(DATE($B9,$M$2,1),0))*24*3600/$AE$2/10^6>$AE$3,$AE$3,AA9*DAY(EOMONTH(DATE($B9,$M$2,1),0))*24*3600/$AE$2/10^6) -> 189.60796 | N9: =IF(AB9*DAY(EOMONTH(DATE($B9,$N$2,1),0))*24*3600/$AE$2/10^6>$AE$3,$AE$3,AB9*DAY(EOMONTH(DATE($B9,$N$2,1),0))*24*3600/$AE$2/10^6) -> 98.81215 | O9: =SUM(C9:N9) -> 1012.7336 | Q9: 72.2 | R9: 53.5 | S9: 41.4 | T9: 33.4 | U9: 50.2 | V9: 79.7 | W9: 88.4 | X9: 190.8 | Y9: 202.3 | Z9: 515 | AA9: 348.2 | AB9: 147.2
B10: 1984 | C10: =IF(Q10*DAY(EOMONTH(DATE($B10,$C$2,1),0))*24*3600/$AE$2/10^6>$AE$3,$AE$3,Q10*DAY(EOMONTH(DATE($B10,$C$2,1),0))*24*3600/$AE$2/10^6) -> 68.201865 | D10: =IF(R10*DAY(EOMONTH(DATE($B10,$D$2,1),0))*24*3600/$AE$2/10^6>$AE$3,$AE$3,R10*DAY(EOMONTH(DATE($B10,$D$2,1),0))*24*3600/$AE$2/10^6) -> 47.411729 | E10: =IF(S10*DAY(EOMONTH(DATE($B10,$E$2,1),0))*24*3600/$AE$2/10^6>$AE$3,$AE$3,S10*DAY(EOMONTH(DATE($B10,$E$2,1),0))*24*3600/$AE$2/10^6) -> 34.369444 | F10: =IF(T10*DAY(EOMONTH(DATE($B10,$F$2,1),0))*24*3600/$AE$2/10^6>$AE$3,$AE$3,T10*DAY(EOMONTH(DATE($B10,$F$2,1),0))*24*3600/$AE$2/10^6) -> 37.613233 | G10: =IF(U10*DAY(EOMONTH(DATE($B10,$G$2,1),0))*24*3600/$AE$2/10^6>$AE$3,$AE$3,U10*DAY(EOMONTH(DATE($B10,$G$2,1),0))*24*3600/$AE$2/10^6) -> 70.215699 | H10: =IF(V10*DAY(EOMONTH(DATE($B10,$H$2,1),0))*24*3600/$AE$2/10^6>$AE$3,$AE$3,V10*DAY(EOMONTH(DATE($B10,$H$2,1),0))*24*3600/$AE$2/10^6) -> 107.05805 | I10: =IF(W10*DAY(EOMONTH(DATE($B10,$I$2,1),0))*24*3600/$AE$2/10^6>$AE$3,$AE$3,W10*DAY(EOMONTH(DATE($B10,$I$2,1),0))*24*3600/$AE$2/10^6) -> 127.81137 | J10: =IF(X10*DAY(EOMONTH(DATE($B10,$J$2,1),0))*24*3600/$AE$2/10^6>$AE$3,$AE$3,X10*DAY(EOMONTH(DATE($B10,$J$2,1),0))*24*3600/$AE$2/10^6) -> 189.60796 | K10: =IF(Y10*DAY(EOMONTH(DATE($B10,$K$2,1),0))*24*3600/$AE$2/10^6>$AE$3,$AE$3,Y10*DAY(EOMONTH(DATE($B10,$K$2,1),0))*24*3600/$AE$2/10^6) -> 189.60796 | L10: =IF(Z10*DAY(EOMONTH(DATE($B10,$L$2,1),0))*24*3600/$AE$2/10^6>$AE$3,$AE$3,Z10*DAY(EOMONTH(DATE($B10,$L$2,1),0))*24*3600/$AE$2/10^6) -> 189.60796 | M10: =IF(AA10*DAY(EOMONTH(DATE($B10,$M$2,1),0))*24*3600/$AE$2/10^6>$AE$3,$AE$3,AA10*DAY(EOMONTH(DATE($B10,$M$2,1),0))*24*3600/$AE$2/10^6) -> 177.60722 | N10: =IF(AB10*DAY(EOMONTH(DATE($B10,$N$2,1),0))*24*3600/$AE$2/10^6>$AE$3,$AE$3,AB10*DAY(EOMONTH(DATE($B10,$N$2,1),0))*24*3600/$AE$2/10^6) -> 154.6625 | O10: =SUM(C10:N10) -> 1393.775 | Q10: 101.6 | R10: 75.5 | S10: 51.2 | T10: 57.9 | U10: 104.6 | V10: 164.8 | W10: 190.4 | X10: 416.5 | Y10: 441.9 | Z10: 526.4 | AA10: 273.4 | AB10: 230.4
B11: 1985 | C11: =IF(Q11*DAY(EOMONTH(DATE($B11,$C$2,1),0))*24*3600/$AE$2/10^6>$AE$3,$AE$3,Q11*DAY(EOMONTH(DATE($B11,$C$2,1),0))*24*3600/$AE$2/10^6) -> 76.190075 | D11: =IF(R11*DAY(EOMONTH(DATE($B11,$D$2,1),0))*24*3600/$AE$2/10^6>$AE$3,$AE$3,R11*DAY(EOMONTH(DATE($B11,$D$2,1),0))*24*3600/$AE$2/10^6) -> 47.050105 | E11: =IF(S11*DAY(EOMONTH(DATE($B11,$E$2,1),0))*24*3600/$AE$2/10^6>$AE$3,$AE$3,S11*DAY(EOMONTH(DATE($B11,$E$2,1),0))*24*3600/$AE$2/10^6) -> 40.00818 | F11: =IF(T11*DAY(EOMONTH(DATE($B11,$F$2,1),0))*24*3600/$AE$2/10^6>$AE$3,$AE$3,T11*DAY(EOMONTH(DATE($B11,$F$2,1),0))*24*3600/$AE$2/10^6) -> 49.631278 | G11: =IF(U11*DAY(EOMONTH(DATE($B11,$G$2,1),0))*24*3600/$AE$2/10^6>$AE$3,$AE$3,U11*DAY(EOMONTH(DATE($B11,$G$2,1),0))*24*3600/$AE$2/10^6) -> 77.062737 | H11: =IF(V11*DAY(EOMONTH(DATE($B11,$H$2,1),0))*24*3600/$AE$2/10^6>$AE$3,$AE$3,V11*DAY(EOMONTH(DATE($B11,$H$2,1),0))*24*3600/$AE$2/10^6) -> 86.919699 | I11: =IF(W11*DAY(EOMONTH(DATE($B11,$I$2,1),0))*24*3600/$AE$2/10^6>$AE$3,$AE$3,W11*DAY(EOMONTH(DATE($B11,$I$2,1),0))*24*3600/$AE$2/10^6) -> 125.39477 | J11: =IF(X11*DAY(EOMONTH(DATE($B11,$J$2,1),0))*24*3600/$AE$2/10^6>$AE$3,$AE$3,X11*DAY(EOMONTH(DATE($B11,$J$2,1),0))*24*3600/$AE$2/10^6) -> 133.24872 | K11: =IF(Y11*DAY(EOMONTH(DATE($B11,$K$2,1),0))*24*3600/$AE$2/10^6>$AE$3,$AE$3,Y11*DAY(EOMONTH(DATE($B11,$K$2,1),0))*24*3600/$AE$2/10^6) -> 184.62316 | L11: =IF(Z11*DAY(EOMONTH(DATE($B11,$L$2,1),0))*24*3600/$AE$2/10^6>$AE$3,$AE$3,Z11*DAY(EOMONTH(DATE($B11,$L$2,1),0))*24*3600/$AE$2/10^6) -> 189.60796 | M11: =IF(AA11*DAY(EOMONTH(DATE($B11,$M$2,1),0))*24*3600/$AE$2/10^6>$AE$3,$AE$3,AA11*DAY(EOMONTH(DATE($B11,$M$2,1),0))*24*3600/$AE$2/10^6) -> 117.19218 | N11: =IF(AB11*DAY(EOMONTH(DATE($B11,$N$2,1),0))*24*3600/$AE$2/10^6>$AE$3,$AE$3,AB11*DAY(EOMONTH(DATE($B11,$N$2,1),0))*24*3600/$AE$2/10^6) -> 161.24102 | O11: =SUM(C11:N11) -> 1288.1699 | Q11: 113.5 | R11: 77.6 | S11: 59.6 | T11: 76.4 | U11: 114.8 | V11: 133.8 | W11: 186.8 | X11: 198.5 | Y11: 284.2 | Z11: 315.9 | AA11: 180.4 | AB11: 240.2
B12: 1986 | C12: =IF(Q12*DAY(EOMONTH(DATE($B12,$C$2,1),0))*24*3600/$AE$2/10^6>$AE$3,$AE$3,Q12*DAY(EOMONTH(DATE($B12,$C$2,1),0))*24*3600/$AE$2/10^6) -> 68.806015 | D12: =IF(R12*DAY(EOMONTH(DATE($B12,$D$2,1),0))*24*3600/$AE$2/10^6>$AE$3,$AE$3,R12*DAY(EOMONTH(DATE($B12,$D$2,1),0))*24*3600/$AE$2/10^6) -> 43.836632 | E12: =IF(S12*DAY(EOMONTH(DATE($B12,$E$2,1),0))*24*3600/$AE$2/10^6>$AE$3,$AE$3,S12*DAY(EOMONTH(DATE($B12,$E$2,1),0))*24*3600/$AE$2/10^6) -> 38.934135 | F12: =IF(T12*DAY(EOMONTH(DATE($B12,$F$2,1),0))*24*3600/$AE$2/10^6>$AE$3,$AE$3,T12*DAY(EOMONTH(DATE($B12,$F$2,1),0))*24*3600/$AE$2/10^6) -> 31.961504 | G12: =IF(U12*DAY(EOMONTH(DATE($B12,$G$2,1),0))*24*3600/$AE$2/10^6>$AE$3,$AE$3,U12*DAY(EOMONTH(DATE($B12,$G$2,1),0))*24*3600/$AE$2/10^6) -> 42.760421 | H12: =IF(V12*DAY(EOMONTH(DATE($B12,$H$2,1),0))*24*3600/$AE$2/10^6>$AE$3,$AE$3,V12*DAY(EOMONTH(DATE($B12,$H$2,1),0))*24*3600/$AE$2/10^6) -> 51.515188 | I12: =IF(W12*DAY(EOMONTH(DATE($B12,$I$2,1),0))*24*3600/$AE$2/10^6>$AE$3,$AE$3,W12*DAY(EOMONTH(DATE($B12,$I$2,1),0))*24*3600/$AE$2/10^6) -> 90.421173 | J12: =IF(X12*DAY(EOMONTH(DATE($B12,$J$2,1),0))*24*3600/$AE$2/10^6>$AE$3,$AE$3,X12*DAY(EOMONTH(DATE($B12,$J$2,1),0))*24*3600/$AE$2/10^6) -> 189.60796 | K12: =IF(Y12*DAY(EOMONTH(DATE($B12,$K$2,1),0))*24*3600/$AE$2/10^6>$AE$3,$AE$3,Y12*DAY(EOMONTH(DATE($B12,$K$2,1),0))*24*3600/$AE$2/10^6) -> 189.60796 | L12: =IF(Z12*DAY(EOMONTH(DATE($B12,$L$2,1),0))*24*3600/$AE$2/10^6>$AE$3,$AE$3,Z12*DAY(EOMONTH(DATE($B12,$L$2,1),0))*24*3600/$AE$2/10^6) -> 189.60796 | M12: =IF(AA12*DAY(EOMONTH(DATE($B12,$M$2,1),0))*24*3600/$AE$2/10^6>$AE$3,$AE$3,AA12*DAY(EOMONTH(DATE($B12,$M$2,1),0))*24*3600/$AE$2/10^6) -> 130.96421 | N12: =IF(AB12*DAY(EOMONTH(DATE($B12,$N$2,1),0))*24*3600/$AE$2/10^6>$AE$3,$AE$3,AB12*DAY(EOMONTH(DATE($B12,$N$2,1),0))*24*3600/$AE$2/10^6) -> 189.60796 | O12: =SUM(C12:N12) -> 1257.6311 | Q12: 102.5 | R12: 72.3 | S12: 58 | T12: 49.2 | U12: 63.7 | V12: 79.3 | W12: 134.7 | X12: 372.1 | Y12: 322.1 | Z12: 338.1 | AA12: 201.6 | AB12: 313.1
B13: 1987 | C13: =IF(Q13*DAY(EOMONTH(DATE($B13,$C$2,1),0))*24*3600/$AE$2/10^6>$AE$3,$AE$3,Q13*DAY(EOMONTH(DATE($B13,$C$2,1),0))*24*3600/$AE$2/10^6) -> 81.89594 | D13: =IF(R13*DAY(EOMONTH(DATE($B13,$D$2,1),0))*24*3600/$AE$2/10^6>$AE$3,$AE$3,R13*DAY(EOMONTH(DATE($B13,$D$2,1),0))*24*3600/$AE$2/10^6) -> 46.989474 | E13: =IF(S13*DAY(EOMONTH(DATE($B13,$E$2,1),0))*24*3600/$AE$2/10^6>$AE$3,$AE$3,S13*DAY(EOMONTH(DATE($B13,$E$2,1),0))*24*3600/$AE$2/10^6) -> 41.149353 | F13: =IF(T13*DAY(EOMONTH(DATE($B13,$F$2,1),0))*24*3600/$AE$2/10^6>$AE$3,$AE$3,T13*DAY(EOMONTH(DATE($B13,$F$2,1),0))*24*3600/$AE$2/10^6) -> 30.207519 | G13: =IF(U13*DAY(EOMONTH(DATE($B13,$G$2,1),0))*24*3600/$AE$2/10^6>$AE$3,$AE$3,U13*DAY(EOMONTH(DATE($B13,$G$2,1),0))*24*3600/$AE$2/10^6) -> 37.054556 | H13: =IF(V13*DAY(EOMONTH(DATE($B13,$H$2,1),0))*24*3600/$AE$2/10^6>$AE$3,$AE$3,V13*DAY(EOMONTH(DATE($B13,$H$2,1),0))*24*3600/$AE$2/10^6) -> 79.254135 | I13: =IF(W13*DAY(EOMONTH(DATE($B13,$I$2,1),0))*24*3600/$AE$2/10^6>$AE$3,$AE$3,W13*DAY(EOMONTH(DATE($B13,$I$2,1),0))*24*3600/$AE$2/10^6) -> 145.19747 | J13: =IF(X13*DAY(EOMONTH(DATE($B13,$J$2,1),0))*24*3600/$AE$2/10^6>$AE$3,$AE$3,X13*DAY(EOMONTH(DATE($B13,$J$2,1),0))*24*3600/$AE$2/10^6) -> 134.45702 | K13: =IF(Y13*DAY(EOMONTH(DATE($B13,$K$2,1),0))*24*3600/$AE$2/10^6>$AE$3,$AE$3,Y13*DAY(EOMONTH(DATE($B13,$K$2,1),0))*24*3600/$AE$2/10^6) -> 189.60796 | L13: =IF(Z13*DAY(EOMONTH(DATE($B13,$L$2,1),0))*24*3600/$AE$2/10^6>$AE$3,$AE$3,Z13*DAY(EOMONTH(DATE($B13,$L$2,1),0))*24*3600/$AE$2/10^6) -> 179.36553 | M13: =IF(AA13*DAY(EOMONTH(DATE($B13,$M$2,1),0))*24*3600/$AE$2/10^6>$AE$3,$AE$3,AA13*DAY(EOMONTH(DATE($B13,$M$2,1),0))*24*3600/$AE$2/10^6) -> 141.29323 | N13: =IF(AB13*DAY(EOMONTH(DATE($B13,$N$2,1),0))*24*3600/$AE$2/10^6>$AE$3,$AE$3,AB13*DAY(EOMONTH(DATE($B13,$N$2,1),0))*24*3600/$AE$2/10^6) -> 131.63765 | O13: =SUM(C13:N13) -> 1238.1099 | Q13: 122 | R13: 77.5 | S13: 61.3 | T13: 46.5 | U13: 55.2 | V13: 122 | W13: 216.3 | X13: 200.3 | Y13: 371.8 | Z13: 267.2 | AA13: 217.5 | AB13: 196.1
B14: 1988 | C14: =IF(Q14*DAY(EOMONTH(DATE($B14,$C$2,1),0))*24*3600/$AE$2/10^6>$AE$3,$AE$3,Q14*DAY(EOMONTH(DATE($B14,$C$2,1),0))*24*3600/$AE$2/10^6) -> 70.081444 | D14: =IF(R14*DAY(EOMONTH(DATE($B14,$D$2,1),0))*24*3600/$AE$2/10^6>$AE$3,$AE$3,R14*DAY(EOMONTH(DATE($B14,$D$2,1),0))*24*3600/$AE$2/10^6) -> 43.769504 | E14: =IF(S14*DAY(EOMONTH(DATE($B14,$E$2,1),0))*24*3600/$AE$2/10^6>$AE$3,$AE$3,S14*DAY(EOMONTH(DATE($B14,$E$2,1),0))*24*3600/$AE$2/10^6) -> 33.295398 | F14: =IF(T14*DAY(EOMONTH(DATE($B14,$F$2,1),0))*24*3600/$AE$2/10^6>$AE$3,$AE$3,T14*DAY(EOMONTH(DATE($B14,$F$2,1),0))*24*3600/$AE$2/10^6) -> 31.896541 | G14: =IF(U14*DAY(EOMONTH(DATE($B14,$G$2,1),0))*24*3600/$AE$2/10^6>$AE$3,$AE$3,U14*DAY(EOMONTH(DATE($B14,$G$2,1),0))*24*3600/$AE$2/10^6) -> 58.736842 | H14: =IF(V14*DAY(EOMONTH(DATE($B14,$H$2,1),0))*24*3600/$AE$2/10^6>$AE$3,$AE$3,V14*DAY(EOMONTH(DATE($B14,$H$2,1),0))*24*3600/$AE$2/10^6) -> 85.750376 | I14: =IF(W14*DAY(EOMONTH(DATE($B14,$I$2,1),0))*24*3600/$AE$2/10^6>$AE$3,$AE$3,W14*DAY(EOMONTH(DATE($B14,$I$2,1),0))*24*3600/$AE$2/10^6) -> 103.24259 | J14: =IF(X14*DAY(EOMONTH(DATE($B14,$J$2,1),0))*24*3600/$AE$2/10^6>$AE$3,$AE$3,X14*DAY(EOMONTH(DATE($B14,$J$2,1),0))*24*3600/$AE$2/10^6) -> 123.51519 | K14: =IF(Y14*DAY(EOMONTH(DATE($B14,$K$2,1),0))*24*3600/$AE$2/10^6>$AE$3,$AE$3,Y14*DAY(EOMONTH(DATE($B14,$K$2,1),0))*24*3600/$AE$2/10^6) -> 185.66256 | L14: =IF(Z14*DAY(EOMONTH(DATE($B14,$L$2,1),0))*24*3600/$AE$2/10^6>$AE$3,$AE$3,Z14*DAY(EOMONTH(DATE($B14,$L$2,1),0))*24*3600/$AE$2/10^6) -> 189.60796 | M14: =IF(AA14*DAY(EOMONTH(DATE($B14,$M$2,1),0))*24*3600/$AE$2/10^6>$AE$3,$AE$3,AA14*DAY(EOMONTH(DATE($B14,$M$2,1),0))*24*3600/$AE$2/10^6) -> 189.60796 | N14: =IF(AB14*DAY(EOMONTH(DATE($B14,$N$2,1),0))*24*3600/$AE$2/10^6>$AE$3,$AE$3,AB14*DAY(EOMONTH(DATE($B14,$N$2,1),0))*24*3600/$AE$2/10^6) -> 145.66737 | O14: =SUM(C14:N14) -> 1260.8337 | Q14: 104.4 | R14: 69.7 | S14: 49.6 | T14: 49.1 | U14: 87.5 | V14: 132 | W14: 153.8 | X14: 184 | Y14: 285.8 | Z14: 542.9 | AA14: 514.2 | AB14: 217
B15: 1989 | C15: =IF(Q15*DAY(EOMONTH(DATE($B15,$C$2,1),0))*24*3600/$AE$2/10^6>$AE$3,$AE$3,Q15*DAY(EOMONTH(DATE($B15,$C$2,1),0))*24*3600/$AE$2/10^6) -> 87.668932 | D15: =IF(R15*DAY(EOMONTH(DATE($B15,$D$2,1),0))*24*3600/$AE$2/10^6>$AE$3,$AE$3,R15*DAY(EOMONTH(DATE($B15,$D$2,1),0))*24*3600/$AE$2/10^6) -> 47.232 | E15: =IF(S15*DAY(EOMONTH(DATE($B15,$E$2,1),0))*24*3600/$AE$2/10^6>$AE$3,$AE$3,S15*DAY(EOMONTH(DATE($B15,$E$2,1),0))*24*3600/$AE$2/10^6) -> 47.660752 | F15: =IF(T15*DAY(EOMONTH(DATE($B15,$F$2,1),0))*24*3600/$AE$2/10^6>$AE$3,$AE$3,T15*DAY(EOMONTH(DATE($B15,$F$2,1),0))*24*3600/$AE$2/10^6) -> 48.267068 | G15: =IF(U15*DAY(EOMONTH(DATE($B15,$G$2,1),0))*24*3600/$AE$2/10^6>$AE$3,$AE$3,U15*DAY(EOMONTH(DATE($B15,$G$2,1),0))*24*3600/$AE$2/10^6) -> 102.97408 | H15: =IF(V15*DAY(EOMONTH(DATE($B15,$H$2,1),0))*24*3600/$AE$2/10^6>$AE$3,$AE$3,V15*DAY(EOMONTH(DATE($B15,$H$2,1),0))*24*3600/$AE$2/10^6) -> 158.44331 | I15: =IF(W15*DAY(EOMONTH(DATE($B15,$I$2,1),0))*24*3600/$AE$2/10^6>$AE$3,$AE$3,W15*DAY(EOMONTH(DATE($B15,$I$2,1),0))*24*3600/$AE$2/10^6) -> 188.49492 | J15: =IF(X15*DAY(EOMONTH(DATE($B15,$J$2,1),0))*24*3600/$AE$2/10^6>$AE$3,$AE$3,X15*DAY(EOMONTH(DATE($B15,$J$2,1),0))*24*3600/$AE$2/10^6) -> 189.60796 | K15: =IF(Y15*DAY(EOMONTH(DATE($B15,$K$2,1),0))*24*3600/$AE$2/10^6>$AE$3,$AE$3,Y15*DAY(EOMONTH(DATE($B15,$K$2,1),0))*24*3600/$AE$2/10^6) -> 189.60796 | L15: =IF(Z15*DAY(EOMONTH(DATE($B15,$L$2,1),0))*24*3600/$AE$2/10^6>$AE$3,$AE$3,Z15*DAY(EOMONTH(DATE($B15,$L$2,1),0))*24*3600/$AE$2/10^6) -> 189.60796 | M15: =IF(AA15*DAY(EOMONTH(DATE($B15,$M$2,1),0))*24*3600/$AE$2/10^6>$AE$3,$AE$3,AA15*DAY(EOMONTH(DATE($B15,$M$2,1),0))*24*3600/$AE$2/10^6) -> 158.31338 | N15: =IF(AB15*DAY(EOMONTH(DATE($B15,$N$2,1),0))*24*3600/$AE$2/10^6>$AE$3,$AE$3,AB15*DAY(EOMONTH(DATE($B15,$N$2,1),0))*24*3600/$AE$2/10^6) -> 93.643308 | O15: =SUM(C15:N15) -> 1501.5216 | Q15: 130.6 | R15: 77.9 | S15: 71 | T15: 74.3 | U15: 153.4 | V15: 243.9 | W15: 280.8 | X15: 377.7 | Y15: 478.9 | Z15: 434.1 | AA15: 243.7 | AB15: 139.5
... B36: 2010 | C36: =IF(Q36*DAY(EOMONTH(DATE($B36,$C$2,1),0))*24*3600/$AE$2/10^6>$AE$3,$AE$3,Q36*DAY(EOMONTH(DATE($B36,$C$2,1),0))*24*3600/$AE$2/10^6) -> 49.054084 | D36: =IF(R36*DAY(EOMONTH(DATE($B36,$D$2,1),0))*24*3600/$AE$2/10^6>$AE$3,$AE$3,R36*DAY(EOMONTH(DATE($B36,$D$2,1),0))*24*3600/$AE$2/10^6) -> 25.827212 | E36: =IF(S36*DAY(EOMONTH(DATE($B36,$E$2,1),0))*24*3600/$AE$2/10^6>$AE$3,$AE$3,S36*DAY(EOMONTH(DATE($B36,$E$2,1),0))*24*3600/$AE$2/10^6) -> 43.897366 | F36: =IF(T36*DAY(EOMONTH(DATE($B36,$F$2,1),0))*24*3600/$AE$2/10^6>$AE$3,$AE$3,T36*DAY(EOMONTH(DATE($B36,$F$2,1),0))*24*3600/$AE$2/10^6) -> 33.118385 | G36: =IF(U36*DAY(EOMONTH(DATE($B36,$G$2,1),0))*24*3600/$AE$2/10^6>$AE$3,$AE$3,U36*DAY(EOMONTH(DATE($B36,$G$2,1),0))*24*3600/$AE$2/10^6) -> 33.610714 | H36: =IF(V36*DAY(EOMONTH(DATE($B36,$H$2,1),0))*24*3600/$AE$2/10^6>$AE$3,$AE$3,V36*DAY(EOMONTH(DATE($B36,$H$2,1),0))*24*3600/$AE$2/10^6) -> 54.961738 | I36: =IF(W36*DAY(EOMONTH(DATE($B36,$I$2,1),0))*24*3600/$AE$2/10^6>$AE$3,$AE$3,W36*DAY(EOMONTH(DATE($B36,$I$2,1),0))*24*3600/$AE$2/10^6) -> 95.329323 | J36: =IF(X36*DAY(EOMONTH(DATE($B36,$J$2,1),0))*24*3600/$AE$2/10^6>$AE$3,$AE$3,X36*DAY(EOMONTH(DATE($B36,$J$2,1),0))*24*3600/$AE$2/10^6) -> 112.68161 | K36: =IF(Y36*DAY(EOMONTH(DATE($B36,$K$2,1),0))*24*3600/$AE$2/10^6>$AE$3,$AE$3,Y36*DAY(EOMONTH(DATE($B36,$K$2,1),0))*24*3600/$AE$2/10^6) -> 135.85947 | L36: =IF(Z36*DAY(EOMONTH(DATE($B36,$L$2,1),0))*24*3600/$AE$2/10^6>$AE$3,$AE$3,Z36*DAY(EOMONTH(DATE($B36,$L$2,1),0))*24*3600/$AE$2/10^6) -> 110.6377 | M36: =IF(AA36*DAY(EOMONTH(DATE($B36,$M$2,1),0))*24*3600/$AE$2/10^6>$AE$3,$AE$3,AA36*DAY(EOMONTH(DATE($B36,$M$2,1),0))*24*3600/$AE$2/10^6) -> 189.60796 | N36: =IF(AB36*DAY(EOMONTH(DATE($B36,$N$2,1),0))*24*3600/$AE$2/10^6>$AE$3,$AE$3,AB36*DAY(EOMONTH(DATE($B36,$N$2,1),0))*24*3600/$AE$2/10^6) -> 189.60796 | O36: =SUM(C36:N36) -> 1074.1935 | Q36: 73.07564 | R36: 42.596965 | S36: 65.393701 | T36: 50.980847 | U36: 50.069724 | V36: 84.605454 | W36: 142.01165 | X36: 167.86127 | Y36: 209.13553 | Z36: 164.81647 | AA36: 523.56313 | AB36: 311.84395
B37: 2011 | C37: ='2011'!C4 -> 67.0074 | D37: ='2011'!D4 -> 33.6937 | E37: ='2011'!E4 -> 61.7548 | F37: ='2011'!F4 -> 58.13992 | G37: ='2011'!G4 -> 41.222 | H37: ='2011'!H4 -> 134.8409 | I37: ='2011'!I4 -> 138.4777 | J37: ='2011'!J4 -> 165.659 | ... N37: ='2011'!N4 -> 146.0193 | O37: =SUM(C37:N37) -> 1344.7392 | Q37: 102.52958 | R37: 51.785294 | S37: 95.840348 | T37: 86.302944 | U37: 63.986307 | V37: 207.32219 | W37: 206.37612 | X37: 246.5064 | Y37: 256.36646 | Z37: 521.44682 | AA37: 296.26387 | AB37: 217.26832
B38: 2012 | C38: ='2012'!C4 -> 72.3597 | D38: ='2012'!D4 -> 54.996 | E38: ='2012'!E4 -> 64.9281 | F38: ='2012'!F4 -> 85.383 | G38: ='2012'!G4 -> 107.4793 | H38: ='2012'!H4 -> 71.3818 | I38: ='2012'!I4 -> 90.2008 | J38: ='2012'!J4 -> 89.81539 | ... N38: ='2012'!N4 -> 60.7525 | O38: =SUM(C38:N38) -> 1150.917 | Q38: 107.80451 | R38: 88.78174 | S38: 106.74732 | T38: 139.19058 | U38: 166.96087 | V38: 117.49011 | W38: 142.8783 | X38: 138.94243 | Y38: 215.86121 | Z38: 396.08518 | AA38: 198.77782 | AB38: 100.21833
B39: 2013 | C39: ='2013'!C4 -> 40.0302 | D39: ='2013'!D4 -> 19.7265 | E39: ='2013'!E4 -> 37.5998 | F39: ='2013'!F4 -> 30.851 | G39: ='2013'!G4 -> 48.6099 | H39: ='2013'!H4 -> 101.43202 | I39: ='2013'!I4 -> 131.5686 | J39: ='2013'!J4 -> 123.1328 | ... N39: ='2013'!N4 -> 92.8843 | O39: =SUM(C39:N39) -> 1035.968 | Q39: 63.127122 | R39: 43.621885 | S39: 60.753311 | T39: 56.528831 | U39: 79.147664 | V39: 159.44253 | W39: 202.28723 | X39: 193.73232 | Y39: 247.08143 | Z39: 397.59522 | AA39: 242.35144 | AB39: 141.83356
B40: 2014 | C40: ='2014'!C4 -> 57.8553 | D40: ='2014'!D4 -> 47.6954 | E40: ='2014'!E4 -> 58.5853 | F40: ='2014'!F4 -> 35.4518 | G40: ='2014'!G4 -> 47.9816 | H40: ='2014'!H4 -> 79.4217 | I40: ='2014'!I4 -> 193.5838 | J40: ='2014'!J4 -> 187.1901 | ... N40: ='2014'!N4 -> 59.4885 | O40: =SUM(C40:N40) -> 1144.5098 | Q40: 93.210678 | R40: 85.132578 | S40: 96.811325 | T40: 61.131164 | U40: 75.17912 | V40: 132.88201 | W40: 298.58466 | X40: 310.17372 | Y40: 254.12895 | Z40: 239.04485 | AA40: 111.36381 | AB40: 98.869482
B41: 2015 | C41: ='2015'!C4 -> 49.9482 | D41: ='2015'!D4 -> 28.3017 | E41: ='2015'!E4 -> 35.6988 | F41: ='2015'!F4 -> 35.8584 | G41: ='2015'!G4 -> 34.9673 | H41: ='2015'!H4 -> 56.235633 | I41: ='2015'!I4 -> 110.3762 | J41: ='2015'!J4 -> 119.4764 | ... N41: ='2015'!N4 -> 47.1095 | O41: =SUM(C41:N41) -> 735.93693 | Q41: 76.865498 | R41: 53.108223 | S41: 58.2926 | T41: 59.105112 | U41: 58.009431 | V41: 91.987962 | W41: 170.74673 | X41: 182.65645 | Y41: 151.25769 | Z41: 111.81286 | AA41: 87.662924 | AB41: 76.222092
B42: 2016 | C42: ='2016'!C4 -> 44.5619 | D42: ='2016'!D4 -> 24.2981 | E42: ='2016'!E4 -> 28.2843 | F42: ='2016'!F4 -> 27.1287 | G42: ='2016'!G4 -> 34.7167 | H42: ='2016'!H4 -> 54.870967 | I42: ='2016'!I4 -> 94.481976 | J42: ='2016'!J4 -> 101.94488 | ... N42: ='2016'!N4 -> 195.29755 | O42: =SUM(C42:N42) -> 1022.745 | Q42: 70.392358 | R42: 43.487144 | S42: 45.855622 | T42: 47.572161 | U42: 57.765901 | V42: 91.75391 | W42: 143.95738 | X42: 155.58183 | Y42: 123.93045 | Z42: 235.81004 | AA42: 504.5287 | AB42: 439.25058
B43: 2017 | C43: ='2017'!C4 -> 147.31777 | D43: ='2017'!D4 -> 84.774965 | E43: ='2017'!E4 -> 56.843451 | F43: ='2017'!F4 -> 71.933518 | G43: ='2017'!G4 -> 138.78362 | H43: ='2017'!H4 -> 184.92082 | I43: ='2017'!I4 -> 158.92539 | J43: ='2017'!J4 -> 166.84723 | ... N43: ='2017'!N4 -> 189.60796 | O43: =SUM(C43:N43) -> 1743.2951 | Q43: 222.91057 | R43: 147.19554 | S43: 94.039588 | T43: 119.32148 | U43: 209.19464 | V43: 293.85304 | W43: 238.38863 | X43: 264.46797 | Y43: 278.70858 | Z43: 306.82673 | AA43: 394.47959 | AB43: 417.73706
B44: 2018 | C44: ='2018'!C4 -> 125.76103 | D44: ='2018'!D4 -> 63.206233 | E44: ='2018'!E4 -> 66.400333 | F44: ='2018'!F4 -> 59.581733 | G44: ='2018'!G4 -> 57.857051 | H44: ='2018'!H4 -> 71.134424 | I44: ='2018'!I4 -> 118.96296 | J44: ='2018'!J4 -> 141.01818 | ... N44: ='2018'!N4 -> 114.59878 | O44: =SUM(C44:N44) -> 1219.2201 | Q44: 195.88534 | R44: 110.09904 | S44: 109.62335 | T44: 100.19696 | U44: 88.834883 | V44: 116.48197 | W44: 182.10581 | X44: 220.81793 | Y44: 307.0659 | Z44: 224.28876 | AA44: 142.88118 | AB44: 177.05547
B45: 2019 | C45: ='2019'!C4 -> 126.22684 | D45: ='2019'!D4 -> 48.359608 | E45: ='2019'!E4 -> 60.347191 | F45: ='2019'!F4 -> 47.448669 | G45: ='2019'!G4 -> 52.397392 | H45: ='2019'!H4 -> 60.510795 | I45: ='2019'!I4 -> 56.785312 | J45: ='2019'!J4 -> 151.6073 | ... N45: ='2019'!N4 -> 85.396231 | O45: =SUM(C45:N45) -> 1183.4689 | Q45: 191.71425 | R45: 85.032031 | S45: 95.812717 | T45: 79.89078 | U45: 79.719896 | V45: 98.342429 | W45: 83.888468 | X45: 228.90794 | Y45: 279.39416 | Z45: 207.80495 | AA45: 361.99019 | AB45: 130.82224
B46: 2020 | C46: ='2020'!C4 -> 52.160717 | D46: ='2020'!D4 -> 38.226069 | E46: ='2020'!E4 -> 44.340093 | F46: ='2020'!F4 -> 29.286831 | G46: ='2020'!G4 -> 28.97667 | H46: ='2020'!H4 -> 75.012168 | I46: ='2020'!I4 -> 99.726883 | J46: ='2020'!J4 -> 195.32552 | ... N46: ='2020'!N4 -> 202.91343 | O46: =SUM(C46:N46) -> 1327.9817 | Q46: 81.947953 | R46: 71.063774 | S46: 76.290331 | T46: 51.970844 | U46: 54.088726 | V46: 114.60419 | W46: 152.08066 | X46: 294.63577 | Y46: 281.7028 | Z46: 305.00406 | AA46: 375.07224 | AB46: 478.93007
B47: 2021 | C47: ='2021'!C4 -> 110.36861 | D47: ='2021'!D4 -> 61.981315 | E47: ='2021'!E4 -> 61.426697 | F47: ='2021'!F4 -> 46.831182 | G47: ='2021'!G4 -> 53.630073 | H47: ='2021'!H4 -> 49.802541 | I47: ='2021'!I4 -> 81.105309 | J47: ='2021'!J4 -> 86.792305 | ... N47: ='2021'!N4 -> 181.47385 | O47: =SUM(C47:N47) -> 1285.6966 | Q47: 168.78632 | R47: 109.25754 | S47: 96.941623 | T47: 78.852807 | U47: 82.612942 | V47: 81.090311 | W47: 124.71106 | X47: 133.48928 | Y47: 267.21809 | Z47: 385.2704 | AA47: 536.53333 | AB47: 429.99194
B48: 2022 | C48: ='2022'!C4 -> 122.50594 | D48: ='2022'!D4 -> 66.919391 | E48: ='2022'!E4 -> 74.536054 | F48: ='2022'!F4 -> 71.592841 | G48: ='2022'!G4 -> 110.18254 | H48: ='2022'!H4 -> 115.54801 | I48: ='2022'!I4 -> 163.90113 | J48: ='2022'!J4 -> 194.26107 | ... N48: ='2022'!N4 -> 153.62955 | O48: =SUM(C48:N48) -> 1631.5219 | Q48: 187.24462 | R48: 117.5372 | S48: 117.43145 | T48: 116.60139 | U48: 165.90059 | V48: 183.66533 | W48: 245.81183 | X48: 326.14773 | Y48: 344.36883 | Z48: 375.5905 | AA48: 269.26935 | AB48: 234.77127
B49: 2023 | C49: ='2023'!C4 -> 113.13543 | D49: ='2023'!D4 -> 71.298942 | E49: ='2023'!E4 -> 70.493765 | F49: ='2023'!F4 -> 62.21761 | G49: ='2023'!G4 -> 43.759362 | H49: ='2023'!H4 -> 86.330209 | I49: ='2023'!I4 -> 141.67029 | J49: ='2023'!J4 -> 165.0364 | ... N49: ='2023'!N4 -> 125.96985 | O49: =SUM(C49:N49) -> 1436.9747 | Q49: 174.73766 | R49: 127.35625 | S49: 108.60906 | T49: 105.0179 | U49: 64.385454 | V49: 133.54334 | W49: 220.71517 | X49: 263.93816 | Y49: 392.73611 | Z49: 340.18951 | AA49: 273.68055 | AB49: 195.77149
B50: 2024 | C50: ='2024'!C4 -> 73.596486 | D50: ='2024'!D4 -> 42.83267 | E50: ='2024'!E4 -> 35.955297 | F50: ='2024'!F4 -> 35.97154 | G50: ='2024'!G4 -> 54.107531 | H50: ='2024'!H4 -> 76.060693 | I50: ='2024'!I4 -> 135.6869 | J50: ='2024'!J4 -> 176.95261 | ... N50: ='2024'!N4 -> 137.06629 | O50: =SUM(C50:N50) -> 1267.7947 | Q50: 113.54301 | R50: 75.311776 | S50: 59.876352 | T50: 62.27 | U50: 78.919355 | V50: 118.23888 | W50: 206.36828 | X50: 267.68945 | Y50: 326.01 | Z50: 290.95295 | AA50: 227.44 | AB50: 220.07124
B51: 2025 | C51: 112.12193 | D51: 57.954395 | E51: 63.468082 | F51: 53.978005 | G51: 82.254511 | H51: 130.41092 | I51: 130.67554 | J51: 144.11043 | K51: 186.04613 | L51: 192.94678 | M51: 172.11458 | N51: 195.31693 | O51: =SUM(C51:N51) -> 1521.3982 | P51: ←thực tế | Q51: 174.48521 | R51: 101.86 | S51: 105.43414 | T51: 95.851387 | U51: 140.3 | V51: 223.4014 | W51: 216.40994 | X51: 236.06856 | Y51: 363.05 | Z51: 389.4207 | AA51: 987.00277 | AB51: 436.70027
B52: 2026 | C52: 103.2491 | D52: 57.568963 | E52: 59.992719 | F52: 44.503364 | G52: 47.318828 | H52: 64.155334 | Q52: 172.51 | R52: 111.5 | S52: 107.23 | T52: 88.75 | U52: 89.31 | V52: 117.74
B55: 2025 | C55: =FORECAST($B$55,C37:C50,$B$37:$B$50) -> 116.88221 | D55: =FORECAST($B$55,D37:D50,$B$37:$B$50) -> 64.238351 | E55: =FORECAST($B$55,E37:E50,$B$37:$B$50) -> 57.828639 | F55: =FORECAST($B$55,F37:F50,$B$37:$B$50) -> 48.500113 | G55: =FORECAST($B$55,G37:G50,$B$37:$B$50) -> 61.088284 | H55: =FORECAST($B$55,H37:H50,$B$37:$B$50) -> 75.706488 | I55: =FORECAST($B$55,I37:I50,$B$37:$B$50) -> 119.68449 | J55: =FORECAST($B$55,J37:J50,$B$37:$B$50) -> 170.81228 | ... N55: =FORECAST($B$55,N37:N50,$B$37:$B$50) -> 167.17823 | O55: =SUM(C55:N55) -> 1440.3237 | P55: ←Dự báo từ sản lượng
C56: 101.47676 | D56: 57.192044 | E56: 59.487321 | F56: 55.397065 | G56: 72.942541 | H56: 93.194175 | I56: 127.38043 | J56: 184.51581 | K56: 186.96996 | L56: 189.60796 | M56: 189.60796 | N56: 186.9077 | O56: =SUM(C56:N56) -> 1504.6797 | P56: '←tính từ Qv dự báo
B58: 2026 | C58: =FORECAST($B$58,C37:C51,$B$37:$B$51) -> 119.74152 | D58: =FORECAST($B$58,D37:D51,$B$37:$B$51) -> 64.591451 | E58: =FORECAST($B$58,E37:E51,$B$37:$B$51) -> 59.831605 | F58: =FORECAST($B$58,F37:F51,$B$37:$B$51) -> 49.783025 | G58: =FORECAST($B$58,G37:G51,$B$37:$B$51) -> 66.737991 | H58: =FORECAST($B$58,H37:H51,$B$37:$B$51) -> 88.793271 | I58: =FORECAST($B$58,I37:I51,$B$37:$B$51) -> 122.23572 | J58: =FORECAST($B$58,J37:J51,$B$37:$B$51) -> 166.79952 | ... N58: =FORECAST($B$58,N37:N51,$B$37:$B$51) -> 179.90367 | O58: =SUM(C58:N58) -> 1487.027 | P58: ←Dự báo từ sản lượng | S58: 0.7
C59: 74.919844 | D59: 41.448374 | E59: 26.814079 | F59: 27.801205 | G59: 57.887041 | H59: 100.41877 | I59: 132.46923 | J59: 189.60796 | K59: 189.60796 | L59: 189.60796 | M59: 189.60796 | N59: 169.42008 | O59: =SUM(C59:N59) -> 1389.6104 | P59: '←tính từ Qv dự báo | S59: 0.3
C60: =C58*$S$58+C59*$S$59 -> 106.29502 | D60: =D58*$S$58+D59*$S$59 -> 57.648528 | E60: =E58*$S$58+E59*$S$59 -> 49.926347 | F60: =F58*$S$58+F59*$S$59 -> 43.188479 | G60: =G58*$S$58+G59*$S$59 -> 64.082706 | H60: =H58*$S$58+H59*$S$59 -> 92.28092 | I60: =I58*$S$58+I59*$S$59 -> 125.30577 | J60: =J58*$S$58+J59*$S$59 -> 173.64205 | ... N60: =N58*$S$58+N59*$S$59 -> 176.75859 | O60: =SUM(C60:N60) -> 1457.802 | P60: ←tính gộp 7 phần sản lượng, 3 phần lưu lượng

Sheet Gộp
C2: Tháng | D2: 1 | E2: 2 | F2: 3 | G2: 4 | H2: 5 | I2: 6 | J2: 7 | K2: 8 | L2: 9 | M2: 10 | N2: 11 | O2: 12 | P2: Tổng
B3: 2011 | C3: Buôn Tua Srah | D3: =BTS!C37 -> 20.36022 | E3: =BTS!D37 -> 13.2335 | F3: =BTS!E37 -> 32.38392 | G3: =BTS!F37 -> 22.10473 | H3: =BTS!G37 -> 13.20159 | I3: =BTS!H37 -> 23.40821 | J3: =BTS!I37 -> 26.18775 | K3: =BTS!J37 -> 32.64566 | ... O3: =BTS!N37 -> 35.03804 | P3: =SUM(D3:O3) -> 341.43642
C4: Buôn Kuốp | D4: =BK!C37 -> 67.0074 | E4: =BK!D37 -> 33.6937 | F4: =BK!E37 -> 61.7548 | G4: =BK!F37 -> 58.13992 | H4: =BK!G37 -> 41.222 | I4: =BK!H37 -> 134.8409 | J4: =BK!I37 -> 138.4777 | K4: =BK!J37 -> 165.659 | ... O4: =BK!N37 -> 146.0193 | P4: =SUM(D4:O4) -> 1344.7392
C5: Srê Pốk 3 | D5: =[1]SP3!C37 -> 45.438944 | E5: =[1]SP3!D37 -> 38.32763 | F5: =[1]SP3!E37 -> 40.16233 | G5: =[1]SP3!F37 -> 47.26508 | H5: =[1]SP3!G37 -> 44.83983 | I5: =[1]SP3!H37 -> 120.19458 | J5: =[1]SP3!I37 -> 109.09842 | K5: =[1]SP3!J37 -> 134.28808 | ... O5: =[1]SP3!N37 -> 111.80434 | P5: =SUM(D5:O5) -> 1107.063
P6: =SUM(P3:P5) -> 2793.2387
B7: 2012 | C7: Buôn Tua Srah | D7: =BTS!C38 -> 17.5932 | E7: =BTS!D38 -> 24.94517 | F7: =BTS!E38 -> 30.77642 | G7: =BTS!F38 -> 18.33162 | H7: =BTS!G38 -> 32.24081 | I7: =BTS!H38 -> 18.23986 | J7: =BTS!I38 -> 23.38631 | K7: =BTS!J38 -> 24.5884 | ... O7: =BTS!N38 -> 26.21386 | P7: =SUM(D7:O7) -> 344.01715
C8: Buôn Kuốp | D8: =BK!C38 -> 72.3597 | E8: =BK!D38 -> 54.996 | F8: =BK!E38 -> 64.9281 | G8: =BK!F38 -> 85.383 | H8: =BK!G38 -> 107.4793 | I8: =BK!H38 -> 71.3818 | J8: =BK!I38 -> 90.2008 | K8: =BK!J38 -> 89.81539 | ... O8: =BK!N38 -> 60.7525 | P8: =SUM(D8:O8) -> 1150.917
C9: Srê Pốk 3 | D9: =[1]SP3!C38 -> 59.67432 | E9: =[1]SP3!D38 -> 45.21073 | F9: =[1]SP3!E38 -> 53.4509 | G9: =[1]SP3!F38 -> 68.85603 | H9: =[1]SP3!G38 -> 89.70359 | I9: =[1]SP3!H38 -> 59.16254 | J9: =[1]SP3!I38 -> 85.5031 | K9: =[1]SP3!J38 -> 70.4134 | ... O9: =[1]SP3!N38 -> 51.8919 | P9: =SUM(D9:O9) -> 972.41551
P10: =SUM(P7:P9) -> 2467.3497
B11: 2013 | C11: Buôn Tua Srah | D11: =BTS!C39 -> 14.8712 | E11: =BTS!D39 -> 12.562 | F11: =BTS!E39 -> 19.8315 | G11: =BTS!F39 -> 15.3008 | H11: =BTS!G39 -> 14.8426 | I11: =BTS!H39 -> 25.203587 | J11: =BTS!I39 -> 28.0868 | K11: =BTS!J39 -> 28.7976 | ... O11: =BTS!N39 -> 23.6578 | P11: =SUM(D11:O11) -> 292.87429
C12: Buôn Kuốp | D12: =BK!C39 -> 40.0302 | E12: =BK!D39 -> 19.7265 | F12: =BK!E39 -> 37.5998 | G12: =BK!F39 -> 30.851 | H12: =BK!G39 -> 48.6099 | I12: =BK!H39 -> 101.43202 | J12: =BK!I39 -> 131.5686 | K12: =BK!J39 -> 123.1328 | ... O12: =BK!N39 -> 92.8843 | P12: =SUM(D12:O12) -> 1035.968
C13: Srê Pốk 3 | D13: =[1]SP3!C39 -> 29.3931 | E13: =[1]SP3!D39 -> 19.7365 | F13: =[1]SP3!E39 -> 34.729 | G13: =[1]SP3!F39 -> 29.2267 | H13: =[1]SP3!G39 -> 42.7624 | I13: =[1]SP3!H39 -> 95.330378 | J13: =[1]SP3!I39 -> 117.224 | K13: =[1]SP3!J39 -> 109.4514 | ... O13: =[1]SP3!N39 -> 73.2728 | P13: =SUM(D13:O13) -> 896.85628
P14: =SUM(P11:P13) -> 2225.6986
B15: 2014 | C15: Buôn Tua Srah | D15: =BTS!C40 -> 25.793 | E15: =BTS!D40 -> 25.0957 | F15: =BTS!E40 -> 29.4891 | G15: =BTS!F40 -> 14.04501 | H15: =BTS!G40 -> 10.383187 | I15: =BTS!H40 -> 19.245 | J15: =BTS!I40 -> 42.0276 | K15: =BTS!J40 -> 38.6109 | ... O15: =BTS!N40 -> 17.038915 | P15: =SUM(D15:O15) -> 321.60531
C16: Buôn Kuốp | D16: =BK!C40 -> 57.8553 | E16: =BK!D40 -> 47.6954 | F16: =BK!E40 -> 58.5853 | G16: =BK!F40 -> 35.4518 | H16: =BK!G40 -> 47.9816 | I16: =BK!H40 -> 79.4217 | J16: =BK!I40 -> 193.5838 | K16: =BK!J40 -> 187.1901 | ... O16: =BK!N40 -> 59.4885 | P16: =SUM(D16:O16) -> 1144.5098
C17: Srê Pốk 3 | D17: =[1]SP3!C40 -> 42.3856 | E17: =[1]SP3!D40 -> 40.9999 | F17: =[1]SP3!E40 -> 41.3543 | G17: =[1]SP3!F40 -> 30.1175 | H17: =[1]SP3!G40 -> 46.6073 | I17: =[1]SP3!H40 -> 74.8871 | J17: =[1]SP3!I40 -> 157.558 | K17: =[1]SP3!J40 -> 156.8312 | ... O17: =[1]SP3!N40 -> 38.7106 | P17: =SUM(D17:O17) -> 936.5579
P18: =SUM(P15:P17) -> 2402.673
B19: 2015 | C19: Buôn Tua Srah | D19: =BTS!C41 -> 19.6557 | E19: =BTS!D41 -> 16.1954 | F19: =BTS!E41 -> 21.9926 | G19: =BTS!F41 -> 19.5488 | H19: =BTS!G41 -> 14.5856 | I19: =BTS!H41 -> 16.866854 | J19: =BTS!I41 -> 30.4535 | K19: =BTS!J41 -> 23.6356 | ... O19: =BTS!N41 -> 11.5308 | P19: =SUM(D19:O19) -> 197.92865
C20: Buôn Kuốp | D20: =BK!C41 -> 49.9482 | E20: =BK!D41 -> 28.3017 | F20: =BK!E41 -> 35.6988 | G20: =BK!F41 -> 35.8584 | H20: =BK!G41 -> 34.9673 | I20: =BK!H41 -> 56.235633 | J20: =BK!I41 -> 110.3762 | K20: =BK!J41 -> 119.4764 | ... O20: =BK!N41 -> 47.1095 | P20: =SUM(D20:O20) -> 735.93693
C21: Srê Pốk 3 | D21: =[1]SP3!C41 -> 42.5503 | E21: =[1]SP3!D41 -> 28.2159 | F21: =[1]SP3!E41 -> 25.0046 | G21: =[1]SP3!F41 -> 36.2131 | H21: =[1]SP3!G41 -> 26.3318 | I21: =[1]SP3!H41 -> 52.941454 | J21: =[1]SP3!I41 -> 82.6439 | K21: =[1]SP3!J41 -> 94.8208 | ... O21: =[1]SP3!N41 -> 32.6814 | P21: =SUM(D21:O21) -> 617.62785
P22: =SUM(P19:P21) -> 1551.4934
B23: 2016 | C23: Buôn Tua Srah | D23: =BTS!C42 -> 20.582 | E23: =BTS!D42 -> 14.8163 | F23: =BTS!E42 -> 17.2857 | G23: =BTS!F42 -> 16.085 | H23: =BTS!G42 -> 14.9197 | I23: =BTS!H42 -> 13.799793 | J23: =BTS!I42 -> 24.193315 | K23: =BTS!J42 -> 24.424044 | ... O23: =BTS!N42 -> 46.91089 | P23: =SUM(D23:O23) -> 294.45187
C24: Buôn Kuốp | D24: =BK!C42 -> 44.5619 | E24: =BK!D42 -> 24.2981 | F24: =BK!E42 -> 28.2843 | G24: =BK!F42 -> 27.1287 | H24: =BK!G42 -> 34.7167 | I24: =BK!H42 -> 54.870967 | J24: =BK!I42 -> 94.481976 | K24: =BK!J42 -> 101.94488 | ... O24: =BK!N42 -> 195.29755 | P24: =SUM(D24:O24) -> 1022.745
C25: Srê Pốk 3 | D25: =[1]SP3!C42 -> 40.5199 | E25: =[1]SP3!D42 -> 25.0884 | F25: =[1]SP3!E42 -> 19.3545 | G25: =[1]SP3!F42 -> 18.6318 | H25: =[1]SP3!G42 -> 34.0952 | I25: =[1]SP3!H42 -> 47.132133 | J25: =[1]SP3!I42 -> 78.753672 | K25: =[1]SP3!J42 -> 83.39679 | ... O25: =[1]SP3!N42 -> 155.64489 | P25: =SUM(D25:O25) -> 853.80417
P26: =SUM(P23:P25) -> 2171.001
B27: 2017 | C27: Buôn Tua Srah | D27: =BTS!C43 -> 31.364886 | E27: =BTS!D43 -> 21.60449 | F27: =BTS!E43 -> 24.754403 | G27: =BTS!F43 -> 30.05862 | H27: =BTS!G43 -> 35.61779 | I27: =BTS!H43 -> 49.377231 | J27: =BTS!I43 -> 26.841632 | K27: =BTS!J43 -> 41.756316 | ... O27: =BTS!N43 -> 41.483337 | P27: =SUM(D27:O27) -> 474.12429
C28: Buôn Kuốp | D28: =BK!C43 -> 147.31777 | E28: =BK!D43 -> 84.774965 | F28: =BK!E43 -> 56.843451 | G28: =BK!F43 -> 71.933518 | H28: =BK!G43 -> 138.78362 | I28: =BK!H43 -> 184.92082 | J28: =BK!I43 -> 158.92539 | K28: =BK!J43 -> 166.84723 | ... O28: =BK!N43 -> 189.60796 | P28: =SUM(D28:O28) -> 1743.2951
C29: Srê Pốk 3 | D29: =[1]SP3!C43 -> 108.60763 | E29: =[1]SP3!D43 -> 60.113166 | F29: =[1]SP3!E43 -> 46.122815 | G29: =[1]SP3!F43 -> 47.596593 | H29: =[1]SP3!G43 -> 110.79442 | I29: =[1]SP3!H43 -> 147.72679 | J29: =[1]SP3!I43 -> 132.76311 | K29: =[1]SP3!J43 -> 131.70101 | ... O29: =[1]SP3!N43 -> 154.08353 | P29: =SUM(D29:O29) -> 1374.0466
D30: =SUM(D27:D29) -> 287.29029 | E30: =SUM(E27:E29) -> 166.49262 | F30: =SUM(F27:F29) -> 127.72067 | G30: =SUM(G27:G29) -> 149.58873 | H30: =SUM(H27:H29) -> 285.19584 | I30: =SUM(I27:I29) -> 382.02484 | J30: =SUM(J27:J29) -> 318.53013 | K30: =SUM(K27:K29) -> 340.30456 | ... P30: =SUM(P27:P29) -> 3591.466
B32: 2018 | C32: Buôn Tua Srah | D32: =BTS!C44 -> 29.766293 | E32: =BTS!D44 -> 25.200817 | F32: =BTS!E44 -> 30.107096 | G32: =BTS!F44 -> 24.195173 | H32: =BTS!G44 -> 15.15389 | I32: =BTS!H44 -> 20.327558 | J32: =BTS!I44 -> 30.515135 | K32: =BTS!J44 -> 39.90778 | ... O32: =BTS!N44 -> 27.942358 | P32: =SUM(D32:O32) -> 377.92104
C33: Buôn Kuốp | D33: =BK!C44 -> 125.76103 | E33: =BK!D44 -> 63.206233 | F33: =BK!E44 -> 66.400333 | G33: =BK!F44 -> 59.581733 | H33: =BK!G44 -> 57.857051 | I33: =BK!H44 -> 71.134424 | J33: =BK!I44 -> 118.96296 | K33: =BK!J44 -> 141.01818 | ... O33: =BK!N44 -> 114.59878 | P33: =SUM(D33:O33) -> 1219.2201
C34: Srê Pốk 3 | D34: =[1]SP3!C44 -> 84.546729 | E34: =[1]SP3!D44 -> 51.033551 | F34: =[1]SP3!E44 -> 46.668175 | G34: =[1]SP3!F44 -> 40.693682 | H34: =[1]SP3!G44 -> 41.664416 | I34: =[1]SP3!H44 -> 62.748268 | J34: =[1]SP3!I44 -> 93.599611 | K34: =[1]SP3!J44 -> 113.87151 | ... O34: =[1]SP3!N44 -> 83.636537 | P34: =SUM(D34:O34) -> 916.69385
P35: =SUM(P32:P34) -> 2513.835
B36: 2019 | C36: Buôn Tua Srah | D36: =BTS!C45 -> 22.552582 | E36: =BTS!D45 -> 20.843499 | F36: =BTS!E45 -> 29.454129 | G36: =BTS!F45 -> 20.305261 | H36: =BTS!G45 -> 13.686037 | I36: =BTS!H45 -> 10.809939 | J36: =BTS!I45 -> 12.072376 | K36: =BTS!J45 -> 35.882241 | ... O36: =BTS!N45 -> 24.291548 | P36: =SUM(D36:O36) -> 309.57582
C37: Buôn Kuốp | D37: =BK!C45 -> 126.22684 | E37: =BK!D45 -> 48.359608 | F37: =BK!E45 -> 60.347191 | G37: =BK!F45 -> 47.448669 | H37: =BK!G45 -> 52.397392 | I37: =BK!H45 -> 60.510795 | J37: =BK!I45 -> 56.785312 | K37: =BK!J45 -> 151.6073 | ... O37: =BK!N45 -> 85.396231 | P37: =SUM(D37:O37) -> 1183.4689
C38: Srê Pốk 3 | D38: =[1]SP3!C45 -> 91.580513 | E38: =[1]SP3!D45 -> 37.416698 | F38: =[1]SP3!E45 -> 43.255248 | G38: =[1]SP3!F45 -> 33.997204 | H38: =[1]SP3!G45 -> 39.573388 | I38: =[1]SP3!H45 -> 49.437029 | J38: =[1]SP3!I45 -> 43.086667 | K38: =[1]SP3!J45 -> 123.83851 | ... O38: =[1]SP3!N45 -> 63.395966 | P38: =SUM(D38:O38) -> 914.79815
P39: =SUM(P36:P38) -> 2407.8429
B40: 2020 | C40: Buôn Tua Srah | D40: =BTS!C46 -> 24.566247 | E40: =BTS!D46 -> 22.680795 | F40: =BTS!E46 -> 25.492475 | G40: =BTS!F46 -> 14.732552 | H40: =BTS!G46 -> 13.924613 | I40: =BTS!H46 -> 10.573797 | J40: =BTS!I46 -> 21.065653 | K40: =BTS!J46 -> 36.942778 | ... O40: =BTS!N46 -> 43.477065 | P40: =SUM(D40:O40) -> 320.8992
C41: Buôn Kuốp | D41: =BK!C46 -> 52.160717 | E41: =BK!D46 -> 38.226069 | F41: =BK!E46 -> 44.340093 | G41: =BK!F46 -> 29.286831 | H41: =BK!G46 -> 28.97667 | I41: =BK!H46 -> 75.012168 | J41: =BK!I46 -> 99.726883 | K41: =BK!J46 -> 195.32552 | ... O41: =BK!N46 -> 202.91343 | P41: =SUM(D41:O41) -> 1327.9817
C42: Srê Pốk 3 | D42: =[1]SP3!C46 -> 41.345302 | E42: =[1]SP3!D46 -> 31.129698 | F42: =[1]SP3!E46 -> 32.180596 | G42: =[1]SP3!F46 -> 24.479286 | H42: =[1]SP3!G46 -> 21.331489 | I42: =[1]SP3!H46 -> 59.464099 | J42: =[1]SP3!I46 -> 88.018131 | K42: =[1]SP3!J46 -> 156.36365 | ... O42: =[1]SP3!N46 -> 154.71384 | P42: =SUM(D42:O42) -> 1063.9682
P43: =SUM(P40:P42) -> 2712.8491
B44: 2021 | C44: Buôn Tua Srah | D44: =BTS!C47 -> 29.164322 | E44: =BTS!D47 -> 26.659042 | F44: =BTS!E47 -> 29.322748 | G44: =BTS!F47 -> 17.608157 | H44: =BTS!G47 -> 14.824697 | I44: =BTS!H47 -> 11.728077 | J44: =BTS!I47 -> 19.794796 | K44: =BTS!J47 -> 20.401461 | ... O44: =BTS!N47 -> 42.598994 | P44: =SUM(D44:O44) -> 339.82087
C45: Buôn Kuốp | D45: =BK!C47 -> 110.36861 | E45: =BK!D47 -> 61.981315 | F45: =BK!E47 -> 61.426697 | G45: =BK!F47 -> 46.831182 | H45: =BK!G47 -> 53.630073 | I45: =BK!H47 -> 49.802541 | J45: =BK!I47 -> 81.105309 | K45: =BK!J47 -> 86.792305 | ... O45: =BK!N47 -> 181.47385 | P45: =SUM(D45:O45) -> 1285.6966
C46: Srê Pốk 3 | D46: =[1]SP3!C47 -> 84.770698 | E46: =[1]SP3!D47 -> 51.779504 | F46: =[1]SP3!E47 -> 43.542483 | G46: =[1]SP3!F47 -> 34.706388 | H46: =[1]SP3!G47 -> 42.992444 | I46: =[1]SP3!H47 -> 39.461504 | J46: =[1]SP3!I47 -> 62.004547 | K46: =[1]SP3!J47 -> 69.880806 | ... O46: =[1]SP3!N47 -> 142.26363 | P46: =SUM(D46:O46) -> 1019.6747
P47: =SUM(P44:P46) -> 2645.1922
B48: 2022 | C48: Buôn Tua Srah | D48: =BTS!C48 -> 33.846495 | E48: =BTS!D48 -> 26.111035 | F48: =BTS!E48 -> 29.464168 | G48: =BTS!F48 -> 23.123994 | H48: =BTS!G48 -> 24.26412 | I48: =BTS!H48 -> 19.669999 | J48: =BTS!I48 -> 33.584183 | K48: =BTS!J48 -> 33.506472 | ... O48: =BTS!N48 -> 26.922136 | P48: =SUM(D48:O48) -> 389.62163
C49: Buôn Kuốp | D49: =BK!C48 -> 122.50594 | E49: =BK!D48 -> 66.919391 | F49: =BK!E48 -> 74.536054 | G49: =BK!F48 -> 71.592841 | H49: =BK!G48 -> 110.18254 | I49: =BK!H48 -> 115.54801 | J49: =BK!I48 -> 163.90113 | K49: =BK!J48 -> 194.26107 | ... O49: =BK!N48 -> 153.62955 | P49: =SUM(D49:O49) -> 1631.5219
C50: Srê Pốk 3 | D50: =[1]SP3!C48 -> 88.530286 | E50: =[1]SP3!D48 -> 51.253605 | F50: =[1]SP3!E48 -> 56.609789 | G50: =[1]SP3!F48 -> 56.499315 | H50: =[1]SP3!G48 -> 80.578216 | I50: =[1]SP3!H48 -> 99.400854 | J50: =[1]SP3!I48 -> 139.00227 | K50: =[1]SP3!J48 -> 157.24092 | ... O50: =[1]SP3!N48 -> 115.04165 | P50: =SUM(D50:O50) -> 1278.5251
P51: =SUM(P48:P50) -> 3299.6686
B52: 2023 | C52: Buôn Tua Srah | D52: =BTS!C49 -> 26.196023 | E52: =BTS!D49 -> 28.209338 | F52: =BTS!E49 -> 28.871706 | G52: =BTS!F49 -> 23.975395 | H52: =BTS!G49 -> 7.3071525 | I52: =BTS!H49 -> 18.939634 | J52: =BTS!I49 -> 27.245995 | K52: =BTS!J49 -> 42.1535 | ... O52: =BTS!N49 -> 31.564489 | P52: =SUM(D52:O52) -> 390.37702
C53: Buôn Kuốp | D53: =BK!C49 -> 113.13543 | E53: =BK!D49 -> 71.298942 | F53: =BK!E49 -> 70.493765 | G53: =BK!F49 -> 62.21761 | H53: =BK!G49 -> 43.759362 | I53: =BK!H49 -> 86.330209 | J53: =BK!I49 -> 141.67029 | K53: =BK!J49 -> 165.0364 | ... O53: =BK!N49 -> 125.96985 | P53: =SUM(D53:O53) -> 1436.9747
C54: Srê Pốk 3 | D54: =[1]SP3!C49 -> 77.740175 | E54: =[1]SP3!D49 -> 56.724159 | F54: =[1]SP3!E49 -> 48.161091 | G54: =[1]SP3!F49 -> 48.283617 | H54: =[1]SP3!G49 -> 32.450061 | I54: =[1]SP3!H49 -> 71.005335 | J54: =[1]SP3!I49 -> 122.00622 | K54: =[1]SP3!J49 -> 136.39896 | ... O54: =[1]SP3!N49 -> 94.563952 | P54: =SUM(D54:O54) -> 1119.5577
P55: =SUM(P52:P54) -> 2946.9094
B56: 2024 | C56: Buôn Tua Srah | D56: =BTS!C50 -> 27.937672 | E56: =BTS!D50 -> 20.617662 | F56: =BTS!E50 -> 18.585531 | G56: =BTS!F50 -> 17.219772 | H56: =BTS!G50 -> 15.081443 | I56: =BTS!H50 -> 23.646055 | J56: =BTS!I50 -> 25.25175 | K56: =BTS!J50 -> 41.779786 | ... O56: =BTS!N50 -> 19.430501 | P56: =SUM(D56:O56) -> 344.37455
C57: Buôn Kuốp | D57: =BK!C50 -> 73.596486 | E57: =BK!D50 -> 42.83267 | F57: =BK!E50 -> 35.955297 | G57: =BK!F50 -> 35.97154 | H57: =BK!G50 -> 54.107531 | I57: =BK!H50 -> 76.060693 | J57: =BK!I50 -> 135.6869 | K57: =BK!J50 -> 176.95261 | ... O57: =BK!N50 -> 137.06629 | P57: =SUM(D57:O57) -> 1267.7947
C58: Srê Pốk 3 | D58: =[1]SP3!C50 -> 57.337101 | E58: =[1]SP3!D50 -> 34.666365 | F58: =[1]SP3!E50 -> 20.916936 | G58: =[1]SP3!F50 -> 29.124926 | H58: =[1]SP3!G50 -> 40.091331 | I58: =[1]SP3!H50 -> 59.665924 | J58: =[1]SP3!I50 -> 100.58271 | K58: =[1]SP3!J50 -> 135.36586 | ... O58: =[1]SP3!N50 -> 93.285053 | P58: =SUM(D58:O58) -> 955.46515
D59: =SUM(D56:D58) -> 158.87126 | E59: =SUM(E56:E58) -> 98.116697 | F59: =SUM(F56:F58) -> 75.457763 | G59: =SUM(G56:G58) -> 82.316238 | H59: =SUM(H56:H58) -> 109.2803 | I59: =SUM(I56:I58) -> 159.37267 | J59: =SUM(J56:J58) -> 261.52136 | K59: =SUM(K56:K58) -> 354.09826 | ... P59: =SUM(P56:P58) -> 2567.6344
C60: LK nT | D60: =D59 -> 158.87126 | E60: =D60+E59 -> 256.98796 | F60: =E60+F59 -> 332.44572 | G60: =F60+G59 -> 414.76196 | H60: =G60+H59 -> 524.04226 | I60: =H60+I59 -> 683.41493
B62: 2025 thực tế | C62: Buôn Tua Srah | D62: 22.818878 | E62: 21.439379 | F62: 23.509354 | G62: 22.266451 | H62: 26.197557 | I62: 27.237136 | J62: 36.338287 | K62: 36.402519 | L62: 46.94247 | M62: 57.272962 | N62: 57.510297 | O62: 50.936517 | P62: =SUM(D62:O62) -> 428.87181
C63: Buôn Kuốp | D63: 112.12193 | E63: 57.954395 | F63: 63.468082 | G63: 53.978005 | H63: 82.254511 | I63: 130.41092 | J63: 130.67554 | K63: 144.11043 | L63: 186.04613 | M63: 192.94678 | N63: 172.11458 | O63: 195.31693 | P63: =SUM(D63:O63) -> 1521.3982
C64: Srê Pốk 3 | D64: 77.60858 | E64: 43.614596 | F64: 48.613678 | G64: 42.923942 | H64: 56.096463 | I64: 114.15302 | J64: 105.41556 | K64: 109.95902 | L64: 150.69743 | M64: 153.49995 | N64: 143.17288 | O64: 140.79668 | P64: =SUM(D64:O64) -> 1186.5518
D65: =SUM(D62:D64) -> 212.54939 | E65: =SUM(E62:E64) -> 123.00837 | F65: =SUM(F62:F64) -> 135.59111 | G65: =SUM(G62:G64) -> 119.1684 | H65: =SUM(H62:H64) -> 164.54853 | I65: =SUM(I62:I64) -> 271.80107 | J65: =SUM(J62:J64) -> 272.42938 | K65: =SUM(K62:K64) -> 290.47197 | ... P65: =SUM(P62:P64) -> 3136.8218 | Q65: =P65/P59 -> 1.2216778
B67: 2025 tính toán | C67: Buôn Tua Srah | D67: =BTS!C55 -> 31.452693 | E67: =BTS!D55 -> 26.597475 | F67: =BTS!E55 -> 25.358337 | G67: =BTS!F55 -> 21.022996 | H67: =BTS!G55 -> 14.484499 | I67: =BTS!H55 -> 17.475359 | J67: =BTS!I55 -> 23.915982 | K67: =BTS!J55 -> 38.589172 | ... O67: =BTS!N55 -> 32.214736 | P67: =SUM(D67:O67) -> 373.28899
C68: Buôn Kuốp | D68: =BK!C55 -> 116.88221 | E68: =BK!D55 -> 64.238351 | F68: =BK!E55 -> 57.828639 | G68: =BK!F55 -> 48.500113 | H68: =BK!G55 -> 61.088284 | I68: =BK!H55 -> 75.706488 | J68: =BK!I55 -> 119.68449 | K68: =BK!J55 -> 170.81228 | ... O68: =BK!N55 -> 167.17823 | P68: =SUM(D68:O68) -> 1440.3237
C69: Srê Pốk 3 | D69: =[1]SP3!C55 -> 0 | E69: =[1]SP3!D55 -> 0 | F69: =[1]SP3!E55 -> 0 | G69: =[1]SP3!F55 -> 0 | H69: =[1]SP3!G55 -> 0 | I69: =[1]SP3!H55 -> 0 | J69: =[1]SP3!I55 -> 0 | K69: =[1]SP3!J55 -> 0 | ... O69: =[1]SP3!N55 -> 0 | P69: =SUM(D69:O69) -> 0
D70: =SUM(D67:D69) -> 148.3349 | E70: =SUM(E67:E69) -> 90.835825 | F70: =SUM(F67:F69) -> 83.186976 | G70: =SUM(G67:G69) -> 69.523109 | H70: =SUM(H67:H69) -> 75.572783 | I70: =SUM(I67:I69) -> 93.181848 | J70: =SUM(J67:J69) -> 143.60047 | K70: =SUM(K67:K69) -> 209.40145 | ... P70: =SUM(P67:P69) -> 1813.6127 | Q70: ←tính từ dự báo sản lượng 11~24
B72: 2025 tính toán | C72: Buôn Tua Srah | D72: =BTS!C56 -> 17.43459 | E72: =BTS!D56 -> 10.85843 | F72: =BTS!E56 -> 9.1137059 | G72: =BTS!F56 -> 10.11481 | H72: =BTS!G56 -> 16.792473 | I72: =BTS!H56 -> 20.334433 | J72: =BTS!I56 -> 34.27039 | K72: =BTS!J56 -> 46.953234 | ... O72: =BTS!N56 -> 29.244139 | P72: =SUM(D72:O72) -> 332.62244
C73: Buôn Kuốp | D73: =BK!C56 -> 101.47676 | E73: =BK!D56 -> 57.192044 | F73: =BK!E56 -> 59.487321 | G73: =BK!F56 -> 55.397065 | H73: =BK!G56 -> 72.942541 | I73: =BK!H56 -> 93.194175 | J73: =BK!I56 -> 127.38043 | K73: =BK!J56 -> 184.51581 | ... O73: =BK!N56 -> 186.9077 | P73: =SUM(D73:O73) -> 1504.6797
C74: Srê Pốk 3 | D74: =[1]SP3!C56 -> 0 | E74: =[1]SP3!D56 -> 0 | F74: =[1]SP3!E56 -> 0 | G74: =[1]SP3!F56 -> 0 | H74: =[1]SP3!G56 -> 0 | I74: =[1]SP3!H56 -> 0 | J74: =[1]SP3!I56 -> 0 | K74: =[1]SP3!J56 -> 0 | ... O74: =[1]SP3!N56 -> 0 | P74: =SUM(D74:O74) -> 0
D75: =SUM(D72:D74) -> 118.91135 | E75: =SUM(E72:E74) -> 68.050474 | F75: =SUM(F72:F74) -> 68.601027 | G75: =SUM(G72:G74) -> 65.511876 | H75: =SUM(H72:H74) -> 89.735015 | I75: =SUM(I72:I74) -> 113.52861 | J75: =SUM(J72:J74) -> 161.65082 | K75: =SUM(K72:K74) -> 231.46905 | ... P75: =SUM(P72:P74) -> 1837.3022 | Q75: ←tính từ Qv dự báo, dữ kiện 1977~2024
P77: 0.7 | Q77: a | R77: dùng trọng số theo nguyên lý Parreto, trọng số lớn do Qv, trọng số nhỏ là dữ kiện vận hành thực tế
P78: =1-P77 -> 0.3 | Q78: b
B79: 2025 tính toán | C79: Buôn Tua Srah | D79: =D72*$P$77+$P$78*D67 -> 21.640021 | E79: =E72*$P$77+$P$78*E67 -> 15.580143 | F79: =F72*$P$77+$P$78*F67 -> 13.987095 | G79: =G72*$P$77+$P$78*G67 -> 13.387266 | H79: =H72*$P$77+$P$78*H67 -> 16.100081 | I79: =I72*$P$77+$P$78*I67 -> 19.476711 | J79: =J72*$P$77+$P$78*J67 -> 31.164068 | K79: =K72*$P$77+$P$78*K67 -> 44.444016 | ... O79: =O72*$P$77+$P$78*O67 -> 30.135318 | P79: =SUM(D79:O79) -> 344.82241
C80: Buôn Kuốp | D80: =D73*$P$77+$P$78*D68 -> 106.09839 | E80: =E73*$P$77+$P$78*E68 -> 59.305936 | F80: =F73*$P$77+$P$78*F68 -> 58.989717 | G80: =G73*$P$77+$P$78*G68 -> 53.327979 | H80: =H73*$P$77+$P$78*H68 -> 69.386264 | I80: =I73*$P$77+$P$78*I68 -> 87.947869 | J80: =J73*$P$77+$P$78*J68 -> 125.07165 | K80: =K73*$P$77+$P$78*K68 -> 180.40475 | ... O80: =O73*$P$77+$P$78*O68 -> 180.98886 | P80: =SUM(D80:O80) -> 1485.3729
C81: Srê Pốk 3 | D81: =D74*$P$77+$P$78*D69 -> 0 | E81: =E74*$P$77+$P$78*E69 -> 0 | F81: =F74*$P$77+$P$78*F69 -> 0 | G81: =G74*$P$77+$P$78*G69 -> 0 | H81: =H74*$P$77+$P$78*H69 -> 0 | I81: =I74*$P$77+$P$78*I69 -> 0 | J81: =J74*$P$77+$P$78*J69 -> 0 | K81: =K74*$P$77+$P$78*K69 -> 0 | ... O81: =O74*$P$77+$P$78*O69 -> 0 | P81: =SUM(D81:O81) -> 0
D82: =SUM(D79:D81) -> 127.73841 | E82: =SUM(E79:E81) -> 74.886079 | F82: =SUM(F79:F81) -> 72.976812 | G82: =SUM(G79:G81) -> 66.715246 | H82: =SUM(H79:H81) -> 85.486345 | I82: =SUM(I79:I81) -> 107.42458 | J82: =SUM(J79:J81) -> 156.23571 | K82: =SUM(K79:K81) -> 224.84877 | ... P82: =SUM(P79:P81) -> 1830.1953 | Q82: ←tính bằng axSLQv dự báo +bxSL dự báo từ 11~24
B84: 2025 thực tế | C84: Buôn Tua Srah | D84: 22.818878 | E84: 21.439379 | F84: 23.509354 | G84: 22.266451 | H84: 26.197557 | I84: 27.237136 | J84: 36.338287 | K84: 36.402519 | L84: 46.94247 | M84: 57.272962 | N84: 57.510297 | O84: 50.936517 | P84: =SUM(D84:O84) -> 428.87181
C85: Buôn Kuốp | D85: 112.12193 | E85: 57.954395 | F85: 63.468082 | G85: 53.978005 | H85: 82.254511 | I85: 130.41092 | J85: 130.67554 | K85: 144.11043 | L85: 186.04613 | M85: 192.94678 | N85: 172.11458 | O85: 195.31693 | P85: =SUM(D85:O85) -> 1521.3982
C86: Srê Pốk 3 | D86: 77.60858 | E86: 43.614596 | F86: 48.613678 | G86: 42.923942 | H86: 56.096463 | I86: 114.15302 | J86: 105.41556 | K86: 109.95902 | L86: 150.69743 | M86: 153.49995 | N86: 143.17288 | O86: 140.79668 | P86: =SUM(D86:O86) -> 1186.5518
D87: =SUM(D84:D86) -> 212.54939 | E87: =SUM(E84:E86) -> 123.00837 | F87: =SUM(F84:F86) -> 135.59111 | G87: =SUM(G84:G86) -> 119.1684 | H87: =SUM(H84:H86) -> 164.54853 | I87: =SUM(I84:I86) -> 271.80107 | J87: =SUM(J84:J86) -> 272.42938 | K87: =SUM(K84:K86) -> 290.47197 | ... P87: =SUM(P84:P86) -> 3136.8218 | Q87: =P87/P82 -> 1.7139274
B89: 2026 tính toán | C89: Buôn Tua Srah | D89: 25.180367 | E89: 20.784853 | F89: 19.552733 | G89: 17.12844 | H89: 15.275077 | I89: 20.055072 | J89: 26.638461 | K89: 42.621687 | L89: 54.12776 | M89: 51.896521 | N89: 46.331535 | O89: 33.968313 | P89: =SUM(D89:O89) -> 373.56082
C90: Buôn Kuốp | D90: 106.29502 | E90: 57.648528 | F90: 49.926347 | G90: 43.188479 | H90: 64.082706 | I90: 92.28092 | J90: 125.30577 | K90: 173.64205 | L90: 196.71604 | M90: 190.00485 | N90: 181.95274 | O90: 176.75859 | P90: =SUM(D90:O90) -> 1457.802
C91: Srê Pốk 3 | D91: 74.920468 | E91: 42.110508 | F91: 34.761525 | G91: 31.5064 | H91: 42.801503 | I91: 70.691355 | J91: 94.872354 | K91: 132.47706 | L91: 154.18479 | M91: 149.38326 | N91: 143.03734 | O91: 125.91897 | P91: =SUM(D91:O91) -> 1096.6655
D92: 206 | E92: 128 | F92: 140 | G92: =SUM(G89:G91) -> 91.823319 | H92: =SUM(H89:H91) -> 122.15929 | I92: =SUM(I89:I91) -> 183.02735 | J92: =SUM(J89:J91) -> 246.81659 | K92: =SUM(K89:K91) -> 348.7408 | L92: =SUM(L89:L91) -> 405.0286 | M92: =SUM(M89:M91) -> 391.28463 | N92: =SUM(N89:N91) -> 371.32161 | O92: =SUM(O89:O91) -> 336.64587 | P92: =SUM(D92:O92) -> 2970.8481 | Q92: ←tính gộp
H105: ss 24 | I105: =I98-I60 -> -683.41493
H106: ss 17 | I106: =I98-#REF! -> #REF!

Sheet Sheet1
C1: 1 | D1: 2 | E1: 3 | F1: 4 | G1: 5 | H1: 6 | I1: 7 | J1: 8 | K1: 9 | L1: 10 | M1: 11 | N1: 12 | O1: Tổng
B2: 2011 | C2: ='2011'!C6 -> 132.80656 | D2: ='2011'!D6 -> 85.25483 | E2: ='2011'!E6 -> 134.30105 | F2: ='2011'!F6 -> 127.50973 | G2: ='2011'!G6 -> 99.26342 | H2: ='2011'!H6 -> 278.44369 | I2: ='2011'!I6 -> 273.76387 | J2: ='2011'!J6 -> 332.59274 | ... N2: ='2011'!N6 -> 292.86168 | O2: =SUM(C2:N2) -> 2793.2387
B3: 2012 | C3: ='2012'!C6 -> 149.62722 | D3: ='2012'!D6 -> 125.1519 | E3: ='2012'!E6 -> 149.15542 | F3: ='2012'!F6 -> 172.57065 | G3: ='2012'!G6 -> 229.4237 | H3: ='2012'!H6 -> 148.7842 | I3: ='2012'!I6 -> 199.09021 | J3: ='2012'!J6 -> 184.81719 | ... N3: ='2012'!N6 -> 138.85826 | O3: =SUM(C3:N3) -> 2467.3497
B4: 2013 | C4: ='2013'!C6 -> 84.2945 | D4: ='2013'!D6 -> 52.025 | E4: ='2013'!E6 -> 92.1603 | F4: ='2013'!F6 -> 75.3785 | G4: ='2013'!G6 -> 106.2149 | H4: ='2013'!H6 -> 221.96598 | I4: ='2013'!I6 -> 276.8794 | J4: ='2013'!J6 -> 261.3818 | ... N4: ='2013'!N6 -> 189.8149 | O4: =SUM(C4:N4) -> 2225.6986
B5: 2014 | C5: ='2014'!C6 -> 126.0339 | D5: ='2014'!D6 -> 113.791 | E5: ='2014'!E6 -> 129.4287 | F5: ='2014'!F6 -> 79.61431 | G5: ='2014'!G6 -> 104.97209 | H5: ='2014'!H6 -> 173.5538 | I5: ='2014'!I6 -> 393.1694 | J5: ='2014'!J6 -> 382.6322 | ... N5: ='2014'!N6 -> 115.23801 | O5: =SUM(C5:N5) -> 2402.673
B6: 2015 | C6: ='2015'!C6 -> 112.1542 | D6: ='2015'!D6 -> 72.713 | E6: ='2015'!E6 -> 82.696 | F6: ='2015'!F6 -> 91.6203 | G6: ='2015'!G6 -> 75.8847 | H6: ='2015'!H6 -> 126.04394 | I6: ='2015'!I6 -> 223.4736 | J6: ='2015'!J6 -> 237.9328 | ... N6: ='2015'!N6 -> 91.3217 | O6: =SUM(C6:N6) -> 1551.4934
B7: 2016 | C7: ='2016'!C6 -> 105.6638 | D7: ='2016'!D6 -> 64.2028 | E7: ='2016'!E6 -> 64.9245 | F7: ='2016'!F6 -> 61.8455 | G7: ='2016'!G6 -> 83.7316 | H7: ='2016'!H6 -> 115.80289 | I7: ='2016'!I6 -> 197.42896 | J7: ='2016'!J6 -> 209.76571 | ... N7: ='2016'!N6 -> 397.85334 | O7: =SUM(C7:N7) -> 2171.001
B8: 2017 | C8: ='2017'!C6 -> 287.29029 | D8: ='2017'!D6 -> 166.49262 | E8: ='2017'!E6 -> 127.72067 | F8: ='2017'!F6 -> 149.58873 | G8: ='2017'!G6 -> 285.19584 | H8: ='2017'!H6 -> 382.02484 | I8: ='2017'!I6 -> 318.53013 | J8: ='2017'!J6 -> 340.30456 | ... N8: ='2017'!N6 -> 385.17483 | O8: =SUM(C8:N8) -> 3591.466
B9: 2018 | C9: ='2018'!C6 -> 240.07405 | D9: ='2018'!D6 -> 139.4406 | E9: ='2018'!E6 -> 143.1756 | F9: ='2018'!F6 -> 124.47059 | G9: ='2018'!G6 -> 114.67536 | H9: ='2018'!H6 -> 154.21025 | I9: ='2018'!I6 -> 243.0777 | J9: ='2018'!J6 -> 294.79748 | ... N9: ='2018'!N6 -> 226.17768 | O9: =SUM(C9:N9) -> 2513.835
B10: 2019 | C10: ='2019'!C6 -> 240.35994 | D10: ='2019'!D6 -> 106.6198 | E10: ='2019'!E6 -> 133.05657 | F10: ='2019'!F6 -> 101.75113 | G10: ='2019'!G6 -> 105.65682 | H10: ='2019'!H6 -> 120.75776 | I10: ='2019'!I6 -> 111.94436 | J10: ='2019'!J6 -> 311.32804 | ... N10: ='2019'!N6 -> 173.08375 | O10: =SUM(C10:N10) -> 2407.8429
B11: 2020 | C11: ='2020'!C6 -> 118.07227 | D11: ='2020'!D6 -> 92.036562 | E11: ='2020'!E6 -> 102.01316 | F11: ='2020'!F6 -> 68.498669 | G11: ='2020'!G6 -> 64.232772 | H11: ='2020'!H6 -> 145.05006 | I11: ='2020'!I6 -> 208.81067 | J11: ='2020'!J6 -> 388.63195 | ... N11: ='2020'!N6 -> 401.10433 | O11: =SUM(C11:N11) -> 2712.8491
B12: 2021 | C12: ='2021'!C6 -> 224.30363 | D12: ='2021'!D6 -> 140.41986 | E12: ='2021'!E6 -> 134.29193 | F12: ='2021'!F6 -> 99.145727 | G12: ='2021'!G6 -> 111.44721 | H12: ='2021'!H6 -> 100.99212 | I12: ='2021'!I6 -> 162.90465 | J12: ='2021'!J6 -> 177.07457 | ... N12: ='2021'!N6 -> 366.33647 | O12: =SUM(C12:N12) -> 2645.1922
B13: 2022 | C13: ='2022'!C6 -> 244.88273 | D13: ='2022'!D6 -> 144.28403 | E13: ='2022'!E6 -> 160.61001 | F13: ='2022'!F6 -> 151.21615 | G13: ='2022'!G6 -> 215.02488 | H13: ='2022'!H6 -> 234.61886 | I13: ='2022'!I6 -> 336.48757 | J13: ='2022'!J6 -> 385.00846 | ... N13: ='2022'!N6 -> 295.59334 | O13: =SUM(C13:N13) -> 3299.6686
B14: 2023 | C14: ='2023'!C6 -> 217.07163 | D14: ='2023'!D6 -> 156.23244 | E14: ='2023'!E6 -> 147.52656 | F14: ='2023'!F6 -> 134.47662 | G14: ='2023'!G6 -> 83.516576 | H14: ='2023'!H6 -> 176.27518 | I14: ='2023'!I6 -> 290.9225 | J14: ='2023'!J6 -> 343.58886 | ... N14: ='2023'!N6 -> 252.09829 | O14: =SUM(C14:N14) -> 2946.9094
B15: 2024 | C15: ='2024'!C6 -> 158.87126 | D15: ='2024'!D6 -> 98.116697 | E15: ='2024'!E6 -> 75.457763 | F15: ='2024'!F6 -> 82.316238 | G15: ='2024'!G6 -> 109.2803 | H15: ='2024'!H6 -> 159.37267 | I15: ='2024'!I6 -> 261.52136 | J15: ='2024'!J6 -> 354.09826 | ... N15: ='2024'!N6 -> 249.78184 | O15: =SUM(C15:N15) -> 2567.6344
K16: tb | L16: =B15-B2+1 -> 14 | M16: năm | N16: 11~24 | O16: =AVERAGE(O2:O15) -> 2592.6323
B17: 2025 | C17: 212.55 | D17: 122.99 | E17: 135.59111 | F17: 119.1684 | K17: tb | L17: =B15-B11+1 -> 5 | M17: năm | N17: 20~24 | O17: =AVERAGE(O11:O15) -> 2834.4508
K18: tb | L18: =B15-B13+1 -> 3 | M18: năm | N18: 22~24 | O18: =AVERAGE(O13:O15) -> 2938.0708
M31: 5

Sheet Sheet2
A1: Tháng 6 nhìn lại
B2: Qv giống | C2: 1 | D2: 2 | E2: 3 | F2: 4 | G2: 5 | H2: 6 | I2: 7 | J2: 8 | K2: 9 | L2: 10 | M2: 11 | N2: 12
A3: Buôn Tua Srah | B3: 2006 | C3: 16.619351 | D3: 11.596865 | E3: 10.617081 | F3: 10.566486 | G3: 12.064865 | H3: 13.952432 | I3: 32.876757 | J3: 60.183074 | K3: 47.87027 | L3: 61.071907 | M3: 20.578378 | N3: 15.533514 | O3: =SUM(C3:N3) -> 313.53098
A4: Buôn Kuốp | B4: 2018 | C4: 125.76103 | D4: 63.206233 | E4: 66.400333 | F4: 59.581733 | G4: 57.857051 | H4: 71.134424 | I4: 118.96296 | J4: 141.01818 | K4: 164.50247 | L4: 147.8251 | M4: 88.371789 | N4: 114.59878 | O4: =SUM(C4:N4) -> 1219.2201
A5: Srê Pốk 3 | B5: 2021 | C5: 84.770698 | D5: 51.779504 | E5: 43.542483 | F5: 34.706388 | G5: 42.992444 | H5: 39.461504 | I5: 62.004547 | J5: 69.880806 | K5: 133.27867 | L5: 157.50554 | M5: 157.48853 | N5: 142.26363 | O5: =SUM(C5:N5) -> 1019.6747
C6: =SUM(C3:C5) -> 227.15108 | D6: =SUM(D3:D5) -> 126.5826 | E6: =SUM(E3:E5) -> 120.5599 | F6: =SUM(F3:F5) -> 104.85461 | G6: =SUM(G3:G5) -> 112.91436 | H6: =SUM(H3:H5) -> 124.54836 | I6: =SUM(I3:I5) -> 213.84426 | J6: =SUM(J3:J5) -> 271.08206 | ... O6: =SUM(O3:O5) -> 2552.4258
B15: [tr.kwh]
A16: Buôn Tua Srah | C16: 22.82 | D16: 21.43 | E16: 23.509354 | F16: 22.266451 | O16: 90.025805
A17: Buôn Kuốp | C17: 112.12 | D17: 57.95 | E17: 63.468082 | F17: 53.978005 | O17: 287.51609
A18: Srê Pốk 3 | C18: 77.61 | D18: 43.61 | E18: 48.613678 | F18: 42.923942 | O18: 212.75762
C19: 212.55 | D19: 122.99 | E19: 135.59111 | F19: 119.1684 | G19: 0 | H19: 0 | I19: 0 | J19: 0 | K19: 0 | L19: 0 | M19: 0 | N19: 0 | O19: 590.29951
