Workbook

Sheet Đầu vào
B2: Dữ kiện gồm có
B3: - Bảng tra lưu lượng ứng với từng nấc tần suất
B4: - Bảng tính sản lượng ứng với tần suất
B5: - Thống kê sản lượng điện qua các năm
B6: - Thủy văn 2024 của đài Tây nguyên và TCT theo dõi thực tế

Sheet TS Ho
A1: BUÔN KUỐP | L1: BUÔN TUA SRAH | U1: SRÊPÔK 3
A2: THÔNG SỐ HỒ CHỨA | D2: DUNG TÍCH HỮU ÍCH (10^6m3) | G2: SUẤT TIÊU HAO NƯỚC | J2: 3.9893291 | L2: THÔNG SỐ HỒ CHỨA | O2: DUNG TÍCH HỮU ÍCH (10^6m3) | R2: SUẤT TIÊU HAO NƯỚC | S2: =AVERAGE(S4:S2253) -> 8.8786378 | U2: THÔNG SỐ HỒ CHỨA | X2: DUNG TÍCH HỮU ÍCH (10^6m3) | AA2: SUẤT TIÊU HAO NƯỚC | AD2: 6.6505614
A3: MNH (m) | B3: DUNG TICH (10^6m3) | C3: DiỆN TÍCH (Km2) | D3: MNH (m) | E3: DUNG TICH HỮU ÍCH (10^6m3) | F3: MNH (m) | G3: MNH (m) | H3: Dung tích chạy máy (10^6m3) | I3: Sản lượng ngày (MWh) | J3: Suất hao nước (m3/kwh) | L3: MNH (m) | M3: DUNG TICH (10^6m3) | N3: DiỆN TÍCH (Km2) | O3: MNH (m) | P3: DUNG TICH HỮU ÍCH (10^6m3) | Q3: MNH (m) | R3: MNH (m) | S3: Suất hao nước (m3/kwh) | U3: MNH (m) | V3: DUNG TICH (10^6m3) | W3: DiỆN TÍCH (Km2) | X3: MNH (m) | Y3: DUNG TICH HỮU ÍCH (10^6m3) | Z3: MNH (m) | AA3: MNH (m) | AB3: Dung tích chạy máy (10^6m3) | AC3: Sản lượng ngày (MWh) | AD3: Suất hao nước (m3/kwh)
A4: 408 | B4: 45 | C4: 4.2 | D4: 408 | E4: =VLOOKUP(D4,THONGSOHO_BK,2,1)+(VLOOKUP(D4+1,THONGSOHO_BK,2,1)-VLOOKUP(D4,THONGSOHO_BK,2,1))/1*(D4-VLOOKUP(D4,THONGSOHO_BK,1,1))-48.55 -> #NAME? | F4: 408 | G4: 410 | H4: 7.5150643 | I4: 1885.5 | J4: =H4/I4*10^3 -> 3.9857143 | L4: 427 | M4: 0 | N4: 0 | O4: 464.5 | P4: =VLOOKUP(O4,THONGSOHO_BTS,2,1)+(VLOOKUP(O4+5,THONGSOHO_BTS,2,1)-VLOOKUP(O4,THONGSOHO_BTS,2,1))/5*(O4-VLOOKUP(O4,THONGSOHO_BTS,1,1))-264.29 -> #NAME? | Q4: 464.5 | R4: 465.01 | S4: 11.3792 | U4: 256 | V4: 43.851 | W4: 5.629 | X4: 267 | Y4: =VLOOKUP(X4,THONGSOHO_SP3,2,1)+(VLOOKUP(X4+2,THONGSOHO_SP3,2,1)-VLOOKUP(X4,THONGSOHO_SP3,2,1))/2*(X4-VLOOKUP(X4,THONGSOHO_SP3,1,1))-156.13 -> #NAME? | Z4: 267 | AA4: 271.01 | AB4: 8.4889 | AC4: 1273.1 | AD4: =AB4/AC4*10^3 -> 6.6678973
A5: 409 | B5: 48.55 | C5: 4.51 | D5: 408.01 | E5: =VLOOKUP(D5,THONGSOHO_BK,2,1)+(VLOOKUP(D5+1,THONGSOHO_BK,2,1)-VLOOKUP(D5,THONGSOHO_BK,2,1))/1*(D5-VLOOKUP(D5,THONGSOHO_BK,1,1))-48.55 -> #NAME? | F5: 408.01 | G5: 409.52 | H5: 6.4010571 | I5: 1606 | J5: =H5/I5*10^3 -> 3.9857143 | L5: 430 | M5: 0.77 | N5: 0.77 | O5: 464.51 | P5: =VLOOKUP(O5,THONGSOHO_BTS,2,1)+(VLOOKUP(O5+5,THONGSOHO_BTS,2,1)-VLOOKUP(O5,THONGSOHO_BTS,2,1))/5*(O5-VLOOKUP(O5,THONGSOHO_BTS,1,1))-264.29 -> #NAME? | Q5: 464.51 | R5: 465.02 | S5: 11.3784 | U5: 258 | V5: 56.118 | W5: 6.652 | X5: 267.01 | Y5: =VLOOKUP(X5,THONGSOHO_SP3,2,1)+(VLOOKUP(X5+2,THONGSOHO_SP3,2,1)-VLOOKUP(X5,THONGSOHO_SP3,2,1))/2*(X5-VLOOKUP(X5,THONGSOHO_SP3,1,1))-156.13 -> #NAME? | Z5: 267.01 | AA5: 270.961 | AB5: 11.7974 | AC5: 1726.8 | AD5: =AB5/AC5*10^3 -> 6.8319435
A6: 410 | B6: 53.15 | C6: 4.71 | D6: 408.02 | E6: =VLOOKUP(D6,THONGSOHO_BK,2,1)+(VLOOKUP(D6+1,THONGSOHO_BK,2,1)-VLOOKUP(D6,THONGSOHO_BK,2,1))/1*(D6-VLOOKUP(D6,THONGSOHO_BK,1,1))-48.55 -> #NAME? | F6: 408.02 | G6: 409.46 | H6: 4.4954871 | I6: 1127.9 | J6: =H6/I6*10^3 -> 3.9857143 | L6: 435 | M6: 7.13 | N6: 1.85 | O6: 464.52 | P6: =VLOOKUP(O6,THONGSOHO_BTS,2,1)+(VLOOKUP(O6+5,THONGSOHO_BTS,2,1)-VLOOKUP(O6,THONGSOHO_BTS,2,1))/5*(O6-VLOOKUP(O6,THONGSOHO_BTS,1,1))-264.29 -> #NAME? | Q6: 464.52 | R6: 465.03 | S6: 11.3776 | U6: 260 | V6: 70.678 | W6: 7.927 | X6: 267.02 | Y6: =VLOOKUP(X6,THONGSOHO_SP3,2,1)+(VLOOKUP(X6+2,THONGSOHO_SP3,2,1)-VLOOKUP(X6,THONGSOHO_SP3,2,1))/2*(X6-VLOOKUP(X6,THONGSOHO_SP3,1,1))-156.13 -> #NAME? | Z6: 267.02 | AA6: 270.592 | AB6: 13.8096 | AC6: 2076 | AD6: =AB6/AC6*10^3 -> 6.6520231
A7: 411 | B7: 57.98 | C7: 4.95 | D7: 408.03 | E7: =VLOOKUP(D7,THONGSOHO_BK,2,1)+(VLOOKUP(D7+1,THONGSOHO_BK,2,1)-VLOOKUP(D7,THONGSOHO_BK,2,1))/1*(D7-VLOOKUP(D7,THONGSOHO_BK,1,1))-48.55 -> #NAME? | F7: 408.03 | G7: 409.78 | H7: 4.19616 | I7: 1052.8 | J7: =H7/I7*10^3 -> 3.9857143 | L7: 440 | M7: 21.75 | N7: 4.15 | O7: 464.53 | P7: =VLOOKUP(O7,THONGSOHO_BTS,2,1)+(VLOOKUP(O7+5,THONGSOHO_BTS,2,1)-VLOOKUP(O7,THONGSOHO_BTS,2,1))/5*(O7-VLOOKUP(O7,THONGSOHO_BTS,1,1))-264.29 -> #NAME? | Q7: 464.53 | R7: 465.04 | S7: 11.3768 | U7: 262 | V7: 87.896 | W7: 9.309 | X7: 267.03 | Y7: =VLOOKUP(X7,THONGSOHO_SP3,2,1)+(VLOOKUP(X7+2,THONGSOHO_SP3,2,1)-VLOOKUP(X7,THONGSOHO_SP3,2,1))/2*(X7-VLOOKUP(X7,THONGSOHO_SP3,1,1))-156.13 -> #NAME? | Z7: 267.03 | AA7: 270.15 | AB7: 13.5379 | AC7: 1986.3 | AD7: =AB7/AC7*10^3 -> 6.8156371
A8: 412 | B8: 63.24 | C8: 5.57 | D8: 408.04 | E8: =VLOOKUP(D8,THONGSOHO_BK,2,1)+(VLOOKUP(D8+1,THONGSOHO_BK,2,1)-VLOOKUP(D8,THONGSOHO_BK,2,1))/1*(D8-VLOOKUP(D8,THONGSOHO_BK,1,1))-48.55 -> #NAME? | F8: 408.04 | G8: 409.48 | H8: 5.9163943 | I8: 1484.4 | J8: =H8/I8*10^3 -> 3.9857143 | L8: 445 | M8: 49.47 | N8: 7.07 | O8: 464.54 | P8: =VLOOKUP(O8,THONGSOHO_BTS,2,1)+(VLOOKUP(O8+5,THONGSOHO_BTS,2,1)-VLOOKUP(O8,THONGSOHO_BTS,2,1))/5*(O8-VLOOKUP(O8,THONGSOHO_BTS,1,1))-264.29 -> #NAME? | Q8: 464.54 | R8: 465.05 | S8: 11.376 | U8: 264 | V8: 107.91 | W8: 10.723 | X8: 267.04 | Y8: =VLOOKUP(X8,THONGSOHO_SP3,2,1)+(VLOOKUP(X8+2,THONGSOHO_SP3,2,1)-VLOOKUP(X8,THONGSOHO_SP3,2,1))/2*(X8-VLOOKUP(X8,THONGSOHO_SP3,1,1))-156.13 -> #NAME? | Z8: 267.04 | AA8: 270.14 | AB8: 6.2752 | AC8: 949.1 | AD8: =AB8/AC8*10^3 -> 6.6117374
A9: 413 | B9: 69.43 | C9: 6.82 | D9: 408.05 | E9: =VLOOKUP(D9,THONGSOHO_BK,2,1)+(VLOOKUP(D9+1,THONGSOHO_BK,2,1)-VLOOKUP(D9,THONGSOHO_BK,2,1))/1*(D9-VLOOKUP(D9,THONGSOHO_BK,1,1))-48.55 -> #NAME? | F9: 408.05 | G9: 409.57 | H9: 3.7178743 | I9: 932.8 | J9: =H9/I9*10^3 -> 3.9857143 | L9: 450 | M9: 89.3 | N9: 8.89 | O9: 464.55 | P9: =VLOOKUP(O9,THONGSOHO_BTS,2,1)+(VLOOKUP(O9+5,THONGSOHO_BTS,2,1)-VLOOKUP(O9,THONGSOHO_BTS,2,1))/5*(O9-VLOOKUP(O9,THONGSOHO_BTS,1,1))-264.29 -> #NAME? | Q9: 464.55 | R9: 465.06 | S9: 11.3752 | U9: 266 | V9: 130.53 | W9: 11.907 | X9: 267.05 | Y9: =VLOOKUP(X9,THONGSOHO_SP3,2,1)+(VLOOKUP(X9+2,THONGSOHO_SP3,2,1)-VLOOKUP(X9,THONGSOHO_SP3,2,1))/2*(X9-VLOOKUP(X9,THONGSOHO_SP3,1,1))-156.13 -> #NAME? | Z9: 267.05 | AA9: 270.115 | AB9: 9.3726 | AC9: 1405 | AD9: =AB9/AC9*10^3 -> 6.6708897
A10: 414 | B10: 78.49 | C10: 11.52 | D10: 408.06 | E10: =VLOOKUP(D10,THONGSOHO_BK,2,1)+(VLOOKUP(D10+1,THONGSOHO_BK,2,1)-VLOOKUP(D10,THONGSOHO_BK,2,1))/1*(D10-VLOOKUP(D10,THONGSOHO_BK,1,1))-48.55 -> #NAME? | F10: 408.06 | G10: 410.69 | H10: 0.58829143 | I10: 147.6 | J10: =H10/I10*10^3 -> 3.9857143 | L10: 455 | M10: 138.23 | N10: 10.71 | O10: 464.56 | P10: =VLOOKUP(O10,THONGSOHO_BTS,2,1)+(VLOOKUP(O10+5,THONGSOHO_BTS,2,1)-VLOOKUP(O10,THONGSOHO_BTS,2,1))/5*(O10-VLOOKUP(O10,THONGSOHO_BTS,1,1))-264.29 -> #NAME? | Q10: 464.56 | R10: 465.07 | S10: 11.3744 | U10: 268 | V10: 156.13 | W10: 13.716 | X10: 267.06 | Y10: =VLOOKUP(X10,THONGSOHO_SP3,2,1)+(VLOOKUP(X10+2,THONGSOHO_SP3,2,1)-VLOOKUP(X10,THONGSOHO_SP3,2,1))/2*(X10-VLOOKUP(X10,THONGSOHO_SP3,1,1))-156.13 -> #NAME? | Z10: 267.06 | AA10: 270.254 | AB10: 2.6945 | AC10: 407.7 | AD10: =AB10/AC10*10^3 -> 6.6090262
A11: 415 | B11: 95.71 | C11: 23.63 | D11: 408.07 | E11: =VLOOKUP(D11,THONGSOHO_BK,2,1)+(VLOOKUP(D11+1,THONGSOHO_BK,2,1)-VLOOKUP(D11,THONGSOHO_BK,2,1))/1*(D11-VLOOKUP(D11,THONGSOHO_BK,1,1))-48.55 -> #NAME? | F11: 408.07 | G11: 410.91 | H11: 2.6070557 | I11: 654.1 | J11: =H11/I11*10^3 -> 3.9857143 | L11: 460 | M11: 196.24 | N11: 12.52 | O11: 464.57 | P11: =VLOOKUP(O11,THONGSOHO_BTS,2,1)+(VLOOKUP(O11+5,THONGSOHO_BTS,2,1)-VLOOKUP(O11,THONGSOHO_BTS,2,1))/5*(O11-VLOOKUP(O11,THONGSOHO_BTS,1,1))-264.29 -> #NAME? | Q11: 464.57 | R11: 465.08 | S11: 11.3736 | U11: 270 | V11: 185.58 | W11: 15.751 | X11: 267.07 | Y11: =VLOOKUP(X11,THONGSOHO_SP3,2,1)+(VLOOKUP(X11+2,THONGSOHO_SP3,2,1)-VLOOKUP(X11,THONGSOHO_SP3,2,1))/2*(X11-VLOOKUP(X11,THONGSOHO_SP3,1,1))-156.13 -> #NAME? | Z11: 267.07 | AA11: 270.39 | AB11: 1.1 | AC11: 157.7 | AD11: =AB11/AC11*10^3 -> 6.9752695
D12: 408.08 | E12: =VLOOKUP(D12,THONGSOHO_BK,2,1)+(VLOOKUP(D12+1,THONGSOHO_BK,2,1)-VLOOKUP(D12,THONGSOHO_BK,2,1))/1*(D12-VLOOKUP(D12,THONGSOHO_BK,1,1))-48.55 -> #NAME? | F12: 408.08 | G12: 411.26 | H12: 2.8115229 | I12: 705.4 | J12: =H12/I12*10^3 -> 3.9857143 | L12: 465 | M12: 264.29 | N12: 14.73 | O12: 464.58 | P12: =VLOOKUP(O12,THONGSOHO_BTS,2,1)+(VLOOKUP(O12+5,THONGSOHO_BTS,2,1)-VLOOKUP(O12,THONGSOHO_BTS,2,1))/5*(O12-VLOOKUP(O12,THONGSOHO_BTS,1,1))-264.29 -> #NAME? | Q12: 464.58 | R12: 465.09 | S12: 11.3728 | U12: 272 | V12: 218.99 | W12: 17.676 | X12: 267.08 | Y12: =VLOOKUP(X12,THONGSOHO_SP3,2,1)+(VLOOKUP(X12+2,THONGSOHO_SP3,2,1)-VLOOKUP(X12,THONGSOHO_SP3,2,1))/2*(X12-VLOOKUP(X12,THONGSOHO_SP3,1,1))-156.13 -> #NAME? | Z12: 267.08 | AA12: 270.522 | AB12: 1.9667 | AC12: 294.6 | AD12: =AB12/AC12*10^3 -> 6.6758316
D13: 408.09 | E13: =VLOOKUP(D13,THONGSOHO_BK,2,1)+(VLOOKUP(D13+1,THONGSOHO_BK,2,1)-VLOOKUP(D13,THONGSOHO_BK,2,1))/1*(D13-VLOOKUP(D13,THONGSOHO_BK,1,1))-48.55 -> #NAME? | F13: 408.09 | G13: 411.35 | H13: 3.8031686 | I13: 954.2 | J13: =H13/I13*10^3 -> 3.9857143 | L13: 470 | M13: 344.25 | N13: 17.29 | O13: 464.59 | P13: =VLOOKUP(O13,THONGSOHO_BTS,2,1)+(VLOOKUP(O13+5,THONGSOHO_BTS,2,1)-VLOOKUP(O13,THONGSOHO_BTS,2,1))/5*(O13-VLOOKUP(O13,THONGSOHO_BTS,1,1))-264.29 -> #NAME? | Q13: 464.59 | R13: 465.1 | S13: 11.372 | U13: 274 | V13: 256.19 | W13: 19.54 | X13: 267.09 | Y13: =VLOOKUP(X13,THONGSOHO_SP3,2,1)+(VLOOKUP(X13+2,THONGSOHO_SP3,2,1)-VLOOKUP(X13,THONGSOHO_SP3,2,1))/2*(X13-VLOOKUP(X13,THONGSOHO_SP3,1,1))-156.13 -> #NAME? | Z13: 267.09 | AA13: 270.559 | AB13: 4.4147 | AC13: 630.8 | AD13: =AB13/AC13*10^3 -> 6.9985732
D14: 408.1 | E14: =VLOOKUP(D14,THONGSOHO_BK,2,1)+(VLOOKUP(D14+1,THONGSOHO_BK,2,1)-VLOOKUP(D14,THONGSOHO_BK,2,1))/1*(D14-VLOOKUP(D14,THONGSOHO_BK,1,1))-48.55 -> #NAME? | F14: 408.1 | G14: 411.47 | H14: 3.1084586 | I14: 779.9 | J14: =H14/I14*10^3 -> 3.9857143 | L14: 475 | M14: 437.34 | N14: 19.97 | O14: 464.6 | P14: =VLOOKUP(O14,THONGSOHO_BTS,2,1)+(VLOOKUP(O14+5,THONGSOHO_BTS,2,1)-VLOOKUP(O14,THONGSOHO_BTS,2,1))/5*(O14-VLOOKUP(O14,THONGSOHO_BTS,1,1))-264.29 -> #NAME? | Q14: 464.6 | R14: 465.11 | S14: 11.3712 | U14: 276 | V14: 297.3 | W14: 21.596 | X14: 267.1 | Y14: =VLOOKUP(X14,THONGSOHO_SP3,2,1)+(VLOOKUP(X14+2,THONGSOHO_SP3,2,1)-VLOOKUP(X14,THONGSOHO_SP3,2,1))/2*(X14-VLOOKUP(X14,THONGSOHO_SP3,1,1))-156.13 -> #NAME? | Z14: 267.1 | AA14: 270.699 | AB14: 3.3619 | AC14: 657.8 | AD14: =AB14/AC14*10^3 -> 5.110824
D15: 408.11 | E15: =VLOOKUP(D15,THONGSOHO_BK,2,1)+(VLOOKUP(D15+1,THONGSOHO_BK,2,1)-VLOOKUP(D15,THONGSOHO_BK,2,1))/1*(D15-VLOOKUP(D15,THONGSOHO_BK,1,1))-48.55 -> #NAME? | F15: 408.11 | G15: 411.42 | H15: 3.7294329 | I15: 935.7 | J15: =H15/I15*10^3 -> 3.9857143 | L15: 480 | M15: 550.11 | N15: 25.24 | O15: 464.61 | P15: =VLOOKUP(O15,THONGSOHO_BTS,2,1)+(VLOOKUP(O15+5,THONGSOHO_BTS,2,1)-VLOOKUP(O15,THONGSOHO_BTS,2,1))/5*(O15-VLOOKUP(O15,THONGSOHO_BTS,1,1))-264.29 -> #NAME? | Q15: 464.61 | R15: 465.12 | S15: 11.3704 | U15: 278 | V15: 342.66 | W15: 23.775 | X15: 267.11 | Y15: =VLOOKUP(X15,THONGSOHO_SP3,2,1)+(VLOOKUP(X15+2,THONGSOHO_SP3,2,1)-VLOOKUP(X15,THONGSOHO_SP3,2,1))/2*(X15-VLOOKUP(X15,THONGSOHO_SP3,1,1))-156.13 -> #NAME? | Z15: 267.11 | AA15: 270.808 | AB15: 3.9559 | AC15: 588.5 | AD15: =AB15/AC15*10^3 -> 6.7220051
D16: 408.12 | E16: =VLOOKUP(D16,THONGSOHO_BK,2,1)+(VLOOKUP(D16+1,THONGSOHO_BK,2,1)-VLOOKUP(D16,THONGSOHO_BK,2,1))/1*(D16-VLOOKUP(D16,THONGSOHO_BK,1,1))-48.55 -> #NAME? | F16: 408.12 | G16: 411.38 | H16: 3.3515871 | I16: 840.9 | J16: =H16/I16*10^3 -> 3.9857143 | L16: 485 | M16: 694.31 | N16: 32.59 | O16: 464.62 | P16: =VLOOKUP(O16,THONGSOHO_BTS,2,1)+(VLOOKUP(O16+5,THONGSOHO_BTS,2,1)-VLOOKUP(O16,THONGSOHO_BTS,2,1))/5*(O16-VLOOKUP(O16,THONGSOHO_BTS,1,1))-264.29 -> #NAME? | Q16: 464.62 | R16: 465.13 | S16: 11.3696 | U16: 280 | V16: 392.64 | W16: 26.229 | X16: 267.12 | Y16: =VLOOKUP(X16,THONGSOHO_SP3,2,1)+(VLOOKUP(X16+2,THONGSOHO_SP3,2,1)-VLOOKUP(X16,THONGSOHO_SP3,2,1))/2*(X16-VLOOKUP(X16,THONGSOHO_SP3,1,1))-156.13 -> #NAME? | Z16: 267.12 | AA16: 270.899 | AB16: 4.153408 | AC16: 587.7 | AD16: =AB16/AC16*10^3 -> 7.0672248
D17: 408.13 | E17: =VLOOKUP(D17,THONGSOHO_BK,2,1)+(VLOOKUP(D17+1,THONGSOHO_BK,2,1)-VLOOKUP(D17,THONGSOHO_BK,2,1))/1*(D17-VLOOKUP(D17,THONGSOHO_BK,1,1))-48.55 -> #NAME? | F17: 408.13 | G17: 411.68 | H17: 2.67003 | I17: 669.9 | J17: =H17/I17*10^3 -> 3.9857143 | L17: 490 | M17: 879.43 | N17: 41.64 | O17: 464.63 | P17: =VLOOKUP(O17,THONGSOHO_BTS,2,1)+(VLOOKUP(O17+5,THONGSOHO_BTS,2,1)-VLOOKUP(O17,THONGSOHO_BTS,2,1))/5*(O17-VLOOKUP(O17,THONGSOHO_BTS,1,1))-264.29 -> #NAME? | Q17: 464.63 | R17: 465.14 | S17: 11.3688 | X17: 267.13 | Y17: =VLOOKUP(X17,THONGSOHO_SP3,2,1)+(VLOOKUP(X17+2,THONGSOHO_SP3,2,1)-VLOOKUP(X17,THONGSOHO_SP3,2,1))/2*(X17-VLOOKUP(X17,THONGSOHO_SP3,1,1))-156.13 -> #NAME? | Z17: 267.13 | AA17: 270.938 | AB17: 5.2407 | AC17: 778.9 | AD17: =AB17/AC17*10^3 -> 6.7283348
D18: 408.14 | E18: =VLOOKUP(D18,THONGSOHO_BK,2,1)+(VLOOKUP(D18+1,THONGSOHO_BK,2,1)-VLOOKUP(D18,THONGSOHO_BK,2,1))/1*(D18-VLOOKUP(D18,THONGSOHO_BK,1,1))-48.55 -> #NAME? | F18: 408.14 | G18: 411.7 | H18: 3.8119371 | I18: 956.4 | J18: =H18/I18*10^3 -> 3.9857143 | L18: 495 | M18: 1114.15 | N18: 52.46 | O18: 464.64 | P18: =VLOOKUP(O18,THONGSOHO_BTS,2,1)+(VLOOKUP(O18+5,THONGSOHO_BTS,2,1)-VLOOKUP(O18,THONGSOHO_BTS,2,1))/5*(O18-VLOOKUP(O18,THONGSOHO_BTS,1,1))-264.29 -> #NAME? | Q18: 464.64 | R18: 465.15 | S18: 11.368 | X18: 267.14 | Y18: =VLOOKUP(X18,THONGSOHO_SP3,2,1)+(VLOOKUP(X18+2,THONGSOHO_SP3,2,1)-VLOOKUP(X18,THONGSOHO_SP3,2,1))/2*(X18-VLOOKUP(X18,THONGSOHO_SP3,1,1))-156.13 -> #NAME? | Z18: 267.14 | AA18: 270.938 | AB18: 5.2407 | AC18: 778.9 | AD18: =AB18/AC18*10^3 -> 6.7283348
D19: 408.15 | E19: =VLOOKUP(D19,THONGSOHO_BK,2,1)+(VLOOKUP(D19+1,THONGSOHO_BK,2,1)-VLOOKUP(D19,THONGSOHO_BK,2,1))/1*(D19-VLOOKUP(D19,THONGSOHO_BK,1,1))-48.55 -> #NAME? | F19: 408.15 | G19: 411.5 | H19: 3.6636686 | I19: 919.2 | J19: =H19/I19*10^3 -> 3.9857143 | L19: 500 | M19: 1406.4 | N19: 64.65 | O19: 464.65 | P19: =VLOOKUP(O19,THONGSOHO_BTS,2,1)+(VLOOKUP(O19+5,THONGSOHO_BTS,2,1)-VLOOKUP(O19,THONGSOHO_BTS,2,1))/5*(O19-VLOOKUP(O19,THONGSOHO_BTS,1,1))-264.29 -> #NAME? | Q19: 464.65 | R19: 465.16 | S19: 11.3672 | X19: 267.15 | Y19: =VLOOKUP(X19,THONGSOHO_SP3,2,1)+(VLOOKUP(X19+2,THONGSOHO_SP3,2,1)-VLOOKUP(X19,THONGSOHO_SP3,2,1))/2*(X19-VLOOKUP(X19,THONGSOHO_SP3,1,1))-156.13 -> #NAME? | Z19: 267.15 | AA19: 271.332 | AB19: 4.19 | AC19: 649 | AD19: =AB19/AC19*10^3 -> 6.4560863
D20: 408.16 | E20: =VLOOKUP(D20,THONGSOHO_BK,2,1)+(VLOOKUP(D20+1,THONGSOHO_BK,2,1)-VLOOKUP(D20,THONGSOHO_BK,2,1))/1*(D20-VLOOKUP(D20,THONGSOHO_BK,1,1))-48.55 -> #NAME? | F20: 408.16 | G20: 411.58 | H20: 3.7688914 | I20: 945.6 | J20: =H20/I20*10^3 -> 3.9857143 | O20: 464.66 | P20: =VLOOKUP(O20,THONGSOHO_BTS,2,1)+(VLOOKUP(O20+5,THONGSOHO_BTS,2,1)-VLOOKUP(O20,THONGSOHO_BTS,2,1))/5*(O20-VLOOKUP(O20,THONGSOHO_BTS,1,1))-264.29 -> #NAME? | Q20: 464.66 | R20: 465.17 | S20: 11.3664 | X20: 267.16 | Y20: =VLOOKUP(X20,THONGSOHO_SP3,2,1)+(VLOOKUP(X20+2,THONGSOHO_SP3,2,1)-VLOOKUP(X20,THONGSOHO_SP3,2,1))/2*(X20-VLOOKUP(X20,THONGSOHO_SP3,1,1))-156.13 -> #NAME? | Z20: 267.16 | AA20: 271.1128 | AB20: 7.8856 | AC20: 1185.7 | AD20: =AB20/AC20*10^3 -> 6.6505862
D21: 408.17 | E21: =VLOOKUP(D21,THONGSOHO_BK,2,1)+(VLOOKUP(D21+1,THONGSOHO_BK,2,1)-VLOOKUP(D21,THONGSOHO_BK,2,1))/1*(D21-VLOOKUP(D21,THONGSOHO_BK,1,1))-48.55 -> #NAME? | F21: 408.17 | G21: 411.5 | H21: 4.2053271 | I21: 1055.1 | J21: =H21/I21*10^3 -> 3.9857143 | O21: 464.67 | P21: =VLOOKUP(O21,THONGSOHO_BTS,2,1)+(VLOOKUP(O21+5,THONGSOHO_BTS,2,1)-VLOOKUP(O21,THONGSOHO_BTS,2,1))/5*(O21-VLOOKUP(O21,THONGSOHO_BTS,1,1))-264.29 -> #NAME? | Q21: 464.67 | R21: 465.18 | S21: 11.3656 | X21: 267.17 | Y21: =VLOOKUP(X21,THONGSOHO_SP3,2,1)+(VLOOKUP(X21+2,THONGSOHO_SP3,2,1)-VLOOKUP(X21,THONGSOHO_SP3,2,1))/2*(X21-VLOOKUP(X21,THONGSOHO_SP3,1,1))-156.13 -> #NAME? | Z21: 267.17 | AA21: 271.197 | AB21: 6.3777 | AC21: 954.8 | AD21: =AB21/AC21*10^3 -> 6.6796188
D22: 408.18 | E22: =VLOOKUP(D22,THONGSOHO_BK,2,1)+(VLOOKUP(D22+1,THONGSOHO_BK,2,1)-VLOOKUP(D22,THONGSOHO_BK,2,1))/1*(D22-VLOOKUP(D22,THONGSOHO_BK,1,1))-48.55 -> #NAME? | F22: 408.18 | G22: 411.94 | H22: 1.7373729 | I22: 435.9 | J22: =H22/I22*10^3 -> 3.9857143 | O22: 464.68 | P22: =VLOOKUP(O22,THONGSOHO_BTS,2,1)+(VLOOKUP(O22+5,THONGSOHO_BTS,2,1)-VLOOKUP(O22,THONGSOHO_BTS,2,1))/5*(O22-VLOOKUP(O22,THONGSOHO_BTS,1,1))-264.29 -> #NAME? | Q22: 464.68 | R22: 465.19 | S22: 11.3648 | X22: 267.18 | Y22: =VLOOKUP(X22,THONGSOHO_SP3,2,1)+(VLOOKUP(X22+2,THONGSOHO_SP3,2,1)-VLOOKUP(X22,THONGSOHO_SP3,2,1))/2*(X22-VLOOKUP(X22,THONGSOHO_SP3,1,1))-156.13 -> #NAME? | Z22: 267.18 | AA22: 271.162 | AB22: 4.8698 | AC22: 727.6 | AD22: =AB22/AC22*10^3 -> 6.6929632
D23: 408.19 | E23: =VLOOKUP(D23,THONGSOHO_BK,2,1)+(VLOOKUP(D23+1,THONGSOHO_BK,2,1)-VLOOKUP(D23,THONGSOHO_BK,2,1))/1*(D23-VLOOKUP(D23,THONGSOHO_BK,1,1))-48.55 -> #NAME? | F23: 408.19 | G23: 410.88 | H23: 9.72315 | I23: 2439.5 | J23: =H23/I23*10^3 -> 3.9857143 | O23: 464.69 | P23: =VLOOKUP(O23,THONGSOHO_BTS,2,1)+(VLOOKUP(O23+5,THONGSOHO_BTS,2,1)-VLOOKUP(O23,THONGSOHO_BTS,2,1))/5*(O23-VLOOKUP(O23,THONGSOHO_BTS,1,1))-264.29 -> #NAME? | Q23: 464.69 | R23: 465.2 | S23: 11.364 | X23: 267.19 | Y23: =VLOOKUP(X23,THONGSOHO_SP3,2,1)+(VLOOKUP(X23+2,THONGSOHO_SP3,2,1)-VLOOKUP(X23,THONGSOHO_SP3,2,1))/2*(X23-VLOOKUP(X23,THONGSOHO_SP3,1,1))-156.13 -> #NAME? | Z23: 267.19 | AA23: 271.098 | AB23: 5.3148 | AC23: 785.7 | AD23: =AB23/AC23*10^3 -> 6.7644139
D24: 408.2 | E24: =VLOOKUP(D24,THONGSOHO_BK,2,1)+(VLOOKUP(D24+1,THONGSOHO_BK,2,1)-VLOOKUP(D24,THONGSOHO_BK,2,1))/1*(D24-VLOOKUP(D24,THONGSOHO_BK,1,1))-48.55 -> #NAME? | F24: 408.2 | G24: 411.33 | H24: 2.0936957 | I24: 525.3 | J24: =H24/I24*10^3 -> 3.9857143 | O24: 464.7 | P24: =VLOOKUP(O24,THONGSOHO_BTS,2,1)+(VLOOKUP(O24+5,THONGSOHO_BTS,2,1)-VLOOKUP(O24,THONGSOHO_BTS,2,1))/5*(O24-VLOOKUP(O24,THONGSOHO_BTS,1,1))-264.29 -> #NAME? | Q24: 464.7 | R24: 465.21 | S24: 11.3632 | X24: 267.2 | Y24: =VLOOKUP(X24,THONGSOHO_SP3,2,1)+(VLOOKUP(X24+2,THONGSOHO_SP3,2,1)-VLOOKUP(X24,THONGSOHO_SP3,2,1))/2*(X24-VLOOKUP(X24,THONGSOHO_SP3,1,1))-156.13 -> #NAME? | Z24: 267.2 | AA24: 271.196 | AB24: 9.5667 | AC24: 1424.7 | AD24: =AB24/AC24*10^3 -> 6.7148873
D25: 408.21 | E25: =VLOOKUP(D25,THONGSOHO_BK,2,1)+(VLOOKUP(D25+1,THONGSOHO_BK,2,1)-VLOOKUP(D25,THONGSOHO_BK,2,1))/1*(D25-VLOOKUP(D25,THONGSOHO_BK,1,1))-48.55 -> #NAME? | F25: 408.21 | G25: 411.57 | H25: 3.6509143 | I25: 916 | J25: =H25/I25*10^3 -> 3.9857143 | O25: 464.71 | P25: =VLOOKUP(O25,THONGSOHO_BTS,2,1)+(VLOOKUP(O25+5,THONGSOHO_BTS,2,1)-VLOOKUP(O25,THONGSOHO_BTS,2,1))/5*(O25-VLOOKUP(O25,THONGSOHO_BTS,1,1))-264.29 -> #NAME? | Q25: 464.71 | R25: 465.22 | S25: 11.3624 | X25: 267.21 | Y25: =VLOOKUP(X25,THONGSOHO_SP3,2,1)+(VLOOKUP(X25+2,THONGSOHO_SP3,2,1)-VLOOKUP(X25,THONGSOHO_SP3,2,1))/2*(X25-VLOOKUP(X25,THONGSOHO_SP3,1,1))-156.13 -> #NAME? | Z25: 267.21 | AA25: 270.702 | AB25: 13.8077 | AC25: 2066.4 | AD25: =AB25/AC25*10^3 -> 6.6820074
D26: 408.22 | E26: =VLOOKUP(D26,THONGSOHO_BK,2,1)+(VLOOKUP(D26+1,THONGSOHO_BK,2,1)-VLOOKUP(D26,THONGSOHO_BK,2,1))/1*(D26-VLOOKUP(D26,THONGSOHO_BK,1,1))-48.55 -> #NAME? | F26: 408.22 | G26: 411.73 | H26: 3.1048714 | I26: 779 | J26: =H26/I26*10^3 -> 3.9857143 | O26: 464.72 | P26: =VLOOKUP(O26,THONGSOHO_BTS,2,1)+(VLOOKUP(O26+5,THONGSOHO_BTS,2,1)-VLOOKUP(O26,THONGSOHO_BTS,2,1))/5*(O26-VLOOKUP(O26,THONGSOHO_BTS,1,1))-264.29 -> #NAME? | Q26: 464.72 | R26: 465.23 | S26: 11.3616 | X26: 267.22 | Y26: =VLOOKUP(X26,THONGSOHO_SP3,2,1)+(VLOOKUP(X26+2,THONGSOHO_SP3,2,1)-VLOOKUP(X26,THONGSOHO_SP3,2,1))/2*(X26-VLOOKUP(X26,THONGSOHO_SP3,1,1))-156.13 -> #NAME? | Z26: 267.22 | AA26: 270.791 | AB26: 3.9923 | AC26: 594 | AD26: =AB26/AC26*10^3 -> 6.7210438
D27: 408.23 | E27: =VLOOKUP(D27,THONGSOHO_BK,2,1)+(VLOOKUP(D27+1,THONGSOHO_BK,2,1)-VLOOKUP(D27,THONGSOHO_BK,2,1))/1*(D27-VLOOKUP(D27,THONGSOHO_BK,1,1))-48.55 -> #NAME? | F27: 408.23 | G27: 411.59 | H27: 4.3878729 | I27: 1100.9 | J27: =H27/I27*10^3 -> 3.9857143 | O27: 464.73 | P27: =VLOOKUP(O27,THONGSOHO_BTS,2,1)+(VLOOKUP(O27+5,THONGSOHO_BTS,2,1)-VLOOKUP(O27,THONGSOHO_BTS,2,1))/5*(O27-VLOOKUP(O27,THONGSOHO_BTS,1,1))-264.29 -> #NAME? | Q27: 464.73 | R27: 465.24 | S27: 11.3608 | X27: 267.23 | Y27: =VLOOKUP(X27,THONGSOHO_SP3,2,1)+(VLOOKUP(X27+2,THONGSOHO_SP3,2,1)-VLOOKUP(X27,THONGSOHO_SP3,2,1))/2*(X27-VLOOKUP(X27,THONGSOHO_SP3,1,1))-156.13 -> #NAME? | Z27: 267.23 | AA27: 270.791 | AB27: 5.5746 | AC27: 833.3 | AD27: =AB27/AC27*10^3 -> 6.6897876
D28: 408.24 | E28: =VLOOKUP(D28,THONGSOHO_BK,2,1)+(VLOOKUP(D28+1,THONGSOHO_BK,2,1)-VLOOKUP(D28,THONGSOHO_BK,2,1))/1*(D28-VLOOKUP(D28,THONGSOHO_BK,1,1))-48.55 -> #NAME? | F28: 408.24 | G28: 411.18 | H28: 6.5808129 | I28: 1651.1 | J28: =H28/I28*10^3 -> 3.9857143 | O28: 464.74 | P28: =VLOOKUP(O28,THONGSOHO_BTS,2,1)+(VLOOKUP(O28+5,THONGSOHO_BTS,2,1)-VLOOKUP(O28,THONGSOHO_BTS,2,1))/5*(O28-VLOOKUP(O28,THONGSOHO_BTS,1,1))-264.29 -> #NAME? | Q28: 464.74 | R28: 465.25 | S28: 11.36 | X28: 267.24 | Y28: =VLOOKUP(X28,THONGSOHO_SP3,2,1)+(VLOOKUP(X28+2,THONGSOHO_SP3,2,1)-VLOOKUP(X28,THONGSOHO_SP3,2,1))/2*(X28-VLOOKUP(X28,THONGSOHO_SP3,1,1))-156.13 -> #NAME? | Z28: 267.24 | AA28: 270.578 | AB28: 10.0486 | AC28: 1497.4 | AD28: =AB28/AC28*10^3 -> 6.7106985
D29: 408.25 | E29: =VLOOKUP(D29,THONGSOHO_BK,2,1)+(VLOOKUP(D29+1,THONGSOHO_BK,2,1)-VLOOKUP(D29,THONGSOHO_BK,2,1))/1*(D29-VLOOKUP(D29,THONGSOHO_BK,1,1))-48.55 -> #NAME? | F29: 408.25 | G29: 411.29 | H29: 4.3500086 | I29: 1091.4 | J29: =H29/I29*10^3 -> 3.9857143 | O29: 464.75 | P29: =VLOOKUP(O29,THONGSOHO_BTS,2,1)+(VLOOKUP(O29+5,THONGSOHO_BTS,2,1)-VLOOKUP(O29,THONGSOHO_BTS,2,1))/5*(O29-VLOOKUP(O29,THONGSOHO_BTS,1,1))-264.29 -> #NAME? | Q29: 464.75 | R29: 465.26 | S29: 11.3592 | X29: 267.25 | Y29: =VLOOKUP(X29,THONGSOHO_SP3,2,1)+(VLOOKUP(X29+2,THONGSOHO_SP3,2,1)-VLOOKUP(X29,THONGSOHO_SP3,2,1))/2*(X29-VLOOKUP(X29,THONGSOHO_SP3,1,1))-156.13 -> #NAME? | Z29: 267.25 | AA29: 270.508 | AB29: 7.861 | AC29: 1188 | AD29: =AB29/AC29*10^3 -> 6.6170034
D30: 408.26 | E30: =VLOOKUP(D30,THONGSOHO_BK,2,1)+(VLOOKUP(D30+1,THONGSOHO_BK,2,1)-VLOOKUP(D30,THONGSOHO_BK,2,1))/1*(D30-VLOOKUP(D30,THONGSOHO_BK,1,1))-48.55 -> #NAME? | F30: 408.26 | G30: 411.34 | H30: 4.3974386 | I30: 1103.3 | J30: =H30/I30*10^3 -> 3.9857143 | O30: 464.76 | P30: =VLOOKUP(O30,THONGSOHO_BTS,2,1)+(VLOOKUP(O30+5,THONGSOHO_BTS,2,1)-VLOOKUP(O30,THONGSOHO_BTS,2,1))/5*(O30-VLOOKUP(O30,THONGSOHO_BTS,1,1))-264.29 -> #NAME? | Q30: 464.76 | R30: 465.27 | S30: 11.3584 | X30: 267.26 | Y30: =VLOOKUP(X30,THONGSOHO_SP3,2,1)+(VLOOKUP(X30+2,THONGSOHO_SP3,2,1)-VLOOKUP(X30,THONGSOHO_SP3,2,1))/2*(X30-VLOOKUP(X30,THONGSOHO_SP3,1,1))-156.13 -> #NAME? | Z30: 267.26 | AA30: 270.4965 | AB30: 10.1599 | AC30: 1503.3 | AD30: =AB30/AC30*10^3 -> 6.7583982
D31: 408.27 | E31: =VLOOKUP(D31,THONGSOHO_BK,2,1)+(VLOOKUP(D31+1,THONGSOHO_BK,2,1)-VLOOKUP(D31,THONGSOHO_BK,2,1))/1*(D31-VLOOKUP(D31,THONGSOHO_BK,1,1))-48.55 -> #NAME? | F31: 408.27 | G31: 411.6 | H31: 3.5285529 | I31: 885.3 | J31: =H31/I31*10^3 -> 3.9857143 | O31: 464.77 | P31: =VLOOKUP(O31,THONGSOHO_BTS,2,1)+(VLOOKUP(O31+5,THONGSOHO_BTS,2,1)-VLOOKUP(O31,THONGSOHO_BTS,2,1))/5*(O31-VLOOKUP(O31,THONGSOHO_BTS,1,1))-264.29 -> #NAME? | Q31: 464.77 | R31: 465.28 | S31: 11.3576 | X31: 267.27 | Y31: =VLOOKUP(X31,THONGSOHO_SP3,2,1)+(VLOOKUP(X31+2,THONGSOHO_SP3,2,1)-VLOOKUP(X31,THONGSOHO_SP3,2,1))/2*(X31-VLOOKUP(X31,THONGSOHO_SP3,1,1))-156.13 -> #NAME? | Z31: 267.27 | AA31: 270.303 | AB31: 11.1359 | AC31: 1698.2 | AD31: =AB31/AC31*10^3 -> 6.5574726
... D327: 411.23 | E327: =VLOOKUP(D327,THONGSOHO_BK,2,1)+(VLOOKUP(D327+1,THONGSOHO_BK,2,1)-VLOOKUP(D327,THONGSOHO_BK,2,1))/1*(D327-VLOOKUP(D327,THONGSOHO_BK,1,1))-48.55 -> #NAME? | F327: 411.23 | G327: 409.28 | H327: 6.6593314 | I327: 1670.8 | J327: =H327/I327*10^3 -> 3.9857143 | O327: 467.73 | P327: =VLOOKUP(O327,THONGSOHO_BTS,2,1)+(VLOOKUP(O327+5,THONGSOHO_BTS,2,1)-VLOOKUP(O327,THONGSOHO_BTS,2,1))/5*(O327-VLOOKUP(O327,THONGSOHO_BTS,1,1))-264.29 -> #NAME? | Q327: 467.73 | R327: 468.24 | S327: 10.5408 | X327: 270.23 | Y327: =VLOOKUP(X327,THONGSOHO_SP3,2,1)+(VLOOKUP(X327+2,THONGSOHO_SP3,2,1)-VLOOKUP(X327,THONGSOHO_SP3,2,1))/2*(X327-VLOOKUP(X327,THONGSOHO_SP3,1,1))-156.13 -> #NAME? | Z327: 270.23 | AA327: 268.986 | AB327: 9.5806 | AC327: 1445.5 | AD327: =AB327/AC327*10^3 -> 6.6278796
D328: 411.24 | E328: =VLOOKUP(D328,THONGSOHO_BK,2,1)+(VLOOKUP(D328+1,THONGSOHO_BK,2,1)-VLOOKUP(D328,THONGSOHO_BK,2,1))/1*(D328-VLOOKUP(D328,THONGSOHO_BK,1,1))-48.55 -> #NAME? | F328: 411.24 | O328: 467.74 | P328: =VLOOKUP(O328,THONGSOHO_BTS,2,1)+(VLOOKUP(O328+5,THONGSOHO_BTS,2,1)-VLOOKUP(O328,THONGSOHO_BTS,2,1))/5*(O328-VLOOKUP(O328,THONGSOHO_BTS,1,1))-264.29 -> #NAME? | Q328: 467.74 | R328: 468.25 | S328: 10.5375 | X328: 270.24 | Y328: =VLOOKUP(X328,THONGSOHO_SP3,2,1)+(VLOOKUP(X328+2,THONGSOHO_SP3,2,1)-VLOOKUP(X328,THONGSOHO_SP3,2,1))/2*(X328-VLOOKUP(X328,THONGSOHO_SP3,1,1))-156.13 -> #NAME? | Z328: 270.24 | AA328: 268.57 | AB328: 13.9741 | AC328: 2102.7 | AD328: =AB328/AC328*10^3 -> 6.6457887
D329: 411.25 | E329: =VLOOKUP(D329,THONGSOHO_BK,2,1)+(VLOOKUP(D329+1,THONGSOHO_BK,2,1)-VLOOKUP(D329,THONGSOHO_BK,2,1))/1*(D329-VLOOKUP(D329,THONGSOHO_BK,1,1))-48.55 -> #NAME? | F329: 411.25 | O329: 467.75 | P329: =VLOOKUP(O329,THONGSOHO_BTS,2,1)+(VLOOKUP(O329+5,THONGSOHO_BTS,2,1)-VLOOKUP(O329,THONGSOHO_BTS,2,1))/5*(O329-VLOOKUP(O329,THONGSOHO_BTS,1,1))-264.29 -> #NAME? | Q329: 467.75 | R329: 468.26 | S329: 10.5342 | X329: 270.25 | Y329: =VLOOKUP(X329,THONGSOHO_SP3,2,1)+(VLOOKUP(X329+2,THONGSOHO_SP3,2,1)-VLOOKUP(X329,THONGSOHO_SP3,2,1))/2*(X329-VLOOKUP(X329,THONGSOHO_SP3,1,1))-156.13 -> #NAME? | Z329: 270.25 | AA329: 268.308 | AB329: 10.7092 | AC329: 1591 | AD329: =AB329/AC329*10^3 -> 6.7311125
D330: 411.26 | E330: =VLOOKUP(D330,THONGSOHO_BK,2,1)+(VLOOKUP(D330+1,THONGSOHO_BK,2,1)-VLOOKUP(D330,THONGSOHO_BK,2,1))/1*(D330-VLOOKUP(D330,THONGSOHO_BK,1,1))-48.55 -> #NAME? | F330: 411.26 | O330: 467.76 | P330: =VLOOKUP(O330,THONGSOHO_BTS,2,1)+(VLOOKUP(O330+5,THONGSOHO_BTS,2,1)-VLOOKUP(O330,THONGSOHO_BTS,2,1))/5*(O330-VLOOKUP(O330,THONGSOHO_BTS,1,1))-264.29 -> #NAME? | Q330: 467.76 | R330: 468.27 | S330: 10.5309 | X330: 270.26 | Y330: =VLOOKUP(X330,THONGSOHO_SP3,2,1)+(VLOOKUP(X330+2,THONGSOHO_SP3,2,1)-VLOOKUP(X330,THONGSOHO_SP3,2,1))/2*(X330-VLOOKUP(X330,THONGSOHO_SP3,1,1))-156.13 -> #NAME? | Z330: 270.26 | AA330: 268.037 | AB330: 12.22 | AC330: 1813.7 | AD330: =AB330/AC330*10^3 -> 6.7376082
D331: 411.27 | E331: =VLOOKUP(D331,THONGSOHO_BK,2,1)+(VLOOKUP(D331+1,THONGSOHO_BK,2,1)-VLOOKUP(D331,THONGSOHO_BK,2,1))/1*(D331-VLOOKUP(D331,THONGSOHO_BK,1,1))-48.55 -> #NAME? | F331: 411.27 | O331: 467.77 | P331: =VLOOKUP(O331,THONGSOHO_BTS,2,1)+(VLOOKUP(O331+5,THONGSOHO_BTS,2,1)-VLOOKUP(O331,THONGSOHO_BTS,2,1))/5*(O331-VLOOKUP(O331,THONGSOHO_BTS,1,1))-264.29 -> #NAME? | Q331: 467.77 | R331: 468.28 | S331: 10.5276 | X331: 270.27 | Y331: =VLOOKUP(X331,THONGSOHO_SP3,2,1)+(VLOOKUP(X331+2,THONGSOHO_SP3,2,1)-VLOOKUP(X331,THONGSOHO_SP3,2,1))/2*(X331-VLOOKUP(X331,THONGSOHO_SP3,1,1))-156.13 -> #NAME? | Z331: 270.27
D332: 411.28 | E332: =VLOOKUP(D332,THONGSOHO_BK,2,1)+(VLOOKUP(D332+1,THONGSOHO_BK,2,1)-VLOOKUP(D332,THONGSOHO_BK,2,1))/1*(D332-VLOOKUP(D332,THONGSOHO_BK,1,1))-48.55 -> #NAME? | F332: 411.28 | O332: 467.78 | P332: =VLOOKUP(O332,THONGSOHO_BTS,2,1)+(VLOOKUP(O332+5,THONGSOHO_BTS,2,1)-VLOOKUP(O332,THONGSOHO_BTS,2,1))/5*(O332-VLOOKUP(O332,THONGSOHO_BTS,1,1))-264.29 -> #NAME? | Q332: 467.78 | R332: 468.29 | S332: 10.5243 | X332: 270.28 | Y332: =VLOOKUP(X332,THONGSOHO_SP3,2,1)+(VLOOKUP(X332+2,THONGSOHO_SP3,2,1)-VLOOKUP(X332,THONGSOHO_SP3,2,1))/2*(X332-VLOOKUP(X332,THONGSOHO_SP3,1,1))-156.13 -> #NAME? | Z332: 270.28
D333: 411.29 | E333: =VLOOKUP(D333,THONGSOHO_BK,2,1)+(VLOOKUP(D333+1,THONGSOHO_BK,2,1)-VLOOKUP(D333,THONGSOHO_BK,2,1))/1*(D333-VLOOKUP(D333,THONGSOHO_BK,1,1))-48.55 -> #NAME? | F333: 411.29 | O333: 467.79 | P333: =VLOOKUP(O333,THONGSOHO_BTS,2,1)+(VLOOKUP(O333+5,THONGSOHO_BTS,2,1)-VLOOKUP(O333,THONGSOHO_BTS,2,1))/5*(O333-VLOOKUP(O333,THONGSOHO_BTS,1,1))-264.29 -> #NAME? | Q333: 467.79 | R333: 468.3 | S333: 10.521 | X333: 270.29 | Y333: =VLOOKUP(X333,THONGSOHO_SP3,2,1)+(VLOOKUP(X333+2,THONGSOHO_SP3,2,1)-VLOOKUP(X333,THONGSOHO_SP3,2,1))/2*(X333-VLOOKUP(X333,THONGSOHO_SP3,1,1))-156.13 -> #NAME? | Z333: 270.29
D334: 411.3 | E334: =VLOOKUP(D334,THONGSOHO_BK,2,1)+(VLOOKUP(D334+1,THONGSOHO_BK,2,1)-VLOOKUP(D334,THONGSOHO_BK,2,1))/1*(D334-VLOOKUP(D334,THONGSOHO_BK,1,1))-48.55 -> #NAME? | F334: 411.3 | O334: 467.8 | P334: =VLOOKUP(O334,THONGSOHO_BTS,2,1)+(VLOOKUP(O334+5,THONGSOHO_BTS,2,1)-VLOOKUP(O334,THONGSOHO_BTS,2,1))/5*(O334-VLOOKUP(O334,THONGSOHO_BTS,1,1))-264.29 -> #NAME? | Q334: 467.8 | R334: 468.31 | S334: 10.5177 | X334: 270.3 | Y334: =VLOOKUP(X334,THONGSOHO_SP3,2,1)+(VLOOKUP(X334+2,THONGSOHO_SP3,2,1)-VLOOKUP(X334,THONGSOHO_SP3,2,1))/2*(X334-VLOOKUP(X334,THONGSOHO_SP3,1,1))-156.13 -> #NAME? | Z334: 270.3
D335: 411.31 | E335: =VLOOKUP(D335,THONGSOHO_BK,2,1)+(VLOOKUP(D335+1,THONGSOHO_BK,2,1)-VLOOKUP(D335,THONGSOHO_BK,2,1))/1*(D335-VLOOKUP(D335,THONGSOHO_BK,1,1))-48.55 -> #NAME? | F335: 411.31 | O335: 467.81 | P335: =VLOOKUP(O335,THONGSOHO_BTS,2,1)+(VLOOKUP(O335+5,THONGSOHO_BTS,2,1)-VLOOKUP(O335,THONGSOHO_BTS,2,1))/5*(O335-VLOOKUP(O335,THONGSOHO_BTS,1,1))-264.29 -> #NAME? | Q335: 467.81 | R335: 468.32 | S335: 10.5144 | X335: 270.31 | Y335: =VLOOKUP(X335,THONGSOHO_SP3,2,1)+(VLOOKUP(X335+2,THONGSOHO_SP3,2,1)-VLOOKUP(X335,THONGSOHO_SP3,2,1))/2*(X335-VLOOKUP(X335,THONGSOHO_SP3,1,1))-156.13 -> #NAME? | Z335: 270.31
D336: 411.32 | E336: =VLOOKUP(D336,THONGSOHO_BK,2,1)+(VLOOKUP(D336+1,THONGSOHO_BK,2,1)-VLOOKUP(D336,THONGSOHO_BK,2,1))/1*(D336-VLOOKUP(D336,THONGSOHO_BK,1,1))-48.55 -> #NAME? | F336: 411.32 | O336: 467.82 | P336: =VLOOKUP(O336,THONGSOHO_BTS,2,1)+(VLOOKUP(O336+5,THONGSOHO_BTS,2,1)-VLOOKUP(O336,THONGSOHO_BTS,2,1))/5*(O336-VLOOKUP(O336,THONGSOHO_BTS,1,1))-264.29 -> #NAME? | Q336: 467.82 | R336: 468.33 | S336: 10.5111 | X336: 270.32 | Y336: =VLOOKUP(X336,THONGSOHO_SP3,2,1)+(VLOOKUP(X336+2,THONGSOHO_SP3,2,1)-VLOOKUP(X336,THONGSOHO_SP3,2,1))/2*(X336-VLOOKUP(X336,THONGSOHO_SP3,1,1))-156.13 -> #NAME? | Z336: 270.32
D337: 411.33 | E337: =VLOOKUP(D337,THONGSOHO_BK,2,1)+(VLOOKUP(D337+1,THONGSOHO_BK,2,1)-VLOOKUP(D337,THONGSOHO_BK,2,1))/1*(D337-VLOOKUP(D337,THONGSOHO_BK,1,1))-48.55 -> #NAME? | F337: 411.33 | O337: 467.83 | P337: =VLOOKUP(O337,THONGSOHO_BTS,2,1)+(VLOOKUP(O337+5,THONGSOHO_BTS,2,1)-VLOOKUP(O337,THONGSOHO_BTS,2,1))/5*(O337-VLOOKUP(O337,THONGSOHO_BTS,1,1))-264.29 -> #NAME? | Q337: 467.83 | R337: 468.34 | S337: 10.5078 | X337: 270.33 | Y337: =VLOOKUP(X337,THONGSOHO_SP3,2,1)+(VLOOKUP(X337+2,THONGSOHO_SP3,2,1)-VLOOKUP(X337,THONGSOHO_SP3,2,1))/2*(X337-VLOOKUP(X337,THONGSOHO_SP3,1,1))-156.13 -> #NAME? | Z337: 270.33
D338: 411.34 | E338: =VLOOKUP(D338,THONGSOHO_BK,2,1)+(VLOOKUP(D338+1,THONGSOHO_BK,2,1)-VLOOKUP(D338,THONGSOHO_BK,2,1))/1*(D338-VLOOKUP(D338,THONGSOHO_BK,1,1))-48.55 -> #NAME? | F338: 411.34 | O338: 467.84 | P338: =VLOOKUP(O338,THONGSOHO_BTS,2,1)+(VLOOKUP(O338+5,THONGSOHO_BTS,2,1)-VLOOKUP(O338,THONGSOHO_BTS,2,1))/5*(O338-VLOOKUP(O338,THONGSOHO_BTS,1,1))-264.29 -> #NAME? | Q338: 467.84 | R338: 468.35 | S338: 10.5045 | X338: 270.34 | Y338: =VLOOKUP(X338,THONGSOHO_SP3,2,1)+(VLOOKUP(X338+2,THONGSOHO_SP3,2,1)-VLOOKUP(X338,THONGSOHO_SP3,2,1))/2*(X338-VLOOKUP(X338,THONGSOHO_SP3,1,1))-156.13 -> #NAME? | Z338: 270.34
D339: 411.35 | E339: =VLOOKUP(D339,THONGSOHO_BK,2,1)+(VLOOKUP(D339+1,THONGSOHO_BK,2,1)-VLOOKUP(D339,THONGSOHO_BK,2,1))/1*(D339-VLOOKUP(D339,THONGSOHO_BK,1,1))-48.55 -> #NAME? | F339: 411.35 | O339: 467.85 | P339: =VLOOKUP(O339,THONGSOHO_BTS,2,1)+(VLOOKUP(O339+5,THONGSOHO_BTS,2,1)-VLOOKUP(O339,THONGSOHO_BTS,2,1))/5*(O339-VLOOKUP(O339,THONGSOHO_BTS,1,1))-264.29 -> #NAME? | Q339: 467.85 | R339: 468.36 | S339: 10.5012 | X339: 270.35 | Y339: =VLOOKUP(X339,THONGSOHO_SP3,2,1)+(VLOOKUP(X339+2,THONGSOHO_SP3,2,1)-VLOOKUP(X339,THONGSOHO_SP3,2,1))/2*(X339-VLOOKUP(X339,THONGSOHO_SP3,1,1))-156.13 -> #NAME? | Z339: 270.35
D340: 411.36 | E340: =VLOOKUP(D340,THONGSOHO_BK,2,1)+(VLOOKUP(D340+1,THONGSOHO_BK,2,1)-VLOOKUP(D340,THONGSOHO_BK,2,1))/1*(D340-VLOOKUP(D340,THONGSOHO_BK,1,1))-48.55 -> #NAME? | F340: 411.36 | O340: 467.86 | P340: =VLOOKUP(O340,THONGSOHO_BTS,2,1)+(VLOOKUP(O340+5,THONGSOHO_BTS,2,1)-VLOOKUP(O340,THONGSOHO_BTS,2,1))/5*(O340-VLOOKUP(O340,THONGSOHO_BTS,1,1))-264.29 -> #NAME? | Q340: 467.86 | R340: 468.37 | S340: 10.4979 | X340: 270.36 | Y340: =VLOOKUP(X340,THONGSOHO_SP3,2,1)+(VLOOKUP(X340+2,THONGSOHO_SP3,2,1)-VLOOKUP(X340,THONGSOHO_SP3,2,1))/2*(X340-VLOOKUP(X340,THONGSOHO_SP3,1,1))-156.13 -> #NAME? | Z340: 270.36
D341: 411.37 | E341: =VLOOKUP(D341,THONGSOHO_BK,2,1)+(VLOOKUP(D341+1,THONGSOHO_BK,2,1)-VLOOKUP(D341,THONGSOHO_BK,2,1))/1*(D341-VLOOKUP(D341,THONGSOHO_BK,1,1))-48.55 -> #NAME? | F341: 411.37 | O341: 467.87 | P341: =VLOOKUP(O341,THONGSOHO_BTS,2,1)+(VLOOKUP(O341+5,THONGSOHO_BTS,2,1)-VLOOKUP(O341,THONGSOHO_BTS,2,1))/5*(O341-VLOOKUP(O341,THONGSOHO_BTS,1,1))-264.29 -> #NAME? | Q341: 467.87 | R341: 468.38 | S341: 10.4946 | X341: 270.37 | Y341: =VLOOKUP(X341,THONGSOHO_SP3,2,1)+(VLOOKUP(X341+2,THONGSOHO_SP3,2,1)-VLOOKUP(X341,THONGSOHO_SP3,2,1))/2*(X341-VLOOKUP(X341,THONGSOHO_SP3,1,1))-156.13 -> #NAME? | Z341: 270.37
D342: 411.38 | E342: =VLOOKUP(D342,THONGSOHO_BK,2,1)+(VLOOKUP(D342+1,THONGSOHO_BK,2,1)-VLOOKUP(D342,THONGSOHO_BK,2,1))/1*(D342-VLOOKUP(D342,THONGSOHO_BK,1,1))-48.55 -> #NAME? | F342: 411.38 | O342: 467.88 | P342: =VLOOKUP(O342,THONGSOHO_BTS,2,1)+(VLOOKUP(O342+5,THONGSOHO_BTS,2,1)-VLOOKUP(O342,THONGSOHO_BTS,2,1))/5*(O342-VLOOKUP(O342,THONGSOHO_BTS,1,1))-264.29 -> #NAME? | Q342: 467.88 | R342: 468.39 | S342: 10.4913 | X342: 270.38 | Y342: =VLOOKUP(X342,THONGSOHO_SP3,2,1)+(VLOOKUP(X342+2,THONGSOHO_SP3,2,1)-VLOOKUP(X342,THONGSOHO_SP3,2,1))/2*(X342-VLOOKUP(X342,THONGSOHO_SP3,1,1))-156.13 -> #NAME? | Z342: 270.38
... D704: 415 | E704: =VLOOKUP(D704,THONGSOHO_BK,2,1)+(VLOOKUP(D704+1,THONGSOHO_BK,2,1)-VLOOKUP(D704,THONGSOHO_BK,2,1))/1*(D704-VLOOKUP(D704,THONGSOHO_BK,1,1))-48.55 -> #NAME? | F704: 415 | O704: 471.5 | P704: =VLOOKUP(O704,THONGSOHO_BTS,2,1)+(VLOOKUP(O704+5,THONGSOHO_BTS,2,1)-VLOOKUP(O704,THONGSOHO_BTS,2,1))/5*(O704-VLOOKUP(O704,THONGSOHO_BTS,1,1))-264.29 -> #NAME? | Q704: 471.5 | R704: 472.01 | S704: 9.4579 | X704: 274 | Y704: =VLOOKUP(X704,THONGSOHO_SP3,2,1)+(VLOOKUP(X704+2,THONGSOHO_SP3,2,1)-VLOOKUP(X704,THONGSOHO_SP3,2,1))/2*(X704-VLOOKUP(X704,THONGSOHO_SP3,1,1))-156.13 -> #NAME? | Z704: 274
O705: 471.51 | P705: =VLOOKUP(O705,THONGSOHO_BTS,2,1)+(VLOOKUP(O705+5,THONGSOHO_BTS,2,1)-VLOOKUP(O705,THONGSOHO_BTS,2,1))/5*(O705-VLOOKUP(O705,THONGSOHO_BTS,1,1))-264.29 -> #NAME? | Q705: 471.51 | R705: 472.02 | S705: 9.4558 | X705: 274.01 | Y705: =VLOOKUP(X705,THONGSOHO_SP3,2,1)+(VLOOKUP(X705+2,THONGSOHO_SP3,2,1)-VLOOKUP(X705,THONGSOHO_SP3,2,1))/2*(X705-VLOOKUP(X705,THONGSOHO_SP3,1,1))-156.13 -> #NAME? | Z705: 274.01
O706: 471.52 | P706: =VLOOKUP(O706,THONGSOHO_BTS,2,1)+(VLOOKUP(O706+5,THONGSOHO_BTS,2,1)-VLOOKUP(O706,THONGSOHO_BTS,2,1))/5*(O706-VLOOKUP(O706,THONGSOHO_BTS,1,1))-264.29 -> #NAME? | Q706: 471.52 | R706: 472.03 | S706: 9.4537 | X706: 274.02 | Y706: =VLOOKUP(X706,THONGSOHO_SP3,2,1)+(VLOOKUP(X706+2,THONGSOHO_SP3,2,1)-VLOOKUP(X706,THONGSOHO_SP3,2,1))/2*(X706-VLOOKUP(X706,THONGSOHO_SP3,1,1))-156.13 -> #NAME? | Z706: 274.02
O707: 471.53 | P707: =VLOOKUP(O707,THONGSOHO_BTS,2,1)+(VLOOKUP(O707+5,THONGSOHO_BTS,2,1)-VLOOKUP(O707,THONGSOHO_BTS,2,1))/5*(O707-VLOOKUP(O707,THONGSOHO_BTS,1,1))-264.29 -> #NAME? | Q707: 471.53 | R707: 472.04 | S707: 9.4516 | X707: 274.03 | Y707: =VLOOKUP(X707,THONGSOHO_SP3,2,1)+(VLOOKUP(X707+2,THONGSOHO_SP3,2,1)-VLOOKUP(X707,THONGSOHO_SP3,2,1))/2*(X707-VLOOKUP(X707,THONGSOHO_SP3,1,1))-156.13 -> #NAME? | Z707: 274.03
O708: 471.54 | P708: =VLOOKUP(O708,THONGSOHO_BTS,2,1)+(VLOOKUP(O708+5,THONGSOHO_BTS,2,1)-VLOOKUP(O708,THONGSOHO_BTS,2,1))/5*(O708-VLOOKUP(O708,THONGSOHO_BTS,1,1))-264.29 -> #NAME? | Q708: 471.54 | R708: 472.05 | S708: 9.4495 | X708: 274.04 | Y708: =VLOOKUP(X708,THONGSOHO_SP3,2,1)+(VLOOKUP(X708+2,THONGSOHO_SP3,2,1)-VLOOKUP(X708,THONGSOHO_SP3,2,1))/2*(X708-VLOOKUP(X708,THONGSOHO_SP3,1,1))-156.13 -> #NAME? | Z708: 274.04
O709: 471.55 | P709: =VLOOKUP(O709,THONGSOHO_BTS,2,1)+(VLOOKUP(O709+5,THONGSOHO_BTS,2,1)-VLOOKUP(O709,THONGSOHO_BTS,2,1))/5*(O709-VLOOKUP(O709,THONGSOHO_BTS,1,1))-264.29 -> #NAME? | Q709: 471.55 | R709: 472.06 | S709: 9.4474 | X709: 274.05 | Y709: =VLOOKUP(X709,THONGSOHO_SP3,2,1)+(VLOOKUP(X709+2,THONGSOHO_SP3,2,1)-VLOOKUP(X709,THONGSOHO_SP3,2,1))/2*(X709-VLOOKUP(X709,THONGSOHO_SP3,1,1))-156.13 -> #NAME? | Z709: 274.05
O710: 471.56 | P710: =VLOOKUP(O710,THONGSOHO_BTS,2,1)+(VLOOKUP(O710+5,THONGSOHO_BTS,2,1)-VLOOKUP(O710,THONGSOHO_BTS,2,1))/5*(O710-VLOOKUP(O710,THONGSOHO_BTS,1,1))-264.29 -> #NAME? | Q710: 471.56 | R710: 472.07 | S710: 9.4453 | X710: 274.06 | Y710: =VLOOKUP(X710,THONGSOHO_SP3,2,1)+(VLOOKUP(X710+2,THONGSOHO_SP3,2,1)-VLOOKUP(X710,THONGSOHO_SP3,2,1))/2*(X710-VLOOKUP(X710,THONGSOHO_SP3,1,1))-156.13 -> #NAME? | Z710: 274.06
O711: 471.57 | P711: =VLOOKUP(O711,THONGSOHO_BTS,2,1)+(VLOOKUP(O711+5,THONGSOHO_BTS,2,1)-VLOOKUP(O711,THONGSOHO_BTS,2,1))/5*(O711-VLOOKUP(O711,THONGSOHO_BTS,1,1))-264.29 -> #NAME? | Q711: 471.57 | R711: 472.08 | S711: 9.4432 | X711: 274.07 | Y711: =VLOOKUP(X711,THONGSOHO_SP3,2,1)+(VLOOKUP(X711+2,THONGSOHO_SP3,2,1)-VLOOKUP(X711,THONGSOHO_SP3,2,1))/2*(X711-VLOOKUP(X711,THONGSOHO_SP3,1,1))-156.13 -> #NAME? | Z711: 274.07
O712: 471.58 | P712: =VLOOKUP(O712,THONGSOHO_BTS,2,1)+(VLOOKUP(O712+5,THONGSOHO_BTS,2,1)-VLOOKUP(O712,THONGSOHO_BTS,2,1))/5*(O712-VLOOKUP(O712,THONGSOHO_BTS,1,1))-264.29 -> #NAME? | Q712: 471.58 | R712: 472.09 | S712: 9.4411 | X712: 274.08 | Y712: =VLOOKUP(X712,THONGSOHO_SP3,2,1)+(VLOOKUP(X712+2,THONGSOHO_SP3,2,1)-VLOOKUP(X712,THONGSOHO_SP3,2,1))/2*(X712-VLOOKUP(X712,THONGSOHO_SP3,1,1))-156.13 -> #NAME? | Z712: 274.08
O713: 471.59 | P713: =VLOOKUP(O713,THONGSOHO_BTS,2,1)+(VLOOKUP(O713+5,THONGSOHO_BTS,2,1)-VLOOKUP(O713,THONGSOHO_BTS,2,1))/5*(O713-VLOOKUP(O713,THONGSOHO_BTS,1,1))-264.29 -> #NAME? | Q713: 471.59 | R713: 472.1 | S713: 9.439 | X713: 274.09 | Y713: =VLOOKUP(X713,THONGSOHO_SP3,2,1)+(VLOOKUP(X713+2,THONGSOHO_SP3,2,1)-VLOOKUP(X713,THONGSOHO_SP3,2,1))/2*(X713-VLOOKUP(X713,THONGSOHO_SP3,1,1))-156.13 -> #NAME? | Z713: 274.09
O714: 471.6 | P714: =VLOOKUP(O714,THONGSOHO_BTS,2,1)+(VLOOKUP(O714+5,THONGSOHO_BTS,2,1)-VLOOKUP(O714,THONGSOHO_BTS,2,1))/5*(O714-VLOOKUP(O714,THONGSOHO_BTS,1,1))-264.29 -> #NAME? | Q714: 471.6 | R714: 472.11 | S714: 9.4369 | X714: 274.1 | Y714: =VLOOKUP(X714,THONGSOHO_SP3,2,1)+(VLOOKUP(X714+2,THONGSOHO_SP3,2,1)-VLOOKUP(X714,THONGSOHO_SP3,2,1))/2*(X714-VLOOKUP(X714,THONGSOHO_SP3,1,1))-156.13 -> #NAME? | Z714: 274.1
O715: 471.61 | P715: =VLOOKUP(O715,THONGSOHO_BTS,2,1)+(VLOOKUP(O715+5,THONGSOHO_BTS,2,1)-VLOOKUP(O715,THONGSOHO_BTS,2,1))/5*(O715-VLOOKUP(O715,THONGSOHO_BTS,1,1))-264.29 -> #NAME? | Q715: 471.61 | R715: 472.12 | S715: 9.4348 | X715: 274.11 | Y715: =VLOOKUP(X715,THONGSOHO_SP3,2,1)+(VLOOKUP(X715+2,THONGSOHO_SP3,2,1)-VLOOKUP(X715,THONGSOHO_SP3,2,1))/2*(X715-VLOOKUP(X715,THONGSOHO_SP3,1,1))-156.13 -> #NAME? | Z715: 274.11
O716: 471.62 | P716: =VLOOKUP(O716,THONGSOHO_BTS,2,1)+(VLOOKUP(O716+5,THONGSOHO_BTS,2,1)-VLOOKUP(O716,THONGSOHO_BTS,2,1))/5*(O716-VLOOKUP(O716,THONGSOHO_BTS,1,1))-264.29 -> #NAME? | Q716: 471.62 | R716: 472.13 | S716: 9.4327 | X716: 274.12 | Y716: =VLOOKUP(X716,THONGSOHO_SP3,2,1)+(VLOOKUP(X716+2,THONGSOHO_SP3,2,1)-VLOOKUP(X716,THONGSOHO_SP3,2,1))/2*(X716-VLOOKUP(X716,THONGSOHO_SP3,1,1))-156.13 -> #NAME? | Z716: 274.12
... O904: 473.5 | P904: =VLOOKUP(O904,THONGSOHO_BTS,2,1)+(VLOOKUP(O904+5,THONGSOHO_BTS,2,1)-VLOOKUP(O904,THONGSOHO_BTS,2,1))/5*(O904-VLOOKUP(O904,THONGSOHO_BTS,1,1))-264.29 -> #NAME? | Q904: 473.5 | R904: 474.01 | S904: 9.0873 | X904: 276 | Y904: =VLOOKUP(X904,THONGSOHO_SP3,2,1)+(VLOOKUP(X904+2,THONGSOHO_SP3,2,1)-VLOOKUP(X904,THONGSOHO_SP3,2,1))/2*(X904-VLOOKUP(X904,THONGSOHO_SP3,1,1))-156.13 -> #NAME? | Z904: 276
O905: 473.51 | P905: =VLOOKUP(O905,THONGSOHO_BTS,2,1)+(VLOOKUP(O905+5,THONGSOHO_BTS,2,1)-VLOOKUP(O905,THONGSOHO_BTS,2,1))/5*(O905-VLOOKUP(O905,THONGSOHO_BTS,1,1))-264.29 -> #NAME? | Q905: 473.51 | R905: 474.02 | S905: 9.0846
O906: 473.52 | P906: =VLOOKUP(O906,THONGSOHO_BTS,2,1)+(VLOOKUP(O906+5,THONGSOHO_BTS,2,1)-VLOOKUP(O906,THONGSOHO_BTS,2,1))/5*(O906-VLOOKUP(O906,THONGSOHO_BTS,1,1))-264.29 -> #NAME? | Q906: 473.52 | R906: 474.03 | S906: 9.0819
O907: 473.53 | P907: =VLOOKUP(O907,THONGSOHO_BTS,2,1)+(VLOOKUP(O907+5,THONGSOHO_BTS,2,1)-VLOOKUP(O907,THONGSOHO_BTS,2,1))/5*(O907-VLOOKUP(O907,THONGSOHO_BTS,1,1))-264.29 -> #NAME? | Q907: 473.53 | R907: 474.04 | S907: 9.0792
O908: 473.54 | P908: =VLOOKUP(O908,THONGSOHO_BTS,2,1)+(VLOOKUP(O908+5,THONGSOHO_BTS,2,1)-VLOOKUP(O908,THONGSOHO_BTS,2,1))/5*(O908-VLOOKUP(O908,THONGSOHO_BTS,1,1))-264.29 -> #NAME? | Q908: 473.54 | R908: 474.05 | S908: 9.0765
O909: 473.55 | P909: =VLOOKUP(O909,THONGSOHO_BTS,2,1)+(VLOOKUP(O909+5,THONGSOHO_BTS,2,1)-VLOOKUP(O909,THONGSOHO_BTS,2,1))/5*(O909-VLOOKUP(O909,THONGSOHO_BTS,1,1))-264.29 -> #NAME? | Q909: 473.55 | R909: 474.06 | S909: 9.0738
O910: 473.56 | P910: =VLOOKUP(O910,THONGSOHO_BTS,2,1)+(VLOOKUP(O910+5,THONGSOHO_BTS,2,1)-VLOOKUP(O910,THONGSOHO_BTS,2,1))/5*(O910-VLOOKUP(O910,THONGSOHO_BTS,1,1))-264.29 -> #NAME? | Q910: 473.56 | R910: 474.07 | S910: 9.0711
O911: 473.57 | P911: =VLOOKUP(O911,THONGSOHO_BTS,2,1)+(VLOOKUP(O911+5,THONGSOHO_BTS,2,1)-VLOOKUP(O911,THONGSOHO_BTS,2,1))/5*(O911-VLOOKUP(O911,THONGSOHO_BTS,1,1))-264.29 -> #NAME? | Q911: 473.57 | R911: 474.08 | S911: 9.0684
O912: 473.58 | P912: =VLOOKUP(O912,THONGSOHO_BTS,2,1)+(VLOOKUP(O912+5,THONGSOHO_BTS,2,1)-VLOOKUP(O912,THONGSOHO_BTS,2,1))/5*(O912-VLOOKUP(O912,THONGSOHO_BTS,1,1))-264.29 -> #NAME? | Q912: 473.58 | R912: 474.09 | S912: 9.0657
O913: 473.59 | P913: =VLOOKUP(O913,THONGSOHO_BTS,2,1)+(VLOOKUP(O913+5,THONGSOHO_BTS,2,1)-VLOOKUP(O913,THONGSOHO_BTS,2,1))/5*(O913-VLOOKUP(O913,THONGSOHO_BTS,1,1))-264.29 -> #NAME? | Q913: 473.59 | R913: 474.1 | S913: 9.063
O914: 473.6 | P914: =VLOOKUP(O914,THONGSOHO_BTS,2,1)+(VLOOKUP(O914+5,THONGSOHO_BTS,2,1)-VLOOKUP(O914,THONGSOHO_BTS,2,1))/5*(O914-VLOOKUP(O914,THONGSOHO_BTS,1,1))-264.29 -> #NAME? | Q914: 473.6 | R914: 474.11 | S914: 9.0603
O915: 473.61 | P915: =VLOOKUP(O915,THONGSOHO_BTS,2,1)+(VLOOKUP(O915+5,THONGSOHO_BTS,2,1)-VLOOKUP(O915,THONGSOHO_BTS,2,1))/5*(O915-VLOOKUP(O915,THONGSOHO_BTS,1,1))-264.29 -> #NAME? | Q915: 473.61 | R915: 474.12 | S915: 9.0576
O916: 473.62 | P916: =VLOOKUP(O916,THONGSOHO_BTS,2,1)+(VLOOKUP(O916+5,THONGSOHO_BTS,2,1)-VLOOKUP(O916,THONGSOHO_BTS,2,1))/5*(O916-VLOOKUP(O916,THONGSOHO_BTS,1,1))-264.29 -> #NAME? | Q916: 473.62 | R916: 474.13 | S916: 9.0549
... O2253: 486.99 | P2253: =VLOOKUP(O2253,THONGSOHO_BTS,2,1)+(VLOOKUP(O2253+5,THONGSOHO_BTS,2,1)-VLOOKUP(O2253,THONGSOHO_BTS,2,1))/5*(O2253-VLOOKUP(O2253,THONGSOHO_BTS,1,1))-264.29 -> #NAME? | Q2253: 486.99 | R2253: 487.5 | S2253: 7.25
O2254: 487 | P2254: =VLOOKUP(O2254,THONGSOHO_BTS,2,1)+(VLOOKUP(O2254+5,THONGSOHO_BTS,2,1)-VLOOKUP(O2254,THONGSOHO_BTS,2,1))/5*(O2254-VLOOKUP(O2254,THONGSOHO_BTS,1,1))-264.29 -> #NAME? | Q2254: 487
O2255: 487.01 | P2255: =VLOOKUP(O2255,THONGSOHO_BTS,2,1)+(VLOOKUP(O2255+5,THONGSOHO_BTS,2,1)-VLOOKUP(O2255,THONGSOHO_BTS,2,1))/5*(O2255-VLOOKUP(O2255,THONGSOHO_BTS,1,1))-264.29 -> #NAME? | Q2255: 487.01
O2256: 487.02 | P2256: =VLOOKUP(O2256,THONGSOHO_BTS,2,1)+(VLOOKUP(O2256+5,THONGSOHO_BTS,2,1)-VLOOKUP(O2256,THONGSOHO_BTS,2,1))/5*(O2256-VLOOKUP(O2256,THONGSOHO_BTS,1,1))-264.29 -> #NAME? | Q2256: 487.02
O2257: 487.03 | P2257: =VLOOKUP(O2257,THONGSOHO_BTS,2,1)+(VLOOKUP(O2257+5,THONGSOHO_BTS,2,1)-VLOOKUP(O2257,THONGSOHO_BTS,2,1))/5*(O2257-VLOOKUP(O2257,THONGSOHO_BTS,1,1))-264.29 -> #NAME? | Q2257: 487.03
O2258: 487.04 | P2258: =VLOOKUP(O2258,THONGSOHO_BTS,2,1)+(VLOOKUP(O2258+5,THONGSOHO_BTS,2,1)-VLOOKUP(O2258,THONGSOHO_BTS,2,1))/5*(O2258-VLOOKUP(O2258,THONGSOHO_BTS,1,1))-264.29 -> #NAME? | Q2258: 487.04
O2259: 487.05 | P2259: =VLOOKUP(O2259,THONGSOHO_BTS,2,1)+(VLOOKUP(O2259+5,THONGSOHO_BTS,2,1)-VLOOKUP(O2259,THONGSOHO_BTS,2,1))/5*(O2259-VLOOKUP(O2259,THONGSOHO_BTS,1,1))-264.29 -> #NAME? | Q2259: 487.05
O2260: 487.06 | P2260: =VLOOKUP(O2260,THONGSOHO_BTS,2,1)+(VLOOKUP(O2260+5,THONGSOHO_BTS,2,1)-VLOOKUP(O2260,THONGSOHO_BTS,2,1))/5*(O2260-VLOOKUP(O2260,THONGSOHO_BTS,1,1))-264.29 -> #NAME? | Q2260: 487.06
O2261: 487.07 | P2261: =VLOOKUP(O2261,THONGSOHO_BTS,2,1)+(VLOOKUP(O2261+5,THONGSOHO_BTS,2,1)-VLOOKUP(O2261,THONGSOHO_BTS,2,1))/5*(O2261-VLOOKUP(O2261,THONGSOHO_BTS,1,1))-264.29 -> #NAME? | Q2261: 487.07
O2262: 487.08 | P2262: =VLOOKUP(O2262,THONGSOHO_BTS,2,1)+(VLOOKUP(O2262+5,THONGSOHO_BTS,2,1)-VLOOKUP(O2262,THONGSOHO_BTS,2,1))/5*(O2262-VLOOKUP(O2262,THONGSOHO_BTS,1,1))-264.29 -> #NAME? | Q2262: 487.08
O2263: 487.09 | P2263: =VLOOKUP(O2263,THONGSOHO_BTS,2,1)+(VLOOKUP(O2263+5,THONGSOHO_BTS,2,1)-VLOOKUP(O2263,THONGSOHO_BTS,2,1))/5*(O2263-VLOOKUP(O2263,THONGSOHO_BTS,1,1))-264.29 -> #NAME? | Q2263: 487.09
O2264: 487.1 | P2264: =VLOOKUP(O2264,THONGSOHO_BTS,2,1)+(VLOOKUP(O2264+5,THONGSOHO_BTS,2,1)-VLOOKUP(O2264,THONGSOHO_BTS,2,1))/5*(O2264-VLOOKUP(O2264,THONGSOHO_BTS,1,1))-264.29 -> #NAME? | Q2264: 487.1
O2265: 487.11 | P2265: =VLOOKUP(O2265,THONGSOHO_BTS,2,1)+(VLOOKUP(O2265+5,THONGSOHO_BTS,2,1)-VLOOKUP(O2265,THONGSOHO_BTS,2,1))/5*(O2265-VLOOKUP(O2265,THONGSOHO_BTS,1,1))-264.29 -> #NAME? | Q2265: 487.11
... O2554: 490 | P2554: =VLOOKUP(O2554,THONGSOHO_BTS,2,1)+(VLOOKUP(O2554+5,THONGSOHO_BTS,2,1)-VLOOKUP(O2554,THONGSOHO_BTS,2,1))/5*(O2554-VLOOKUP(O2554,THONGSOHO_BTS,1,1))-264.29 -> #NAME? | Q2554: 490

Sheet Bảng tra TS-SL BTS
A1: Biểu số 2-a.1
A2: BẢNG TRA TẦN SUẤT NƯỚC VỀ | P2: SẢN LƯỢNG TÍNH THEO TẦN SUẤT | AD2: A_max | AE2: ='ThK SL điện'!Q217 -> 61.071907 | AF2: tr.kwh
A3: Nhà máy Thủy điện Buôn Tua Srah | P3: Nhà máy Thủy điện Buôn Tua Srah | AD3: SHN | AE3: 8.88 | AF3: m3/kwh
A4: Tháng | B4: 1 | C4: 2 | D4: 3 | E4: 4 | F4: 5 | G4: 6 | H4: 7 | I4: 8 | J4: 9 | K4: 10 | L4: 11 | M4: 12 | N4: TB | P4: Tháng | Q4: 1 | R4: 2 | S4: 3 | T4: 4 | U4: 5 | V4: 6 | W4: 7 | X4: 8 | Y4: 9 | Z4: 10 | AA4: 11 | AB4: 12 | AC4: TC | AE4: Tính nội suy lưu lượng ngược ra tần suất | AM4: Tính nội suy tần suất ra sản lượng, lưu lượng
A5: Tần suất | B5: m3/s | P5: Tần suất | Q5: 31 | R5: 29 | S5: 31 | T5: 30 | U5: 31 | V5: 30 | W5: 31 | X5: 31 | Y5: 30 | Z5: 31 | AA5: 30 | AB5: 31 | AC5: tr.kwh | AD5: month | AE5: Q | AF5: Q1 | AG5: Q2 | AH5: F1 | AI5: F2 | AJ5: F | AL5: month | AM5: F[%] | AN5: F1 | AO5: F2 | AP5: A1 | AQ5: A2 | AR5: A[tr.kwh] | AS5: Q1 | AT5: Q2 | AU5: Q[m3/s]
A6: 5 | B6: 76.895 | C6: 51.793753 | D6: 39.7 | E6: 45.614569 | F6: 78.583118 | G6: 105 | H6: 169.08745 | I6: 291.1 | J6: 268.45 | K6: 311.1 | L6: 257.4 | M6: 188.1 | N6: 134.48667 | P6: 5 | Q6: =IF(B6*Q5*24*3600/$AE$3/10^6>$AE$2,$AE$2,B6*Q5*24*3600/$AE$3/10^6) -> 23.193195 | R6: =IF(C6*R5*24*3600/$AE$3/10^6>$AE$2,$AE$2,C6*R5*24*3600/$AE$3/10^6) -> 14.614237 | S6: =IF(D6*S5*24*3600/$AE$3/10^6>$AE$2,$AE$2,D6*S5*24*3600/$AE$3/10^6) -> 11.974378 | T6: =IF(E6*T5*24*3600/$AE$3/10^6>$AE$2,$AE$2,E6*T5*24*3600/$AE$3/10^6) -> 13.314523 | U6: =IF(F6*U5*24*3600/$AE$3/10^6>$AE$2,$AE$2,F6*U5*24*3600/$AE$3/10^6) -> 23.702368 | V6: =IF(G6*V5*24*3600/$AE$3/10^6>$AE$2,$AE$2,G6*V5*24*3600/$AE$3/10^6) -> 30.648649 | W6: =IF(H6*W5*24*3600/$AE$3/10^6>$AE$2,$AE$2,H6*W5*24*3600/$AE$3/10^6) -> 51.000431 | X6: =IF(I6*X5*24*3600/$AE$3/10^6>$AE$2,$AE$2,I6*X5*24*3600/$AE$3/10^6) -> 61.071907 | ... AB6: =IF(M6*AB5*24*3600/$AE$3/10^6>$AE$2,$AE$2,M6*AB5*24*3600/$AE$3/10^6) -> 56.735027 | AC6: =SUM(Q6:AB6) -> 469.47044 | AD6: 1 | AE6: ='Theo dõi TV'!H8 -> 45.692365 | AF6: =_xlfn.XLOOKUP(AE6,B$6:B$24,B$6:B$24,,-1,1) -> 44.79 | AG6: =_xlfn.XLOOKUP(AE6,B$6:B$24,B$6:B$24,,1,1) -> 48.75 | AH6: =_xlfn.XLOOKUP(AE6,$B$6:$B$24,A$6:A$24,,-1,1) -> 55 | AI6: =_xlfn.XLOOKUP(AE6,$B$6:$B$24,A$6:A$24,,1,1) -> 50 | AJ6: =IF(AE6=AF6,AH6,FORECAST(AE6,AH6:AI6,AF6:AG6)) -> 53.860651 | AL6: 1 | AM6: 53.860651 | AN6: =_xlfn.XLOOKUP(AM6,$P$6:$P$24,$P$6:$P$24,,-1,1) -> 50 | AO6: =_xlfn.XLOOKUP(AM6,$P$6:$P$24,$P$6:$P$24,,1,1) -> 55 | AP6: =_xlfn.XLOOKUP(AM6,$P$6:$P$24,$Q$6:$Q$24,,-1,1) -> 14.704054 | AQ6: =_xlfn.XLOOKUP(AM6,$P$6:$P$24,$Q$6:$Q$24,,1,1) -> 13.509632 | AR6: =IF(AM6=AN6,AP6,FORECAST(AM6,AP6:AQ6,AN6:AO6)) -> 13.781805 | AS6: =_xlfn.XLOOKUP(AM6,$A$6:$A$24,$B$6:$B$24,,-1,1) -> 48.75 | AT6: =_xlfn.XLOOKUP(AM6,$A$6:$A$24,$B$6:$B$24,,1,1) -> 44.79 | AU6: =IF(AM6=AN6,AS6,FORECAST(AM6,AS6:AT6,AN6:AO6)) -> 45.692365
A7: 10 | B7: 70.890985 | C7: 50.4 | D7: 37.410498 | E7: 41.250733 | F7: 65.141549 | G7: 103.05843 | H7: 150.01873 | I7: 271 | J7: 249.3 | K7: 286.4 | L7: 206.8 | M7: 167.2 | N7: 122.37701 | P7: 10 | Q7: =IF(B7*Q5*24*3600/$AE$3/10^6>$AE$2,$AE$2,B7*Q5*24*3600/$AE$3/10^6) -> 21.382254 | R7: =IF(C7*R5*24*3600/$AE$3/10^6>$AE$2,$AE$2,C7*R5*24*3600/$AE$3/10^6) -> 14.220973 | S7: =IF(D7*S5*24*3600/$AE$3/10^6>$AE$2,$AE$2,D7*S5*24*3600/$AE$3/10^6) -> 11.283815 | T7: =IF(E7*T5*24*3600/$AE$3/10^6>$AE$2,$AE$2,E7*T5*24*3600/$AE$3/10^6) -> 12.040755 | U7: =IF(F7*U5*24*3600/$AE$3/10^6>$AE$2,$AE$2,F7*U5*24*3600/$AE$3/10^6) -> 19.6481 | V7: =IF(G7*V5*24*3600/$AE$3/10^6>$AE$2,$AE$2,G7*V5*24*3600/$AE$3/10^6) -> 30.081919 | W7: =IF(H7*W5*24*3600/$AE$3/10^6>$AE$2,$AE$2,H7*W5*24*3600/$AE$3/10^6) -> 45.248893 | X7: =IF(I7*X5*24*3600/$AE$3/10^6>$AE$2,$AE$2,I7*X5*24*3600/$AE$3/10^6) -> 61.071907 | ... AB7: =IF(M7*AB5*24*3600/$AE$3/10^6>$AE$2,$AE$2,M7*AB5*24*3600/$AE$3/10^6) -> 50.431135 | AC7: =SUM(Q7:AB7) -> 447.91681 | AD7: 2 | AE7: ='Theo dõi TV'!H9 -> 31.174346 | AF7: =_xlfn.XLOOKUP(AE7,C$6:C$24,C$6:C$24,,-1,1) -> 30.602674 | AG7: =_xlfn.XLOOKUP(AE7,C$6:C$24,C$6:C$24,,1,1) -> 31.786017 | AH7: =_xlfn.XLOOKUP(AE7,$C$6:$C$24,$A$6:$A$24,,-1,1) -> 60 | AI7: =_xlfn.XLOOKUP(AE7,$C$6:$C$24,$A$6:$A$24,,1,1) -> 55 | AJ7: =IF(AE7=AF7,AH7,FORECAST(AE7,AH7:AI7,AF7:AG7)) -> 57.584506 | AL7: 2 | AM7: 57.584506 | AN7: =_xlfn.XLOOKUP(AM7,$P$6:$P$24,$P$6:$P$24,,-1,1) -> 55 | AO7: =_xlfn.XLOOKUP(AM7,$P$6:$P$24,$P$6:$P$24,,1,1) -> 60 | AP7: =_xlfn.XLOOKUP(AM7,$P$6:$P$24,$R$6:$R$24,,-1,1) -> 8.9688114 | AQ7: =_xlfn.XLOOKUP(AM7,$P$6:$P$24,$R$6:$R$24,,1,1) -> 8.6349168 | AR7: =IF(AM7=AN7,AP7,FORECAST(AM7,AP7:AQ7,AN7:AO7)) -> 8.7962209 | AS7: =_xlfn.XLOOKUP(AM7,$A$6:$A$24,$C$6:$C$24,,-1,1) -> 31.786017 | AT7: =_xlfn.XLOOKUP(AM7,$A$6:$A$24,$C$6:$C$24,,1,1) -> 30.602674 | AU7: =IF(AM7=AN7,AS7,FORECAST(AM7,AS7:AT7,AN7:AO7)) -> 31.174346
A8: 15 | B8: 67.5 | C8: 43.76 | D8: 35.234731 | E8: 36.295 | F8: 55.191755 | G8: 94.806894 | H8: 143.94316 | I8: 241.95 | J8: 242.87877 | K8: 273.79584 | L8: 187.44853 | M8: 138.17165 | N8: 111.01875 | P8: 15 | Q8: =IF(B8*Q5*24*3600/$AE$3/10^6>$AE$2,$AE$2,B8*Q5*24*3600/$AE$3/10^6) -> 20.359459 | R8: =IF(C8*R5*24*3600/$AE$3/10^6>$AE$2,$AE$2,C8*R5*24*3600/$AE$3/10^6) -> 12.347416 | S8: =IF(D8*S5*24*3600/$AE$3/10^6>$AE$2,$AE$2,D8*S5*24*3600/$AE$3/10^6) -> 10.627557 | T8: =IF(E8*T5*24*3600/$AE$3/10^6>$AE$2,$AE$2,E8*T5*24*3600/$AE$3/10^6) -> 10.594216 | U8: =IF(F8*U5*24*3600/$AE$3/10^6>$AE$2,$AE$2,F8*U5*24*3600/$AE$3/10^6) -> 16.647027 | V8: =IF(G8*V5*24*3600/$AE$3/10^6>$AE$2,$AE$2,G8*V5*24*3600/$AE$3/10^6) -> 27.673364 | W8: =IF(H8*W5*24*3600/$AE$3/10^6>$AE$2,$AE$2,H8*W5*24*3600/$AE$3/10^6) -> 43.41637 | X8: =IF(I8*X5*24*3600/$AE$3/10^6>$AE$2,$AE$2,I8*X5*24*3600/$AE$3/10^6) -> 61.071907 | ... AB8: =IF(M8*AB5*24*3600/$AE$3/10^6>$AE$2,$AE$2,M8*AB5*24*3600/$AE$3/10^6) -> 41.675557 | AC8: =SUM(Q8:AB8) -> 421.27139 | AD8: 3 | AE8: ='Theo dõi TV'!H10 -> 24.670412 | AF8: =_xlfn.XLOOKUP(AE8,D$6:D$24,D$6:D$24,,-1,1) -> 23.584864 | AG8: =_xlfn.XLOOKUP(AE8,D$6:D$24,D$6:D$24,,1,1) -> 24.98745 | AH8: =_xlfn.XLOOKUP(AE8,$D$6:$D$24,$A$6:$A$24,,-1,1) -> 60 | AI8: =_xlfn.XLOOKUP(AE8,$D$6:$D$24,$A$6:$A$24,,1,1) -> 55 | AJ8: =IF(AE8=AF8,AH8,FORECAST(AE8,AH8:AI8,AF8:AG8)) -> 56.130192 | AL8: 3 | AM8: 56.130192 | AN8: =_xlfn.XLOOKUP(AM8,$P$6:$P$24,$P$6:$P$24,,-1,1) -> 55 | AO8: =_xlfn.XLOOKUP(AM8,$P$6:$P$24,$P$6:$P$24,,1,1) -> 60 | AP8: =_xlfn.XLOOKUP(AM8,$P$6:$P$24,$S$6:$S$24,,-1,1) -> 7.5367552 | AQ8: =_xlfn.XLOOKUP(AM8,$P$6:$P$24,$S$6:$S$24,,1,1) -> 7.1137048 | AR8: =IF(AM8=AN8,AP8,FORECAST(AM8,AP8:AQ8,AN8:AO8)) -> 7.4411296 | AS8: =_xlfn.XLOOKUP(AM8,$A$6:$A$24,$D$6:$D$24,,-1,1) -> 24.98745 | AT8: =_xlfn.XLOOKUP(AM8,$A$6:$A$24,$D$6:$D$24,,1,1) -> 23.584864 | AU8: =IF(AM8=AN8,AS8,FORECAST(AM8,AS8:AT8,AN8:AO8)) -> 24.670412
A9: 20 | B9: 65.419634 | C9: 39.829076 | D9: 33.36 | E9: 35.4 | F9: 52.5 | G9: 91.04148 | H9: 133.65527 | I9: 228.98649 | J9: 230.55281 | K9: 256.00287 | L9: 184.96041 | M9: 120.42192 | N9: 103.72269 | P9: 20 | Q9: =IF(B9*Q5*24*3600/$AE$3/10^6>$AE$2,$AE$2,B9*Q5*24*3600/$AE$3/10^6) -> 19.731976 | R9: =IF(C9*R5*24*3600/$AE$3/10^6>$AE$2,$AE$2,C9*R5*24*3600/$AE$3/10^6) -> 11.238258 | S9: =IF(D9*S5*24*3600/$AE$3/10^6>$AE$2,$AE$2,D9*S5*24*3600/$AE$3/10^6) -> 10.062097 | T9: =IF(E9*T5*24*3600/$AE$3/10^6>$AE$2,$AE$2,E9*T5*24*3600/$AE$3/10^6) -> 10.332973 | U9: =IF(F9*U5*24*3600/$AE$3/10^6>$AE$2,$AE$2,F9*U5*24*3600/$AE$3/10^6) -> 15.835135 | V9: =IF(G9*V5*24*3600/$AE$3/10^6>$AE$2,$AE$2,G9*V5*24*3600/$AE$3/10^6) -> 26.57427 | W9: =IF(H9*W5*24*3600/$AE$3/10^6>$AE$2,$AE$2,H9*W5*24*3600/$AE$3/10^6) -> 40.31332 | X9: =IF(I9*X5*24*3600/$AE$3/10^6>$AE$2,$AE$2,I9*X5*24*3600/$AE$3/10^6) -> 61.071907 | ... AB9: =IF(M9*AB5*24*3600/$AE$3/10^6>$AE$2,$AE$2,M9*AB5*24*3600/$AE$3/10^6) -> 36.321854 | AC9: =SUM(Q9:AB9) -> 407.61405 | AD9: 4 | AE9: ='Theo dõi TV'!H11 -> 23.55115 | AF9: =_xlfn.XLOOKUP(AE9,E$6:E$24,E$6:E$24,,-1,1) -> 21.462264 | AG9: =_xlfn.XLOOKUP(AE9,E$6:E$24,E$6:E$24,,1,1) -> 23.6063 | AH9: =_xlfn.XLOOKUP(AE9,$E$6:$E$24,$A$6:$A$24,,-1,1) -> 75 | AI9: =_xlfn.XLOOKUP(AE9,$E$6:$E$24,$A$6:$A$24,,1,1) -> 70 | AJ9: =IF(AE9=AF9,AH9,FORECAST(AE9,AH9:AI9,AF9:AG9)) -> 70.128612 | AL9: 4 | AM9: 70.128612 | AN9: =_xlfn.XLOOKUP(AM9,$P$6:$P$24,$P$6:$P$24,,-1,1) -> 70 | AO9: =_xlfn.XLOOKUP(AM9,$P$6:$P$24,$P$6:$P$24,,1,1) -> 75 | AP9: =_xlfn.XLOOKUP(AM9,$P$6:$P$24,$T$6:$T$24,,-1,1) -> 6.8904876 | AQ9: =_xlfn.XLOOKUP(AM9,$P$6:$P$24,$T$6:$T$24,,1,1) -> 6.2646608 | AR9: =IF(AM9=AN9,AP9,FORECAST(AM9,AP9:AQ9,AN9:AO9)) -> 6.8743897 | AS9: =_xlfn.XLOOKUP(AM9,$A$6:$A$24,$E$6:$E$24,,-1,1) -> 23.6063 | AT9: =_xlfn.XLOOKUP(AM9,$A$6:$A$24,$E$6:$E$24,,1,1) -> 21.462264 | AU9: =IF(AM9=AN9,AS9,FORECAST(AM9,AS9:AT9,AN9:AO9)) -> 23.55115
A10: 25 | B10: 62.437151 | C10: 39.081442 | D10: 32.015679 | E10: 32.925 | F10: 52.175 | G10: 85.325 | H10: 126.5 | I10: 206 | J10: 225 | K10: 233.49713 | L10: 174.68856 | M10: 107 | N10: 102.04792 | P10: 25 | Q10: =IF(B10*Q5*24*3600/$AE$3/10^6>$AE$2,$AE$2,B10*Q5*24*3600/$AE$3/10^6) -> 18.832395 | R10: =IF(C10*R5*24*3600/$AE$3/10^6>$AE$2,$AE$2,C10*R5*24*3600/$AE$3/10^6) -> 11.027304 | S10: =IF(D10*S5*24*3600/$AE$3/10^6>$AE$2,$AE$2,D10*S5*24*3600/$AE$3/10^6) -> 9.6566211 | T10: =IF(E10*T5*24*3600/$AE$3/10^6>$AE$2,$AE$2,E10*T5*24*3600/$AE$3/10^6) -> 9.6105405 | U10: =IF(F10*U5*24*3600/$AE$3/10^6>$AE$2,$AE$2,F10*U5*24*3600/$AE$3/10^6) -> 15.737108 | V10: =IF(G10*V5*24*3600/$AE$3/10^6>$AE$2,$AE$2,G10*V5*24*3600/$AE$3/10^6) -> 24.905676 | W10: =IF(H10*W5*24*3600/$AE$3/10^6>$AE$2,$AE$2,H10*W5*24*3600/$AE$3/10^6) -> 38.155135 | X10: =IF(I10*X5*24*3600/$AE$3/10^6>$AE$2,$AE$2,I10*X5*24*3600/$AE$3/10^6) -> 61.071907 | ... AB10: =IF(M10*AB5*24*3600/$AE$3/10^6>$AE$2,$AE$2,M10*AB5*24*3600/$AE$3/10^6) -> 32.273514 | AC10: =SUM(Q10:AB10) -> 394.40419 | AD10: 5 | AE10: ='Theo dõi TV'!H12 -> 35.340364 | AF10: =_xlfn.XLOOKUP(AE10,F$6:F$24,F$6:F$24,,-1,1) -> 34.013594 | AG10: =_xlfn.XLOOKUP(AE10,F$6:F$24,F$6:F$24,,1,1) -> 37.38 | AH10: =_xlfn.XLOOKUP(AE10,$F$6:$F$24,$A$6:$A$24,,-1,1) -> 65 | AI10: =_xlfn.XLOOKUP(AE10,$F$6:$F$24,$A$6:$A$24,,1,1) -> 60 | AJ10: =IF(AE10=AF10,AH10,FORECAST(AE10,AH10:AI10,AF10:AG10)) -> 63.029396 | AL10: 5 | AM10: 63.029396 | AN10: =_xlfn.XLOOKUP(AM10,$P$6:$P$24,$P$6:$P$24,,-1,1) -> 60 | AO10: =_xlfn.XLOOKUP(AM10,$P$6:$P$24,$P$6:$P$24,,1,1) -> 65 | AP10: =_xlfn.XLOOKUP(AM10,$P$6:$P$24,$U$6:$U$24,,-1,1) -> 11.274616 | AQ10: =_xlfn.XLOOKUP(AM10,$P$6:$P$24,$U$6:$U$24,,1,1) -> 10.259235 | AR10: =IF(AM10=AN10,AP10,FORECAST(AM10,AP10:AQ10,AN10:AO10)) -> 10.659418 | AS10: =_xlfn.XLOOKUP(AM10,$A$6:$A$24,$F$6:$F$24,,-1,1) -> 37.38 | AT10: =_xlfn.XLOOKUP(AM10,$A$6:$A$24,$F$6:$F$24,,1,1) -> 34.013594 | AU10: =IF(AM10=AN10,AS10,FORECAST(AM10,AS10:AT10,AN10:AO10)) -> 35.340364
A11: 30 | B11: 60.037615 | C11: 38.889518 | D11: 31.219806 | E11: 31.495149 | F11: 50.561133 | G11: 82.64 | H11: 119.79671 | I11: 197.42427 | J11: 216.95487 | K11: 210.8 | L11: 168.26065 | M11: 93.2 | N11: 100.88019 | P11: 30 | Q11: =IF(B11*Q5*24*3600/$AE$3/10^6>$AE$2,$AE$2,B11*Q5*24*3600/$AE$3/10^6) -> 18.108643 | R11: =IF(C11*R5*24*3600/$AE$3/10^6>$AE$2,$AE$2,C11*R5*24*3600/$AE$3/10^6) -> 10.97315 | S11: =IF(D11*S5*24*3600/$AE$3/10^6>$AE$2,$AE$2,D11*S5*24*3600/$AE$3/10^6) -> 9.4165686 | T11: =IF(E11*T5*24*3600/$AE$3/10^6>$AE$2,$AE$2,E11*T5*24*3600/$AE$3/10^6) -> 9.1931785 | U11: =IF(F11*U5*24*3600/$AE$3/10^6>$AE$2,$AE$2,F11*U5*24*3600/$AE$3/10^6) -> 15.250331 | V11: =IF(G11*V5*24*3600/$AE$3/10^6>$AE$2,$AE$2,G11*V5*24*3600/$AE$3/10^6) -> 24.121946 | W11: =IF(H11*W5*24*3600/$AE$3/10^6>$AE$2,$AE$2,H11*W5*24*3600/$AE$3/10^6) -> 36.133278 | X11: =IF(I11*X5*24*3600/$AE$3/10^6>$AE$2,$AE$2,I11*X5*24*3600/$AE$3/10^6) -> 59.54743 | ... AB11: =IF(M11*AB5*24*3600/$AE$3/10^6>$AE$2,$AE$2,M11*AB5*24*3600/$AE$3/10^6) -> 28.111135 | AC11: =SUM(Q11:AB11) -> 382.11339 | AD11: 6 | AE11: ='Theo dõi TV'!H13 -> 71.350534 | AF11: =_xlfn.XLOOKUP(AE11,G$6:G$24,G$6:G$24,,-1,1) -> 68.665594 | AG11: =_xlfn.XLOOKUP(AE11,G$6:G$24,G$6:G$24,,1,1) -> 73.1 | AH11: =_xlfn.XLOOKUP(AE11,$G$6:$G$24,$A$6:$A$24,,-1,1) -> 45 | AI11: =_xlfn.XLOOKUP(AE11,$G$6:$G$24,$A$6:$A$24,,1,1) -> 40 | AJ11: =IF(AE11=AF11,AH11,FORECAST(AE11,AH11:AI11,AF11:AG11)) -> 41.972604 | AL11: 6 | AM11: 41.972604 | AN11: =_xlfn.XLOOKUP(AM11,$P$6:$P$24,$P$6:$P$24,,-1,1) -> 40 | AO11: =_xlfn.XLOOKUP(AM11,$P$6:$P$24,$P$6:$P$24,,1,1) -> 45 | AP11: =_xlfn.XLOOKUP(AM11,$P$6:$P$24,$V$6:$V$24,,-1,1) -> 21.337297 | AQ11: =_xlfn.XLOOKUP(AM11,$P$6:$P$24,$V$6:$V$24,,1,1) -> 20.04293 | AR11: =IF(AM11=AN11,AP11,FORECAST(AM11,AP11:AQ11,AN11:AO11)) -> 20.826642 | AS11: =_xlfn.XLOOKUP(AM11,$A$6:$A$24,$G$6:$G$24,,-1,1) -> 73.1 | AT11: =_xlfn.XLOOKUP(AM11,$A$6:$A$24,$G$6:$G$24,,1,1) -> 68.665594 | AU11: =IF(AM11=AN11,AS11,FORECAST(AM11,AS11:AT11,AN11:AO11)) -> 71.350534
A12: 35 | B12: 56.537802 | C12: 37.034286 | D12: 29.95 | E12: 31.155 | F12: 47.797661 | G12: 80.56 | H12: 111.1 | I12: 192.58836 | J12: 212.1 | K12: 206.17161 | L12: 149.5 | M12: 84.741195 | N12: 98.228333 | P12: 35 | Q12: =IF(B12*Q5*24*3600/$AE$3/10^6>$AE$2,$AE$2,B12*Q5*24*3600/$AE$3/10^6) -> 17.053024 | R12: =IF(C12*R5*24*3600/$AE$3/10^6>$AE$2,$AE$2,C12*R5*24*3600/$AE$3/10^6) -> 10.449674 | S12: =IF(D12*S5*24*3600/$AE$3/10^6>$AE$2,$AE$2,D12*S5*24*3600/$AE$3/10^6) -> 9.0335676 | T12: =IF(E12*T5*24*3600/$AE$3/10^6>$AE$2,$AE$2,E12*T5*24*3600/$AE$3/10^6) -> 9.0938919 | U12: =IF(F12*U5*24*3600/$AE$3/10^6>$AE$2,$AE$2,F12*U5*24*3600/$AE$3/10^6) -> 14.416808 | V12: =IF(G12*V5*24*3600/$AE$3/10^6>$AE$2,$AE$2,G12*V5*24*3600/$AE$3/10^6) -> 23.514811 | W12: =IF(H12*W5*24*3600/$AE$3/10^6>$AE$2,$AE$2,H12*W5*24*3600/$AE$3/10^6) -> 33.510162 | X12: =IF(I12*X5*24*3600/$AE$3/10^6>$AE$2,$AE$2,I12*X5*24*3600/$AE$3/10^6) -> 58.088814 | ... AB12: =IF(M12*AB5*24*3600/$AE$3/10^6>$AE$2,$AE$2,M12*AB5*24*3600/$AE$3/10^6) -> 25.559777 | AC12: =SUM(Q12:AB12) -> 366.50218 | AD12: 7 | AE12: ='Theo dõi TV'!H14 -> 75 | AF12: =_xlfn.XLOOKUP(AE12,H$6:H$24,H$6:H$24,,-1,1) -> 74.219919 | AG12: =_xlfn.XLOOKUP(AE12,H$6:H$24,H$6:H$24,,1,1) -> 78.97469 | AH12: =_xlfn.XLOOKUP(AE12,$H$6:$H$24,$A$6:$A$24,,-1,1) -> 70 | AI12: =_xlfn.XLOOKUP(AE12,$H$6:$H$24,$A$6:$A$24,,1,1) -> 65 | AJ12: =IF(AE12=AF12,AH12,FORECAST(AE12,AH12:AI12,AF12:AG12)) -> 69.179686 | AL12: 7 | AM12: =AJ12 -> 69.179686 | AN12: =_xlfn.XLOOKUP(AM12,$P$6:$P$24,$P$6:$P$24,,-1,1) -> 65 | AO12: =_xlfn.XLOOKUP(AM12,$P$6:$P$24,$P$6:$P$24,,1,1) -> 70 | AP12: =_xlfn.XLOOKUP(AM12,$P$6:$P$24,$W$6:$W$24,,-1,1) -> 23.820474 | AQ12: =_xlfn.XLOOKUP(AM12,$P$6:$P$24,$W$6:$W$24,,1,1) -> 22.386332 | AR12: =IF(AM12=AN12,AP12,FORECAST(AM12,AP12:AQ12,AN12:AO12)) -> 22.621622 | AS12: =_xlfn.XLOOKUP(AM12,$A$6:$A$24,$H$6:$H$24,,-1,1) -> 78.97469 | AT12: =_xlfn.XLOOKUP(AM12,$A$6:$A$24,$H$6:$H$24,,1,1) -> 74.219919 | AU12: =IF(AM12=AN12,AS12,FORECAST(AM12,AS12:AT12,AN12:AO12)) -> 75
A13: 40 | B13: 55.14 | C13: 35.18 | D13: 28.06 | E13: 29.684627 | F13: 44.021856 | G13: 73.1 | H13: 104.2 | I13: 166.85627 | J13: 204.5192 | K13: 190.63382 | L13: 139 | M13: 81.16 | N13: 97.51306 | P13: 40 | Q13: =IF(B13*Q5*24*3600/$AE$3/10^6>$AE$2,$AE$2,B13*Q5*24*3600/$AE$3/10^6) -> 16.631416 | R13: =IF(C13*R5*24*3600/$AE$3/10^6>$AE$2,$AE$2,C13*R5*24*3600/$AE$3/10^6) -> 9.9264649 | S13: =IF(D13*S5*24*3600/$AE$3/10^6>$AE$2,$AE$2,D13*S5*24*3600/$AE$3/10^6) -> 8.4635027 | T13: =IF(E13*T5*24*3600/$AE$3/10^6>$AE$2,$AE$2,E13*T5*24*3600/$AE$3/10^6) -> 8.6647019 | U13: =IF(F13*U5*24*3600/$AE$3/10^6>$AE$2,$AE$2,F13*U5*24*3600/$AE$3/10^6) -> 13.277944 | V13: =IF(G13*V5*24*3600/$AE$3/10^6>$AE$2,$AE$2,G13*V5*24*3600/$AE$3/10^6) -> 21.337297 | W13: =IF(H13*W5*24*3600/$AE$3/10^6>$AE$2,$AE$2,H13*W5*24*3600/$AE$3/10^6) -> 31.428973 | X13: =IF(I13*X5*24*3600/$AE$3/10^6>$AE$2,$AE$2,I13*X5*24*3600/$AE$3/10^6) -> 50.327459 | ... AB13: =IF(M13*AB5*24*3600/$AE$3/10^6>$AE$2,$AE$2,M13*AB5*24*3600/$AE$3/10^6) -> 24.479611 | AC13: =SUM(Q13:AB13) -> 342.30712 | AD13: 8 | AE13: ='Theo dõi TV'!H15 -> 115 | AF13: =_xlfn.XLOOKUP(AE13,I$6:I$24,I$6:I$24,,-1,1) -> 106.9 | AG13: =_xlfn.XLOOKUP(AE13,I$6:I$24,I$6:I$24,,1,1) -> 122.9 | AH13: =_xlfn.XLOOKUP(AE13,$I$6:$I$24,$A$6:$A$24,,-1,1) -> 70 | AI13: =_xlfn.XLOOKUP(AE13,$I$6:$I$24,$A$6:$A$24,,1,1) -> 65 | AJ13: =IF(AE13=AF13,AH13,FORECAST(AE13,AH13:AI13,AF13:AG13)) -> 67.46875 | AL13: 8 | AM13: 91 | AN13: =_xlfn.XLOOKUP(AM13,$P$6:$P$24,$P$6:$P$24,,-1,1) -> 90 | AO13: =_xlfn.XLOOKUP(AM13,$P$6:$P$24,$P$6:$P$24,,1,1) -> 95 | AP13: =_xlfn.XLOOKUP(AM13,$P$6:$P$24,$X$6:$X$24,,-1,1) -> 25.725751 | AQ13: =_xlfn.XLOOKUP(AM13,$P$6:$P$24,$X$6:$X$24,,1,1) -> 21.781605 | AR13: =IF(AM13=AN13,AP13,FORECAST(AM13,AP13:AQ13,AN13:AO13)) -> 24.936922 | AS13: =_xlfn.XLOOKUP(AM13,$A$6:$A$24,$I$6:$I$24,,-1,1) -> 85.291468 | AT13: =_xlfn.XLOOKUP(AM13,$A$6:$A$24,$I$6:$I$24,,1,1) -> 72.215 | AU13: =IF(AM13=AN13,AS13,FORECAST(AM13,AS13:AT13,AN13:AO13)) -> 82.676174
A14: 45 | B14: 51.68 | C14: 33.928124 | D14: 26.665 | E14: 28.0852 | F14: 43.045 | G14: 68.665594 | H14: 98.773667 | I14: 151.52524 | J14: 191.66878 | K14: 178.55 | L14: 126.64913 | M14: 79.3 | N14: 94.437341 | P14: 45 | Q14: =IF(B14*Q5*24*3600/$AE$3/10^6>$AE$2,$AE$2,B14*Q5*24*3600/$AE$3/10^6) -> 15.587805 | R14: =IF(C14*R5*24*3600/$AE$3/10^6>$AE$2,$AE$2,C14*R5*24*3600/$AE$3/10^6) -> 9.5732329 | S14: =IF(D14*S5*24*3600/$AE$3/10^6>$AE$2,$AE$2,D14*S5*24*3600/$AE$3/10^6) -> 8.0427405 | T14: =IF(E14*T5*24*3600/$AE$3/10^6>$AE$2,$AE$2,E14*T5*24*3600/$AE$3/10^6) -> 8.1978422 | U14: =IF(F14*U5*24*3600/$AE$3/10^6>$AE$2,$AE$2,F14*U5*24*3600/$AE$3/10^6) -> 12.983303 | V14: =IF(G14*V5*24*3600/$AE$3/10^6>$AE$2,$AE$2,G14*V5*24*3600/$AE$3/10^6) -> 20.04293 | W14: =IF(H14*W5*24*3600/$AE$3/10^6>$AE$2,$AE$2,H14*W5*24*3600/$AE$3/10^6) -> 29.792274 | X14: =IF(I14*X5*24*3600/$AE$3/10^6>$AE$2,$AE$2,I14*X5*24*3600/$AE$3/10^6) -> 45.703288 | ... AB14: =IF(M14*AB5*24*3600/$AE$3/10^6>$AE$2,$AE$2,M14*AB5*24*3600/$AE$3/10^6) -> 23.918595 | AC14: =SUM(Q14:AB14) -> 320.61097 | AD14: 9 | AE14: ='Theo dõi TV'!H16 -> 153 | AF14: =_xlfn.XLOOKUP(AE14,J$6:J$24,J$6:J$24,,-1,1) -> 146.23671 | AG14: =_xlfn.XLOOKUP(AE14,J$6:J$24,J$6:J$24,,1,1) -> 162.23282 | AH14: =_xlfn.XLOOKUP(AE14,$J$6:$J$24,$A$6:$A$24,,-1,1) -> 75 | AI14: =_xlfn.XLOOKUP(AE14,$J$6:$J$24,$A$6:$A$24,,1,1) -> 70 | AJ14: =IF(AE14=AF14,AH14,FORECAST(AE14,AH14:AI14,AF14:AG14)) -> 72.885958 | AL14: 9 | AM14: 47 | AN14: =_xlfn.XLOOKUP(AM14,$P$6:$P$24,$P$6:$P$24,,-1,1) -> 45 | AO14: =_xlfn.XLOOKUP(AM14,$P$6:$P$24,$P$6:$P$24,,1,1) -> 50 | AP14: =_xlfn.XLOOKUP(AM14,$P$6:$P$24,$Y$6:$Y$24,,-1,1) -> 55.946561 | AQ14: =_xlfn.XLOOKUP(AM14,$P$6:$P$24,$Y$6:$Y$24,,1,1) -> 53.744149 | AR14: =IF(AM14=AN14,AP14,FORECAST(AM14,AP14:AQ14,AN14:AO14)) -> 55.065596 | AS14: =_xlfn.XLOOKUP(AM14,$A$6:$A$24,$J$6:$J$24,,-1,1) -> 191.66878 | AT14: =_xlfn.XLOOKUP(AM14,$A$6:$A$24,$J$6:$J$24,,1,1) -> 184.12347 | AU14: =IF(AM14=AN14,AS14,FORECAST(AM14,AS14:AT14,AN14:AO14)) -> 188.65065
A15: 50 | B15: 48.75 | C15: 33.225482 | D15: 25.593492 | E15: 27.15 | F15: 40.95 | G15: 64.58638 | H15: 91.95 | I15: 143.74804 | J15: 184.12347 | K15: 173.5 | L15: 122 | M15: 78.933501 | N15: 91.334399 | P15: 50 | Q15: =IF(B15*Q5*24*3600/$AE$3/10^6>$AE$2,$AE$2,B15*Q5*24*3600/$AE$3/10^6) -> 14.704054 | R15: =IF(C15*R5*24*3600/$AE$3/10^6>$AE$2,$AE$2,C15*R5*24*3600/$AE$3/10^6) -> 9.3749739 | S15: =IF(D15*S5*24*3600/$AE$3/10^6>$AE$2,$AE$2,D15*S5*24*3600/$AE$3/10^6) -> 7.7195505 | T15: =IF(E15*T5*24*3600/$AE$3/10^6>$AE$2,$AE$2,E15*T5*24*3600/$AE$3/10^6) -> 7.9248649 | U15: =IF(F15*U5*24*3600/$AE$3/10^6>$AE$2,$AE$2,F15*U5*24*3600/$AE$3/10^6) -> 12.351405 | V15: =IF(G15*V5*24*3600/$AE$3/10^6>$AE$2,$AE$2,G15*V5*24*3600/$AE$3/10^6) -> 18.852241 | W15: =IF(H15*W5*24*3600/$AE$3/10^6>$AE$2,$AE$2,H15*W5*24*3600/$AE$3/10^6) -> 27.734108 | X15: =IF(I15*X5*24*3600/$AE$3/10^6>$AE$2,$AE$2,I15*X5*24*3600/$AE$3/10^6) -> 43.357517 | ... AB15: =IF(M15*AB5*24*3600/$AE$3/10^6>$AE$2,$AE$2,M15*AB5*24*3600/$AE$3/10^6) -> 23.80805 | AC15: =SUM(Q15:AB15) -> 307.51308 | AD15: 10 | AE15: ='Theo dõi TV'!H17 -> 160 | AF15: =_xlfn.XLOOKUP(AE15,K$6:K$24,K$6:K$24,,-1,1) -> 158.03908 | AG15: =_xlfn.XLOOKUP(AE15,K$6:K$24,K$6:K$24,,1,1) -> 164 | AH15: =_xlfn.XLOOKUP(AE15,$K$6:$K$24,$A$6:$A$24,,-1,1) -> 65 | AI15: =_xlfn.XLOOKUP(AE15,$K$6:$K$24,$A$6:$A$24,,1,1) -> 60 | AJ15: =IF(AE15=AF15,AH15,FORECAST(AE15,AH15:AI15,AF15:AG15)) -> 63.355184 | AL15: 10 | AM15: 57 | AN15: =_xlfn.XLOOKUP(AM15,$P$6:$P$24,$P$6:$P$24,,-1,1) -> 55 | AO15: =_xlfn.XLOOKUP(AM15,$P$6:$P$24,$P$6:$P$24,,1,1) -> 60 | AP15: =_xlfn.XLOOKUP(AM15,$P$6:$P$24,$Z$6:$Z$24,,-1,1) -> 49.991098 | AQ15: =_xlfn.XLOOKUP(AM15,$P$6:$P$24,$Z$6:$Z$24,,1,1) -> 49.465946 | AR15: =IF(AM15=AN15,AP15,FORECAST(AM15,AP15:AQ15,AN15:AO15)) -> 49.781037 | AS15: =_xlfn.XLOOKUP(AM15,$A$6:$A$24,$K$6:$K$24,,-1,1) -> 165.7411 | AT15: =_xlfn.XLOOKUP(AM15,$A$6:$A$24,$K$6:$K$24,,1,1) -> 164 | AU15: =IF(AM15=AN15,AS15,FORECAST(AM15,AS15:AT15,AN15:AO15)) -> 165.04466
A16: 55 | B16: 44.79 | C16: 31.786017 | D16: 24.98745 | E16: 26.5402 | F16: 39.66 | G16: 62.29 | H16: 87.13 | I16: 133.17149 | J16: 178.34478 | K16: 165.7411 | L16: 114.88709 | M16: 74.952134 | N16: 88.85197 | P16: 55 | Q16: =IF(B16*Q5*24*3600/$AE$3/10^6>$AE$2,$AE$2,B16*Q5*24*3600/$AE$3/10^6) -> 13.509632 | R16: =IF(C16*R5*24*3600/$AE$3/10^6>$AE$2,$AE$2,C16*R5*24*3600/$AE$3/10^6) -> 8.9688114 | S16: =IF(D16*S5*24*3600/$AE$3/10^6>$AE$2,$AE$2,D16*S5*24*3600/$AE$3/10^6) -> 7.5367552 | T16: =IF(E16*T5*24*3600/$AE$3/10^6>$AE$2,$AE$2,E16*T5*24*3600/$AE$3/10^6) -> 7.7468691 | U16: =IF(F16*U5*24*3600/$AE$3/10^6>$AE$2,$AE$2,F16*U5*24*3600/$AE$3/10^6) -> 11.962314 | V16: =IF(G16*V5*24*3600/$AE$3/10^6>$AE$2,$AE$2,G16*V5*24*3600/$AE$3/10^6) -> 18.181946 | W16: =IF(H16*W5*24*3600/$AE$3/10^6>$AE$2,$AE$2,H16*W5*24*3600/$AE$3/10^6) -> 26.280292 | X16: =IF(I16*X5*24*3600/$AE$3/10^6>$AE$2,$AE$2,I16*X5*24*3600/$AE$3/10^6) -> 40.1674 | ... AB16: =IF(M16*AB5*24*3600/$AE$3/10^6>$AE$2,$AE$2,M16*AB5*24*3600/$AE$3/10^6) -> 22.607184 | AC16: =SUM(Q16:AB16) -> 292.54431 | AD16: 11 | AE16: ='Theo dõi TV'!H18 -> 105 | AF16: =_xlfn.XLOOKUP(AE16,L$6:L$24,L$6:L$24,,-1,1) -> 98.034624 | AG16: =_xlfn.XLOOKUP(AE16,L$6:L$24,L$6:L$24,,1,1) -> 108.6 | AH16: =_xlfn.XLOOKUP(AE16,$L$6:$L$24,$A$6:$A$24,,-1,1) -> 65 | AI16: =_xlfn.XLOOKUP(AE16,$L$6:$L$24,$A$6:$A$24,,1,1) -> 60 | AJ16: =IF(AE16=AF16,AH16,FORECAST(AE16,AH16:AI16,AF16:AG16)) -> 61.703678 | AL16: 11 | AM16: 34 | AN16: =_xlfn.XLOOKUP(AM16,$P$6:$P$24,$P$6:$P$24,,-1,1) -> 30 | AO16: =_xlfn.XLOOKUP(AM16,$P$6:$P$24,$P$6:$P$24,,1,1) -> 35 | AP16: =_xlfn.XLOOKUP(AM16,$P$6:$P$24,$AA$6:$AA$24,,-1,1) -> 49.113921 | AQ16: =_xlfn.XLOOKUP(AM16,$P$6:$P$24,$AA$6:$AA$24,,1,1) -> 43.637838 | AR16: =IF(AM16=AN16,AP16,FORECAST(AM16,AP16:AQ16,AN16:AO16)) -> 44.733054 | AS16: =_xlfn.XLOOKUP(AM16,$A$6:$A$24,$L$6:$L$24,,-1,1) -> 168.26065 | AT16: =_xlfn.XLOOKUP(AM16,$A$6:$A$24,$L$6:$L$24,,1,1) -> 149.5 | AU16: =IF(AM16=AN16,AS16,FORECAST(AM16,AS16:AT16,AN16:AO16)) -> 153.25213
A17: 60 | B17: 43.16 | C17: 30.602674 | D17: 23.584864 | E17: 25.76 | F17: 37.38 | G17: 58.813276 | H17: 84.2 | I17: 128.25323 | J17: 176.6 | K17: 164 | L17: 108.6 | M17: 70.14 | N17: 86.636329 | P17: 60 | Q17: =IF(B17*Q5*24*3600/$AE$3/10^6>$AE$2,$AE$2,B17*Q5*24*3600/$AE$3/10^6) -> 13.017989 | R17: =IF(C17*R5*24*3600/$AE$3/10^6>$AE$2,$AE$2,C17*R5*24*3600/$AE$3/10^6) -> 8.6349168 | S17: =IF(D17*S5*24*3600/$AE$3/10^6>$AE$2,$AE$2,D17*S5*24*3600/$AE$3/10^6) -> 7.1137048 | T17: =IF(E17*T5*24*3600/$AE$3/10^6>$AE$2,$AE$2,E17*T5*24*3600/$AE$3/10^6) -> 7.5191351 | U17: =IF(F17*U5*24*3600/$AE$3/10^6>$AE$2,$AE$2,F17*U5*24*3600/$AE$3/10^6) -> 11.274616 | V17: =IF(G17*V5*24*3600/$AE$3/10^6>$AE$2,$AE$2,G17*V5*24*3600/$AE$3/10^6) -> 17.167118 | W17: =IF(H17*W5*24*3600/$AE$3/10^6>$AE$2,$AE$2,H17*W5*24*3600/$AE$3/10^6) -> 25.396541 | X17: =IF(I17*X5*24*3600/$AE$3/10^6>$AE$2,$AE$2,I17*X5*24*3600/$AE$3/10^6) -> 38.683948 | ... AB17: =IF(M17*AB5*24*3600/$AE$3/10^6>$AE$2,$AE$2,M17*AB5*24*3600/$AE$3/10^6) -> 21.155741 | AC17: =SUM(Q17:AB17) -> 282.67722 | AD17: 12 | AE17: ='Theo dõi TV'!H19 -> 73.5 | AF17: =_xlfn.XLOOKUP(AE17,M$6:M$24,M$6:M$24,,-1,1) -> 70.14 | AG17: =_xlfn.XLOOKUP(AE17,M$6:M$24,M$6:M$24,,1,1) -> 74.952134 | AH17: =_xlfn.XLOOKUP(AE17,M$6:M$24,$A$6:$A$24,,-1,1) -> 60 | AI17: =_xlfn.XLOOKUP(AE17,M$6:M$24,$A$6:$A$24,,1,1) -> 55 | AJ17: =IF(AE17=AF17,AH17,FORECAST(AE17,AH17:AI17,AF17:AG17)) -> 56.508826 | AL17: 12 | AM17: 27 | AN17: =_xlfn.XLOOKUP(AM17,$P$6:$P$24,$P$6:$P$24,,-1,1) -> 25 | AO17: =_xlfn.XLOOKUP(AM17,$P$6:$P$24,$P$6:$P$24,,1,1) -> 30 | AP17: =_xlfn.XLOOKUP(AM17,$P$6:$P$24,$AB$6:$AB$24,,-1,1) -> 32.273514 | AQ17: =_xlfn.XLOOKUP(AM17,$P$6:$P$24,$AB$6:$AB$24,,1,1) -> 28.111135 | AR17: =IF(AM17=AN17,AP17,FORECAST(AM17,AP17:AQ17,AN17:AO17)) -> 30.608562 | AS17: =_xlfn.XLOOKUP(AM17,$A$6:$A$24,$M$6:$M$24,,-1,1) -> 107 | AT17: =_xlfn.XLOOKUP(AM17,$A$6:$A$24,$M$6:$M$24,,1,1) -> 93.2 | AU17: =IF(AM17=AN17,AS17,FORECAST(AM17,AS17:AT17,AN17:AO17)) -> 101.48
A18: 65 | B18: 41.743016 | C18: 30.09 | D18: 22.44004 | E18: 24.595 | F18: 34.013594 | G18: 54.155 | H18: 78.97469 | I18: 122.9 | J18: 166.45 | K18: 158.03908 | L18: 98.034624 | M18: 64.903562 | N18: 84.1325 | P18: 65 | Q18: =IF(B18*Q5*24*3600/$AE$3/10^6>$AE$2,$AE$2,B18*Q5*24*3600/$AE$3/10^6) -> 12.590596 | R18: =IF(C18*R5*24*3600/$AE$3/10^6>$AE$2,$AE$2,C18*R5*24*3600/$AE$3/10^6) -> 8.4902595 | S18: =IF(D18*S5*24*3600/$AE$3/10^6>$AE$2,$AE$2,D18*S5*24*3600/$AE$3/10^6) -> 6.7684014 | T18: =IF(E18*T5*24*3600/$AE$3/10^6>$AE$2,$AE$2,E18*T5*24*3600/$AE$3/10^6) -> 7.1790811 | U18: =IF(F18*U5*24*3600/$AE$3/10^6>$AE$2,$AE$2,F18*U5*24*3600/$AE$3/10^6) -> 10.259235 | V18: =IF(G18*V5*24*3600/$AE$3/10^6>$AE$2,$AE$2,G18*V5*24*3600/$AE$3/10^6) -> 15.807405 | W18: =IF(H18*W5*24*3600/$AE$3/10^6>$AE$2,$AE$2,H18*W5*24*3600/$AE$3/10^6) -> 23.820474 | X18: =IF(I18*X5*24*3600/$AE$3/10^6>$AE$2,$AE$2,I18*X5*24*3600/$AE$3/10^6) -> 37.069297 | ... AB18: =IF(M18*AB5*24*3600/$AE$3/10^6>$AE$2,$AE$2,M18*AB5*24*3600/$AE$3/10^6) -> 19.576318 | AC18: =SUM(Q18:AB18) -> 266.42999 | AM18: Vào | AR18: Ra
A19: 70 | B19: 40.194655 | C19: 28.82829 | D19: 21.84127 | E19: 23.6063 | F19: 32.829122 | G19: 51.7809 | H19: 74.219919 | I19: 106.9 | J19: 162.23282 | K19: 154.0829 | L19: 93.623711 | M19: 62.3 | N19: 83.067878 | P19: 70 | Q19: =IF(B19*Q5*24*3600/$AE$3/10^6>$AE$2,$AE$2,B19*Q5*24*3600/$AE$3/10^6) -> 12.123577 | R19: =IF(C19*R5*24*3600/$AE$3/10^6>$AE$2,$AE$2,C19*R5*24*3600/$AE$3/10^6) -> 8.1342527 | S19: =IF(D19*S5*24*3600/$AE$3/10^6>$AE$2,$AE$2,D19*S5*24*3600/$AE$3/10^6) -> 6.5877992 | T19: =IF(E19*T5*24*3600/$AE$3/10^6>$AE$2,$AE$2,E19*T5*24*3600/$AE$3/10^6) -> 6.8904876 | U19: =IF(F19*U5*24*3600/$AE$3/10^6>$AE$2,$AE$2,F19*U5*24*3600/$AE$3/10^6) -> 9.9019731 | V19: =IF(G19*V5*24*3600/$AE$3/10^6>$AE$2,$AE$2,G19*V5*24*3600/$AE$3/10^6) -> 15.114425 | W19: =IF(H19*W5*24*3600/$AE$3/10^6>$AE$2,$AE$2,H19*W5*24*3600/$AE$3/10^6) -> 22.386332 | X19: =IF(I19*X5*24*3600/$AE$3/10^6>$AE$2,$AE$2,I19*X5*24*3600/$AE$3/10^6) -> 32.243351 | ... AB19: =IF(M19*AB5*24*3600/$AE$3/10^6>$AE$2,$AE$2,M19*AB5*24*3600/$AE$3/10^6) -> 18.791027 | AC19: =SUM(Q19:AB19) -> 253.33041
A20: 75 | B20: 38.704176 | C20: 27.675283 | D20: 21.65 | E20: 21.462264 | F20: 31.1 | G20: 50.775 | H20: 69.175 | I20: 105.75 | J20: 146.23671 | K20: 147.5 | L20: 90.886779 | M20: 56.508726 | N20: 81.197917 | P20: 75 | Q20: =IF(B20*$Q$5*24*3600/$AE$3/10^6>$AE$2,$AE$2,B20*$Q$5*24*3600/$AE$3/10^6) -> 11.674016 | R20: =IF(C20*$R$5*24*3600/$AE$3/10^6>$AE$2,$AE$2,C20*$R$5*24*3600/$AE$3/10^6) -> 7.8089178 | S20: =IF(D20*$S$5*24*3600/$AE$3/10^6>$AE$2,$AE$2,D20*$S$5*24*3600/$AE$3/10^6) -> 6.5301081 | T20: =IF(E20*$T$5*24*3600/$AE$3/10^6>$AE$2,$AE$2,E20*$T$5*24*3600/$AE$3/10^6) -> 6.2646608 | U20: =IF(F20*$U$5*24*3600/$AE$3/10^6>$AE$2,$AE$2,F20*$U$5*24*3600/$AE$3/10^6) -> 9.3804324 | V20: =IF(G20*$V$5*24*3600/$AE$3/10^6>$AE$2,$AE$2,G20*$V$5*24*3600/$AE$3/10^6) -> 14.820811 | W20: =IF(H20*$W$5*24*3600/$AE$3/10^6>$AE$2,$AE$2,H20*$W$5*24*3600/$AE$3/10^6) -> 20.864676 | X20: =IF(I20*$X$5*24*3600/$AE$3/10^6>$AE$2,$AE$2,I20*$X$5*24*3600/$AE$3/10^6) -> 31.896486 | Y20: =IF(J20*$Y$5*24*3600/$AE$3/10^6>$AE$2,$AE$2,J20*$Y$5*24*3600/$AE$3/10^6) -> 42.68531 | Z20: =IF(K20*$Z$5*24*3600/$AE$3/10^6>$AE$2,$AE$2,K20*$Z$5*24*3600/$AE$3/10^6) -> 44.489189 | AA20: =IF(L20*$AA$5*24*3600/$AE$3/10^6>$AE$2,$AE$2,L20*$AA$5*24*3600/$AE$3/10^6) -> 26.529114 | AB20: =IF(M20*$AB$5*24*3600/$AE$3/10^6>$AE$2,$AE$2,M20*$AB$5*24*3600/$AE$3/10^6) -> 17.044254 | AC20: =SUM(Q20:AB20) -> 239.98797
A21: 80 | B21: 38.194297 | C21: 27.245725 | D21: 21.44 | E21: 20.924209 | F21: 29.32 | G21: 48.68 | H21: 63.127016 | I21: 99.868435 | J21: 137.4 | K21: 136.6 | L21: 86.300595 | M21: 55.82 | N21: 80.05 | P21: 80 | Q21: =IF(B21*$Q$5*24*3600/$AE$3/10^6>$AE$2,$AE$2,B21*$Q$5*24*3600/$AE$3/10^6) -> 11.520226 | R21: =IF(C21*$R$5*24*3600/$AE$3/10^6>$AE$2,$AE$2,C21*$R$5*24*3600/$AE$3/10^6) -> 7.6877127 | S21: =IF(D21*$S$5*24*3600/$AE$3/10^6>$AE$2,$AE$2,D21*$S$5*24*3600/$AE$3/10^6) -> 6.4667676 | T21: =IF(E21*$T$5*24*3600/$AE$3/10^6>$AE$2,$AE$2,E21*$T$5*24*3600/$AE$3/10^6) -> 6.1076069 | U21: =IF(F21*$U$5*24*3600/$AE$3/10^6>$AE$2,$AE$2,F21*$U$5*24*3600/$AE$3/10^6) -> 8.8435459 | V21: =IF(G21*$V$5*24*3600/$AE$3/10^6>$AE$2,$AE$2,G21*$V$5*24*3600/$AE$3/10^6) -> 14.209297 | W21: =IF(H21*$W$5*24*3600/$AE$3/10^6>$AE$2,$AE$2,H21*$W$5*24*3600/$AE$3/10^6) -> 19.040473 | X21: =IF(I21*$X$5*24*3600/$AE$3/10^6>$AE$2,$AE$2,I21*$X$5*24*3600/$AE$3/10^6) -> 30.122479 | Y21: =IF(J21*$Y$5*24*3600/$AE$3/10^6>$AE$2,$AE$2,J21*$Y$5*24*3600/$AE$3/10^6) -> 40.105946 | Z21: =IF(K21*$Z$5*24*3600/$AE$3/10^6>$AE$2,$AE$2,K21*$Z$5*24*3600/$AE$3/10^6) -> 41.201514 | AA21: =IF(L21*$AA$5*24*3600/$AE$3/10^6>$AE$2,$AE$2,L21*$AA$5*24*3600/$AE$3/10^6) -> 25.190444 | AB21: =IF(M21*$AB$5*24*3600/$AE$3/10^6>$AE$2,$AE$2,M21*$AB$5*24*3600/$AE$3/10^6) -> 16.836519 | AC21: =SUM(Q21:AB21) -> 227.33253
A22: 85 | B22: 37.035 | C22: 26.9 | D22: 20.569602 | E22: 18.94 | F22: 27.835 | G22: 46.824224 | H22: 62.119875 | I22: 95.116566 | J22: 122.20246 | K22: 126 | L22: 80.3 | M22: 50.742921 | N22: 77.241667 | P22: 85 | Q22: =IF(B22*$Q$5*24*3600/$AE$3/10^6>$AE$2,$AE$2,B22*$Q$5*24*3600/$AE$3/10^6) -> 11.170557 | R22: =IF(C22*$R$5*24*3600/$AE$3/10^6>$AE$2,$AE$2,C22*$R$5*24*3600/$AE$3/10^6) -> 7.5901622 | S22: =IF(D22*$S$5*24*3600/$AE$3/10^6>$AE$2,$AE$2,D22*$S$5*24*3600/$AE$3/10^6) -> 6.2042368 | T22: =IF(E22*$T$5*24*3600/$AE$3/10^6>$AE$2,$AE$2,E22*$T$5*24*3600/$AE$3/10^6) -> 5.5284324 | U22: =IF(F22*$U$5*24*3600/$AE$3/10^6>$AE$2,$AE$2,F22*$U$5*24*3600/$AE$3/10^6) -> 8.3956378 | V22: =IF(G22*$V$5*24*3600/$AE$3/10^6>$AE$2,$AE$2,G22*$V$5*24*3600/$AE$3/10^6) -> 13.667611 | W22: =IF(H22*$W$5*24*3600/$AE$3/10^6>$AE$2,$AE$2,H22*$W$5*24*3600/$AE$3/10^6) -> 18.736698 | X22: =IF(I22*$X$5*24*3600/$AE$3/10^6>$AE$2,$AE$2,I22*$X$5*24*3600/$AE$3/10^6) -> 28.689213 | Y22: =IF(J22*$Y$5*24*3600/$AE$3/10^6>$AE$2,$AE$2,J22*$Y$5*24*3600/$AE$3/10^6) -> 35.669908 | Z22: =IF(K22*$Z$5*24*3600/$AE$3/10^6>$AE$2,$AE$2,K22*$Z$5*24*3600/$AE$3/10^6) -> 38.004324 | AA22: =IF(L22*$AA$5*24*3600/$AE$3/10^6>$AE$2,$AE$2,L22*$AA$5*24*3600/$AE$3/10^6) -> 23.438919 | AB22: =IF(M22*$AB$5*24*3600/$AE$3/10^6>$AE$2,$AE$2,M22*$AB$5*24*3600/$AE$3/10^6) -> 15.305162 | AC22: =SUM(Q22:AB22) -> 212.40086
A23: 90 | B23: 34.622592 | C23: 25.55 | D23: 19.102396 | E23: 16.499304 | F23: 23.94 | G23: 33.45 | H23: 60.48 | I23: 85.291468 | J23: 114.7 | K23: 116.79718 | L23: 72.24 | M23: 49.824086 | N23: 69.087758 | P23: 90 | Q23: =IF(B23*$Q$5*24*3600/$AE$3/10^6>$AE$2,$AE$2,B23*$Q$5*24*3600/$AE$3/10^6) -> 10.442922 | R23: =IF(C23*$R$5*24*3600/$AE$3/10^6>$AE$2,$AE$2,C23*$R$5*24*3600/$AE$3/10^6) -> 7.2092432 | S23: =IF(D23*$S$5*24*3600/$AE$3/10^6>$AE$2,$AE$2,D23*$S$5*24*3600/$AE$3/10^6) -> 5.7616956 | T23: =IF(E23*$T$5*24*3600/$AE$3/10^6>$AE$2,$AE$2,E23*$T$5*24*3600/$AE$3/10^6) -> 4.8160132 | U23: =IF(F23*$U$5*24*3600/$AE$3/10^6>$AE$2,$AE$2,F23*$U$5*24*3600/$AE$3/10^6) -> 7.2208216 | V23: =IF(G23*$V$5*24*3600/$AE$3/10^6>$AE$2,$AE$2,G23*$V$5*24*3600/$AE$3/10^6) -> 9.7637838 | W23: =IF(H23*$W$5*24*3600/$AE$3/10^6>$AE$2,$AE$2,H23*$W$5*24*3600/$AE$3/10^6) -> 18.242076 | X23: =IF(I23*$X$5*24*3600/$AE$3/10^6>$AE$2,$AE$2,I23*$X$5*24*3600/$AE$3/10^6) -> 25.725751 | Y23: =IF(J23*$Y$5*24*3600/$AE$3/10^6>$AE$2,$AE$2,J23*$Y$5*24*3600/$AE$3/10^6) -> 33.48 | Z23: =IF(K23*$Z$5*24*3600/$AE$3/10^6>$AE$2,$AE$2,K23*$Z$5*24*3600/$AE$3/10^6) -> 35.228556 | AA23: =IF(L23*$AA$5*24*3600/$AE$3/10^6>$AE$2,$AE$2,L23*$AA$5*24*3600/$AE$3/10^6) -> 21.08627 | AB23: =IF(M23*$AB$5*24*3600/$AE$3/10^6>$AE$2,$AE$2,M23*$AB$5*24*3600/$AE$3/10^6) -> 15.028022 | AC23: =SUM(Q23:AB23) -> 194.00515
A24: 95 | B24: 28.293065 | C24: 17.916634 | D24: 16.965 | E24: 13.985 | F24: 21.041196 | G24: 31.035 | H24: 49.56 | I24: 72.215 | J24: 91.024216 | K24: 110.0994 | L24: 67.150947 | M24: 45.5 | N24: 58.414054 | P24: 95 | Q24: =IF(B24*$Q$5*24*3600/$AE$3/10^6>$AE$2,$AE$2,B24*$Q$5*24*3600/$AE$3/10^6) -> 8.5338001 | R24: =IF(C24*$R$5*24*3600/$AE$3/10^6>$AE$2,$AE$2,C24*$R$5*24*3600/$AE$3/10^6) -> 5.0553961 | S24: =IF(D24*$S$5*24*3600/$AE$3/10^6>$AE$2,$AE$2,D24*$S$5*24*3600/$AE$3/10^6) -> 5.1170108 | T24: =IF(E24*$T$5*24*3600/$AE$3/10^6>$AE$2,$AE$2,E24*$T$5*24*3600/$AE$3/10^6) -> 4.0821081 | U24: =IF(F24*$U$5*24*3600/$AE$3/10^6>$AE$2,$AE$2,F24*$U$5*24*3600/$AE$3/10^6) -> 6.3464797 | V24: =IF(G24*$V$5*24*3600/$AE$3/10^6>$AE$2,$AE$2,G24*$V$5*24*3600/$AE$3/10^6) -> 9.0588649 | W24: =IF(H24*$W$5*24*3600/$AE$3/10^6>$AE$2,$AE$2,H24*$W$5*24*3600/$AE$3/10^6) -> 14.948368 | X24: =IF(I24*$X$5*24*3600/$AE$3/10^6>$AE$2,$AE$2,I24*$X$5*24*3600/$AE$3/10^6) -> 21.781605 | Y24: =IF(J24*$Y$5*24*3600/$AE$3/10^6>$AE$2,$AE$2,J24*$Y$5*24*3600/$AE$3/10^6) -> 26.56923 | Z24: =IF(K24*$Z$5*24*3600/$AE$3/10^6>$AE$2,$AE$2,K24*$Z$5*24*3600/$AE$3/10^6) -> 33.208358 | AA24: =IF(L24*$AA$5*24*3600/$AE$3/10^6>$AE$2,$AE$2,L24*$AA$5*24*3600/$AE$3/10^6) -> 19.600817 | AB24: =IF(M24*$AB$5*24*3600/$AE$3/10^6>$AE$2,$AE$2,M24*$AB$5*24*3600/$AE$3/10^6) -> 13.723784 | AC24: =SUM(Q24:AB24) -> 168.02582
A25: Ghi chú: Số liệu cập nhật từ 1977 đến tháng 09 năm 2024
R26: Lưu ý chỉnh lại ngày của tháng 2 với năm nhuận

Sheet Bảng tra TS-SL BK
A1: Biểu số 2-a.2
A2: BẢNG TRA TẦN SUẤT NƯỚC VỀ | P2: SẢN LƯỢNG TÍNH THEO TẦN SUẤT | AD2: A_max | AE2: 189.60796 | AF2: tr.kwh
A3: Nhà máy Thủy điện Buôn Kuốp | P3: Nhà máy Thủy điện Buôn Kuốp | AD3: SHN | AE3: 3.99 | AF3: m3/kwh
A4: Tháng | B4: 1 | C4: 2 | D4: 3 | E4: 4 | F4: 5 | G4: 6 | H4: 7 | I4: 8 | J4: 9 | K4: 10 | L4: 11 | M4: 12 | N4: TB | P4: Tháng | Q4: 1 | R4: 2 | S4: 3 | T4: 4 | U4: 5 | V4: 6 | W4: 7 | X4: 8 | Y4: 9 | Z4: 10 | AA4: 11 | AB4: 12 | AC4: TC | AE4: Tính nội suy lưu lượng ngược ra tần suất | AM4: Tính nội suy tần suất ra sản lượng
A5: Tần suất | B5: m3/s | P5: Tần suất | Q5: 31 | R5: 29 | S5: 31 | T5: 30 | U5: 31 | V5: 30 | W5: 31 | X5: 31 | Y5: 30 | Z5: 31 | AA5: 30 | AB5: 31 | AC5: tr.kwh | AD5: month | AE5: Q | AF5: Q1 | AG5: Q2 | AH5: F1 | AI5: F2 | AJ5: F | AL5: month | AM5: F[%] | AN5: F1 | AO5: F2 | AP5: A1 | AQ5: A2 | AR5: A[tr.kwh] | AS5: Q1 | AT5: Q2 | AU5: Q[m3/s]
A6: 5 | B6: 228.13985 | C6: 128.96 | D6: 108.05054 | E6: 118.50545 | F6: 174.03735 | G6: 282.67713 | H6: 298.13926 | I6: 461.35 | J6: 520.71011 | K6: 690.82805 | L6: 757.48975 | M6: 656.54618 | N6: 332.52108 | P6: 5 | Q6: =IF(B6*Q5*24*3600/$AE$3/10^6>$AE$2,$AE$2,B6*Q5*24*3600/$AE$3/10^6) -> 153.14531 | R6: =IF(C6*R5*24*3600/$AE$3/10^6>$AE$2,$AE$2,C6*R5*24*3600/$AE$3/10^6) -> 80.983002 | S6: =IF(D6*S5*24*3600/$AE$3/10^6>$AE$2,$AE$2,D6*S5*24*3600/$AE$3/10^6) -> 72.531972 | T6: =IF(E6*T5*24*3600/$AE$3/10^6>$AE$2,$AE$2,E6*T5*24*3600/$AE$3/10^6) -> 76.983993 | U6: =IF(F6*U5*24*3600/$AE$3/10^6>$AE$2,$AE$2,F6*U5*24*3600/$AE$3/10^6) -> 116.82748 | V6: =IF(G6*V5*24*3600/$AE$3/10^6>$AE$2,$AE$2,G6*V5*24*3600/$AE$3/10^6) -> 183.63386 | W6: =IF(H6*W5*24*3600/$AE$3/10^6>$AE$2,$AE$2,H6*W5*24*3600/$AE$3/10^6) -> 189.60796 | X6: =IF(I6*X5*24*3600/$AE$3/10^6>$AE$2,$AE$2,I6*X5*24*3600/$AE$3/10^6) -> 189.60796 | ... AB6: =IF(M6*AB5*24*3600/$AE$3/10^6>$AE$2,$AE$2,M6*AB5*24*3600/$AE$3/10^6) -> 189.60796 | AC6: =SUM(Q6:AB6) -> 1821.7533 | AD6: 1 | AE6: ='Theo dõi TV'!I8 -> 111.60774 | AF6: =_xlfn.XLOOKUP(AE6,B$6:B$24,B$6:B$24,,-1,1) -> 105.2 | AG6: =_xlfn.XLOOKUP(AE6,B$6:B$24,B$6:B$24,,1,1) -> 114.31 | AH6: =_xlfn.XLOOKUP(AE6,$B$6:$B$24,A$6:A$24,,-1,1) -> 50 | AI6: =_xlfn.XLOOKUP(AE6,$B$6:$B$24,A$6:A$24,,1,1) -> 45 | AJ6: =IF(AE6=AF6,AH6,FORECAST(AE6,AH6:AI6,AF6:AG6)) -> 46.483127 | AL6: 1 | AM6: 46.483127 | AN6: =_xlfn.XLOOKUP(AM6,$P$6:$P$24,$P$6:$P$24,,-1,1) -> 45 | AO6: =_xlfn.XLOOKUP(AM6,$P$6:$P$24,$P$6:$P$24,,1,1) -> 50 | AP6: =_xlfn.XLOOKUP(AM6,$P$6:$P$24,$Q$6:$Q$24,,-1,1) -> 76.733811 | AQ6: =_xlfn.XLOOKUP(AM6,$P$6:$P$24,$Q$6:$Q$24,,1,1) -> 70.618466 | AR6: =IF(AM6=AN6,AP6,FORECAST(AM6,AP6:AQ6,AN6:AO6)) -> 74.919844 | AS6: =_xlfn.XLOOKUP(AM6,$A$6:$A$24,$B$6:$B$24,,-1,1) -> 114.31 | AT6: =_xlfn.XLOOKUP(AM6,$A$6:$A$24,$B$6:$B$24,,1,1) -> 105.2 | AU6: =IF(AM6=AN6,AS6,FORECAST(AM6,AS6:AT6,AN6:AO6)) -> 111.60774
A7: 10 | B7: 219.78423 | C7: 121.46482 | D7: 96.863444 | E7: 108.25074 | F7: 168.97652 | G7: 246.38 | H7: 295.6 | I7: 426.7 | J7: 491.7 | K7: 584.78 | L7: 580 | M7: 567.06 | N7: 266.98667 | P7: 10 | Q7: =IF(B7*Q5*24*3600/$AE$3/10^6>$AE$2,$AE$2,B7*Q5*24*3600/$AE$3/10^6) -> 147.53636 | R7: =IF(C7*R5*24*3600/$AE$3/10^6>$AE$2,$AE$2,C7*R5*24*3600/$AE$3/10^6) -> 76.276256 | S7: =IF(D7*S5*24*3600/$AE$3/10^6>$AE$2,$AE$2,D7*S5*24*3600/$AE$3/10^6) -> 65.022318 | T7: =IF(E7*T5*24*3600/$AE$3/10^6>$AE$2,$AE$2,E7*T5*24*3600/$AE$3/10^6) -> 70.322284 | U7: =IF(F7*U5*24*3600/$AE$3/10^6>$AE$2,$AE$2,F7*U5*24*3600/$AE$3/10^6) -> 113.43026 | V7: =IF(G7*V5*24*3600/$AE$3/10^6>$AE$2,$AE$2,G7*V5*24*3600/$AE$3/10^6) -> 160.05438 | W7: =IF(H7*W5*24*3600/$AE$3/10^6>$AE$2,$AE$2,H7*W5*24*3600/$AE$3/10^6) -> 189.60796 | X7: =IF(I7*X5*24*3600/$AE$3/10^6>$AE$2,$AE$2,I7*X5*24*3600/$AE$3/10^6) -> 189.60796 | ... AB7: =IF(M7*AB5*24*3600/$AE$3/10^6>$AE$2,$AE$2,M7*AB5*24*3600/$AE$3/10^6) -> 189.60796 | AC7: =SUM(Q7:AB7) -> 1770.2896 | AD7: 2 | AE7: ='Theo dõi TV'!I9 -> 66.003756 | AF7: =_xlfn.XLOOKUP(AE7,C$6:C$24,C$6:C$24,,-1,1) -> 58.437777 | AG7: =_xlfn.XLOOKUP(AE7,C$6:C$24,C$6:C$24,,1,1) -> 68.98 | AH7: =_xlfn.XLOOKUP(AE7,$C$6:$C$24,$A$6:$A$24,,-1,1) -> 65 | AI7: =_xlfn.XLOOKUP(AE7,$C$6:$C$24,$A$6:$A$24,,1,1) -> 60 | AJ7: =IF(AE7=AF7,AH7,FORECAST(AE7,AH7:AI7,AF7:AG7)) -> 61.411583 | AL7: 2 | AM7: 61.411583 | AN7: =_xlfn.XLOOKUP(AM7,$P$6:$P$24,$P$6:$P$24,,-1,1) -> 60 | AO7: =_xlfn.XLOOKUP(AM7,$P$6:$P$24,$P$6:$P$24,,1,1) -> 65 | AP7: =_xlfn.XLOOKUP(AM7,$P$6:$P$24,$R$6:$R$24,,-1,1) -> 43.317365 | AQ7: =_xlfn.XLOOKUP(AM7,$P$6:$P$24,$R$6:$R$24,,1,1) -> 36.697166 | AR7: =IF(AM7=AN7,AP7,FORECAST(AM7,AP7:AQ7,AN7:AO7)) -> 41.448374 | AS7: =_xlfn.XLOOKUP(AM7,$A$6:$A$24,$C$6:$C$24,,-1,1) -> 68.98 | AT7: =_xlfn.XLOOKUP(AM7,$A$6:$A$24,$C$6:$C$24,,1,1) -> 58.437777 | AU7: =IF(AM7=AN7,AS7,FORECAST(AM7,AS7:AT7,AN7:AO7)) -> 66.003756
A8: 15 | B8: 197.67681 | C8: 109.34169 | D8: 95.896313 | E8: 100.27726 | F8: 159.78006 | G8: 208.71 | H8: 271.44 | I8: 402.30985 | J8: 472.24 | K8: 521.94214 | L8: 537.25992 | M8: 445.15301 | N8: 244.4327 | P8: 15 | Q8: =IF(B8*Q5*24*3600/$AE$3/10^6>$AE$2,$AE$2,B8*Q5*24*3600/$AE$3/10^6) -> 132.69613 | R8: =IF(C8*R5*24*3600/$AE$3/10^6>$AE$2,$AE$2,C8*R5*24*3600/$AE$3/10^6) -> 68.663291 | S8: =IF(D8*S5*24*3600/$AE$3/10^6>$AE$2,$AE$2,D8*S5*24*3600/$AE$3/10^6) -> 64.373104 | T8: =IF(E8*T5*24*3600/$AE$3/10^6>$AE$2,$AE$2,E8*T5*24*3600/$AE$3/10^6) -> 65.142522 | U8: =IF(F8*U5*24*3600/$AE$3/10^6>$AE$2,$AE$2,F8*U5*24*3600/$AE$3/10^6) -> 107.25687 | V8: =IF(G8*V5*24*3600/$AE$3/10^6>$AE$2,$AE$2,G8*V5*24*3600/$AE$3/10^6) -> 135.58304 | W8: =IF(H8*W5*24*3600/$AE$3/10^6>$AE$2,$AE$2,H8*W5*24*3600/$AE$3/10^6) -> 182.21175 | X8: =IF(I8*X5*24*3600/$AE$3/10^6>$AE$2,$AE$2,I8*X5*24*3600/$AE$3/10^6) -> 189.60796 | ... AB8: =IF(M8*AB5*24*3600/$AE$3/10^6>$AE$2,$AE$2,M8*AB5*24*3600/$AE$3/10^6) -> 189.60796 | AC8: =SUM(Q8:AB8) -> 1703.9665 | AD8: 3 | AE8: ='Theo dõi TV'!I10 -> 39.944808 | AF8: =_xlfn.XLOOKUP(AE8,D$6:D$24,D$6:D$24,,-1,1) -> 38.391034 | AG8: =_xlfn.XLOOKUP(AE8,D$6:D$24,D$6:D$24,,1,1) -> 40.605513 | AH8: =_xlfn.XLOOKUP(AE8,$D$6:$D$24,$A$6:$A$24,,-1,1) -> 85 | AI8: =_xlfn.XLOOKUP(AE8,$D$6:$D$24,$A$6:$A$24,,1,1) -> 80 | AJ8: =IF(AE8=AF8,AH8,FORECAST(AE8,AH8:AI8,AF8:AG8)) -> 81.491783 | AL8: 3 | AM8: 81.491783 | AN8: =_xlfn.XLOOKUP(AM8,$P$6:$P$24,$P$6:$P$24,,-1,1) -> 80 | AO8: =_xlfn.XLOOKUP(AM8,$P$6:$P$24,$P$6:$P$24,,1,1) -> 85 | AP8: =_xlfn.XLOOKUP(AM8,$P$6:$P$24,$S$6:$S$24,,-1,1) -> 27.257595 | AQ8: =_xlfn.XLOOKUP(AM8,$P$6:$P$24,$S$6:$S$24,,1,1) -> 25.771064 | AR8: =IF(AM8=AN8,AP8,FORECAST(AM8,AP8:AQ8,AN8:AO8)) -> 26.814079 | AS8: =_xlfn.XLOOKUP(AM8,$A$6:$A$24,$D$6:$D$24,,-1,1) -> 40.605513 | AT8: =_xlfn.XLOOKUP(AM8,$A$6:$A$24,$D$6:$D$24,,1,1) -> 38.391034 | AU8: =IF(AM8=AN8,AS8,FORECAST(AM8,AS8:AT8,AN8:AO8)) -> 39.944808
A9: 20 | B9: 185.4757 | C9: 105.89513 | D9: 93.81167 | E9: 82.298156 | F9: 131.65171 | G9: 182.63227 | H9: 249.60488 | I9: 377.5 | J9: 443.34 | K9: 512.05506 | L9: 526.48 | M9: 428.39609 | N9: 239.88 | P9: 20 | Q9: =IF(B9*Q5*24*3600/$AE$3/10^6>$AE$2,$AE$2,B9*Q5*24*3600/$AE$3/10^6) -> 124.50579 | R9: =IF(C9*R5*24*3600/$AE$3/10^6>$AE$2,$AE$2,C9*R5*24*3600/$AE$3/10^6) -> 66.498955 | S9: =IF(D9*S5*24*3600/$AE$3/10^6>$AE$2,$AE$2,D9*S5*24*3600/$AE$3/10^6) -> 62.973729 | T9: =IF(E9*T5*24*3600/$AE$3/10^6>$AE$2,$AE$2,E9*T5*24*3600/$AE$3/10^6) -> 53.462862 | U9: =IF(F9*U5*24*3600/$AE$3/10^6>$AE$2,$AE$2,F9*U5*24*3600/$AE$3/10^6) -> 88.374925 | V9: =IF(G9*V5*24*3600/$AE$3/10^6>$AE$2,$AE$2,G9*V5*24*3600/$AE$3/10^6) -> 118.64231 | W9: =IF(H9*W5*24*3600/$AE$3/10^6>$AE$2,$AE$2,H9*W5*24*3600/$AE$3/10^6) -> 167.55431 | X9: =IF(I9*X5*24*3600/$AE$3/10^6>$AE$2,$AE$2,I9*X5*24*3600/$AE$3/10^6) -> 189.60796 | ... AB9: =IF(M9*AB5*24*3600/$AE$3/10^6>$AE$2,$AE$2,M9*AB5*24*3600/$AE$3/10^6) -> 189.60796 | AC9: =SUM(Q9:AB9) -> 1630.0527 | AD9: 4 | AE9: ='Theo dõi TV'!I11 -> 42.795837 | AF9: =_xlfn.XLOOKUP(AE9,E$6:E$24,E$6:E$24,,-1,1) -> 41.10112 | AG9: =_xlfn.XLOOKUP(AE9,E$6:E$24,E$6:E$24,,1,1) -> 46.8 | AH9: =_xlfn.XLOOKUP(AE9,$E$6:$E$24,$A$6:$A$24,,-1,1) -> 80 | AI9: =_xlfn.XLOOKUP(AE9,$E$6:$E$24,$A$6:$A$24,,1,1) -> 75 | AJ9: =IF(AE9=AF9,AH9,FORECAST(AE9,AH9:AI9,AF9:AG9)) -> 78.513114 | AL9: 4 | AM9: 78.513114 | AN9: =_xlfn.XLOOKUP(AM9,$P$6:$P$24,$P$6:$P$24,,-1,1) -> 75 | AO9: =_xlfn.XLOOKUP(AM9,$P$6:$P$24,$P$6:$P$24,,1,1) -> 80 | AP9: =_xlfn.XLOOKUP(AM9,$P$6:$P$24,$T$6:$T$24,,-1,1) -> 30.402406 | AQ9: =_xlfn.XLOOKUP(AM9,$P$6:$P$24,$T$6:$T$24,,1,1) -> 26.700277 | AR9: =IF(AM9=AN9,AP9,FORECAST(AM9,AP9:AQ9,AN9:AO9)) -> 27.801205 | AS9: =_xlfn.XLOOKUP(AM9,$A$6:$A$24,$E$6:$E$24,,-1,1) -> 46.8 | AT9: =_xlfn.XLOOKUP(AM9,$A$6:$A$24,$E$6:$E$24,,1,1) -> 41.10112 | AU9: =IF(AM9=AN9,AS9,FORECAST(AM9,AS9:AT9,AN9:AO9)) -> 42.795837
A10: 25 | B10: 176.11883 | C10: 99.3 | D10: 80.995166 | E10: 77.626403 | F10: 113.55 | G10: 169.6 | H10: 243.65591 | I10: 360.25 | J10: 423.91349 | K10: 478.35 | L10: 518.88156 | M10: 419.86853 | N10: 230.14583 | P10: 25 | Q10: =IF(B10*Q5*24*3600/$AE$3/10^6>$AE$2,$AE$2,B10*Q5*24*3600/$AE$3/10^6) -> 118.22473 | R10: =IF(C10*R5*24*3600/$AE$3/10^6>$AE$2,$AE$2,C10*R5*24*3600/$AE$3/10^6) -> 62.357414 | S10: =IF(D10*S5*24*3600/$AE$3/10^6>$AE$2,$AE$2,D10*S5*24*3600/$AE$3/10^6) -> 54.370289 | T10: =IF(E10*T5*24*3600/$AE$3/10^6>$AE$2,$AE$2,E10*T5*24*3600/$AE$3/10^6) -> 50.427979 | U10: =IF(F10*U5*24*3600/$AE$3/10^6>$AE$2,$AE$2,F10*U5*24*3600/$AE$3/10^6) -> 76.223639 | V10: =IF(G10*V5*24*3600/$AE$3/10^6>$AE$2,$AE$2,G10*V5*24*3600/$AE$3/10^6) -> 110.17624 | W10: =IF(H10*W5*24*3600/$AE$3/10^6>$AE$2,$AE$2,H10*W5*24*3600/$AE$3/10^6) -> 163.5609 | X10: =IF(I10*X5*24*3600/$AE$3/10^6>$AE$2,$AE$2,I10*X5*24*3600/$AE$3/10^6) -> 189.60796 | ... AB10: =IF(M10*AB5*24*3600/$AE$3/10^6>$AE$2,$AE$2,M10*AB5*24*3600/$AE$3/10^6) -> 189.60796 | AC10: =SUM(Q10:AB10) -> 1583.381 | AD10: 5 | AE10: ='Theo dõi TV'!I12 -> 86.234056 | AF10: =_xlfn.XLOOKUP(AE10,F$6:F$24,F$6:F$24,,-1,1) -> 85.234554 | AG10: =_xlfn.XLOOKUP(AE10,F$6:F$24,F$6:F$24,,1,1) -> 87.22 | AH10: =_xlfn.XLOOKUP(AE10,$F$6:$F$24,$A$6:$A$24,,-1,1) -> 45 | AI10: =_xlfn.XLOOKUP(AE10,$F$6:$F$24,$A$6:$A$24,,1,1) -> 40 | AJ10: =IF(AE10=AF10,AH10,FORECAST(AE10,AH10:AI10,AF10:AG10)) -> 42.482929 | AL10: 5 | AM10: 42.482929 | AN10: =_xlfn.XLOOKUP(AM10,$P$6:$P$24,$P$6:$P$24,,-1,1) -> 40 | AO10: =_xlfn.XLOOKUP(AM10,$P$6:$P$24,$P$6:$P$24,,1,1) -> 45 | AP10: =_xlfn.XLOOKUP(AM10,$P$6:$P$24,$U$6:$U$24,,-1,1) -> 58.548884 | AQ10: =_xlfn.XLOOKUP(AM10,$P$6:$P$24,$U$6:$U$24,,1,1) -> 57.216098 | AR10: =IF(AM10=AN10,AP10,FORECAST(AM10,AP10:AQ10,AN10:AO10)) -> 57.887041 | AS10: =_xlfn.XLOOKUP(AM10,$A$6:$A$24,$F$6:$F$24,,-1,1) -> 87.22 | AT10: =_xlfn.XLOOKUP(AM10,$A$6:$A$24,$F$6:$F$24,,1,1) -> 85.234554 | AU10: =IF(AM10=AN10,AS10,FORECAST(AM10,AS10:AT10,AN10:AO10)) -> 86.234056
A11: 30 | B11: 168.23936 | C11: 90.76594 | D11: 74.706652 | E11: 73.9 | F11: 101.64 | G11: 166.70016 | H11: 224.24986 | I11: 329.32 | J11: 406.02 | K11: 445.1 | L11: 480.74574 | M11: 314.97378 | N11: 225.97 | P11: 30 | Q11: =IF(B11*Q5*24*3600/$AE$3/10^6>$AE$2,$AE$2,B11*Q5*24*3600/$AE$3/10^6) -> 112.93542 | R11: =IF(C11*R5*24*3600/$AE$3/10^6>$AE$2,$AE$2,C11*R5*24*3600/$AE$3/10^6) -> 56.99828 | S11: =IF(D11*S5*24*3600/$AE$3/10^6>$AE$2,$AE$2,D11*S5*24*3600/$AE$3/10^6) -> 50.148947 | T11: =IF(E11*T5*24*3600/$AE$3/10^6>$AE$2,$AE$2,E11*T5*24*3600/$AE$3/10^6) -> 48.007218 | U11: =IF(F11*U5*24*3600/$AE$3/10^6>$AE$2,$AE$2,F11*U5*24*3600/$AE$3/10^6) -> 68.228716 | V11: =IF(G11*V5*24*3600/$AE$3/10^6>$AE$2,$AE$2,G11*V5*24*3600/$AE$3/10^6) -> 108.29244 | W11: =IF(H11*W5*24*3600/$AE$3/10^6>$AE$2,$AE$2,H11*W5*24*3600/$AE$3/10^6) -> 150.53404 | X11: =IF(I11*X5*24*3600/$AE$3/10^6>$AE$2,$AE$2,I11*X5*24*3600/$AE$3/10^6) -> 189.60796 | ... AB11: =IF(M11*AB5*24*3600/$AE$3/10^6>$AE$2,$AE$2,M11*AB5*24*3600/$AE$3/10^6) -> 189.60796 | AC11: =SUM(Q11:AB11) -> 1543.1848 | AD11: 6 | AE11: ='Theo dõi TV'!I13 -> 154.57981 | AF11: =_xlfn.XLOOKUP(AE11,G$6:G$24,G$6:G$24,,-1,1) -> 150.82 | AG11: =_xlfn.XLOOKUP(AE11,G$6:G$24,G$6:G$24,,1,1) -> 164.26425 | AH11: =_xlfn.XLOOKUP(AE11,$G$6:$G$24,$A$6:$A$24,,-1,1) -> 40 | AI11: =_xlfn.XLOOKUP(AE11,$G$6:$G$24,$A$6:$A$24,,1,1) -> 35 | AJ11: =IF(AE11=AF11,AH11,FORECAST(AE11,AH11:AI11,AF11:AG11)) -> 38.601702 | AL11: 6 | AM11: 38.601702 | AN11: =_xlfn.XLOOKUP(AM11,$P$6:$P$24,$P$6:$P$24,,-1,1) -> 35 | AO11: =_xlfn.XLOOKUP(AM11,$P$6:$P$24,$P$6:$P$24,,1,1) -> 40 | AP11: =_xlfn.XLOOKUP(AM11,$P$6:$P$24,$V$6:$V$24,,-1,1) -> 106.71001 | AQ11: =_xlfn.XLOOKUP(AM11,$P$6:$P$24,$V$6:$V$24,,1,1) -> 97.976301 | AR11: =IF(AM11=AN11,AP11,FORECAST(AM11,AP11:AQ11,AN11:AO11)) -> 100.41877 | AS11: =_xlfn.XLOOKUP(AM11,$A$6:$A$24,$G$6:$G$24,,-1,1) -> 164.26425 | AT11: =_xlfn.XLOOKUP(AM11,$A$6:$A$24,$G$6:$G$24,,1,1) -> 150.82 | AU11: =IF(AM11=AN11,AS11,FORECAST(AM11,AS11:AT11,AN11:AO11)) -> 154.57981
A12: 35 | B12: 130.44 | C12: 85.122523 | D12: 69.067097 | E12: 68.496047 | F12: 94.10196 | G12: 164.26425 | H12: 205.96723 | I12: 310.75748 | J12: 388 | K12: 426.2 | L12: 374.16502 | M12: 264.34 | N12: 221.755 | P12: 35 | Q12: =IF(B12*Q5*24*3600/$AE$3/10^6>$AE$2,$AE$2,B12*Q5*24*3600/$AE$3/10^6) -> 87.561528 | R12: =IF(C12*R5*24*3600/$AE$3/10^6>$AE$2,$AE$2,C12*R5*24*3600/$AE$3/10^6) -> 53.454385 | S12: =IF(D12*S5*24*3600/$AE$3/10^6>$AE$2,$AE$2,D12*S5*24*3600/$AE$3/10^6) -> 46.363236 | T12: =IF(E12*T5*24*3600/$AE$3/10^6>$AE$2,$AE$2,E12*T5*24*3600/$AE$3/10^6) -> 44.49668 | U12: =IF(F12*U5*24*3600/$AE$3/10^6>$AE$2,$AE$2,F12*U5*24*3600/$AE$3/10^6) -> 63.168594 | V12: =IF(G12*V5*24*3600/$AE$3/10^6>$AE$2,$AE$2,G12*V5*24*3600/$AE$3/10^6) -> 106.71001 | W12: =IF(H12*W5*24*3600/$AE$3/10^6>$AE$2,$AE$2,H12*W5*24*3600/$AE$3/10^6) -> 138.26131 | X12: =IF(I12*X5*24*3600/$AE$3/10^6>$AE$2,$AE$2,I12*X5*24*3600/$AE$3/10^6) -> 189.60796 | ... AB12: =IF(M12*AB5*24*3600/$AE$3/10^6>$AE$2,$AE$2,M12*AB5*24*3600/$AE$3/10^6) -> 177.44568 | AC12: =SUM(Q12:AB12) -> 1475.8932 | AD12: 7 | AE12: ='Theo dõi TV'!I14 -> 130 | AF12: =_xlfn.XLOOKUP(AE12,H$6:H$24,H$6:H$24,,-1,1) -> 127.575 | AG12: =_xlfn.XLOOKUP(AE12,H$6:H$24,H$6:H$24,,1,1) -> 137.71372 | AH12: =_xlfn.XLOOKUP(AE12,$H$6:$H$24,$A$6:$A$24,,-1,1) -> 85 | AI12: =_xlfn.XLOOKUP(AE12,$H$6:$H$24,$A$6:$A$24,,1,1) -> 80 | AJ12: =IF(AE12=AF12,AH12,FORECAST(AE12,AH12:AI12,AF12:AG12)) -> 83.80409 | AL12: 7 | AM12: =AJ12 -> 83.80409 | AN12: =_xlfn.XLOOKUP(AM12,$P$6:$P$24,$P$6:$P$24,,-1,1) -> 80 | AO12: =_xlfn.XLOOKUP(AM12,$P$6:$P$24,$P$6:$P$24,,1,1) -> 85 | AP12: =_xlfn.XLOOKUP(AM12,$P$6:$P$24,$W$6:$W$24,,-1,1) -> 92.44422 | AQ12: =_xlfn.XLOOKUP(AM12,$P$6:$P$24,$W$6:$W$24,,1,1) -> 85.638316 | AR12: =IF(AM12=AN12,AP12,FORECAST(AM12,AP12:AQ12,AN12:AO12)) -> 87.266165 | AS12: =_xlfn.XLOOKUP(AM12,$A$6:$A$24,$H$6:$H$24,,-1,1) -> 137.71372 | AT12: =_xlfn.XLOOKUP(AM12,$A$6:$A$24,$H$6:$H$24,,1,1) -> 127.575 | AU12: =IF(AM12=AN12,AS12,FORECAST(AM12,AS12:AT12,AN12:AO12)) -> 130 | AV12: x
A13: 40 | B13: 123.92 | C13: 83.66 | D13: 66.08 | E13: 64.347661 | F13: 87.22 | G13: 150.82 | H13: 195.82 | I13: 292.17798 | J13: 345.81272 | K13: 401.16 | L13: 356.47411 | M13: 240.16 | N13: 211.79485 | P13: 40 | Q13: =IF(B13*Q5*24*3600/$AE$3/10^6>$AE$2,$AE$2,B13*Q5*24*3600/$AE$3/10^6) -> 83.184794 | R13: =IF(C13*R5*24*3600/$AE$3/10^6>$AE$2,$AE$2,C13*R5*24*3600/$AE$3/10^6) -> 52.535964 | S13: =IF(D13*S5*24*3600/$AE$3/10^6>$AE$2,$AE$2,D13*S5*24*3600/$AE$3/10^6) -> 44.358063 | T13: =IF(E13*T5*24*3600/$AE$3/10^6>$AE$2,$AE$2,E13*T5*24*3600/$AE$3/10^6) -> 41.801789 | U13: =IF(F13*U5*24*3600/$AE$3/10^6>$AE$2,$AE$2,F13*U5*24*3600/$AE$3/10^6) -> 58.548884 | V13: =IF(G13*V5*24*3600/$AE$3/10^6>$AE$2,$AE$2,G13*V5*24*3600/$AE$3/10^6) -> 97.976301 | W13: =IF(H13*W5*24*3600/$AE$3/10^6>$AE$2,$AE$2,H13*W5*24*3600/$AE$3/10^6) -> 131.4497 | X13: =IF(I13*X5*24*3600/$AE$3/10^6>$AE$2,$AE$2,I13*X5*24*3600/$AE$3/10^6) -> 189.60796 | ... AB13: =IF(M13*AB5*24*3600/$AE$3/10^6>$AE$2,$AE$2,M13*AB5*24*3600/$AE$3/10^6) -> 161.21417 | AC13: =SUM(Q13:AB13) -> 1429.5015 | AD13: 8 | AE13: ='Theo dõi TV'!I15 -> 200 | AF13: =_xlfn.XLOOKUP(AE13,I$6:I$24,I$6:I$24,,-1,1) -> 199.94 | AG13: =_xlfn.XLOOKUP(AE13,I$6:I$24,I$6:I$24,,1,1) -> 213.37015 | AH13: =_xlfn.XLOOKUP(AE13,$I$6:$I$24,$A$6:$A$24,,-1,1) -> 70 | AI13: =_xlfn.XLOOKUP(AE13,$I$6:$I$24,$A$6:$A$24,,1,1) -> 65 | AJ13: =IF(AE13=AF13,AH13,FORECAST(AE13,AH13:AI13,AF13:AG13)) -> 69.977662 | AL13: 8 | AM13: 91 | AN13: =_xlfn.XLOOKUP(AM13,$P$6:$P$24,$P$6:$P$24,,-1,1) -> 90 | AO13: =_xlfn.XLOOKUP(AM13,$P$6:$P$24,$P$6:$P$24,,1,1) -> 95 | AP13: =_xlfn.XLOOKUP(AM13,$P$6:$P$24,$X$6:$X$24,,-1,1) -> 112.16581 | AQ13: =_xlfn.XLOOKUP(AM13,$P$6:$P$24,$X$6:$X$24,,1,1) -> 97.178406 | AR13: =IF(AM13=AN13,AP13,FORECAST(AM13,AP13:AQ13,AN13:AO13)) -> 109.16833 | AS13: =_xlfn.XLOOKUP(AM13,$A$6:$A$24,$I$6:$I$24,,-1,1) -> 167.09289 | AT13: =_xlfn.XLOOKUP(AM13,$A$6:$A$24,$I$6:$I$24,,1,1) -> 144.76622 | AU13: =IF(AM13=AN13,AS13,FORECAST(AM13,AS13:AT13,AN13:AO13)) -> 162.62756
A14: 45 | B14: 114.31 | C14: 78.02 | D14: 62.52811 | E14: 58.261533 | F14: 85.234554 | G14: 133.62034 | H14: 191.39 | I14: 272.18 | J14: 344.64818 | K14: 397.89816 | L14: 327.21 | M14: 231.71138 | N14: 199.44221 | P14: 45 | Q14: =IF(B14*Q5*24*3600/$AE$3/10^6>$AE$2,$AE$2,B14*Q5*24*3600/$AE$3/10^6) -> 76.733811 | R14: =IF(C14*R5*24*3600/$AE$3/10^6>$AE$2,$AE$2,C14*R5*24*3600/$AE$3/10^6) -> 48.994214 | S14: =IF(D14*S5*24*3600/$AE$3/10^6>$AE$2,$AE$2,D14*S5*24*3600/$AE$3/10^6) -> 41.973757 | T14: =IF(E14*T5*24*3600/$AE$3/10^6>$AE$2,$AE$2,E14*T5*24*3600/$AE$3/10^6) -> 37.848094 | U14: =IF(F14*U5*24*3600/$AE$3/10^6>$AE$2,$AE$2,F14*U5*24*3600/$AE$3/10^6) -> 57.216098 | V14: =IF(G14*V5*24*3600/$AE$3/10^6>$AE$2,$AE$2,G14*V5*24*3600/$AE$3/10^6) -> 86.802988 | W14: =IF(H14*W5*24*3600/$AE$3/10^6>$AE$2,$AE$2,H14*W5*24*3600/$AE$3/10^6) -> 128.47593 | X14: =IF(I14*X5*24*3600/$AE$3/10^6>$AE$2,$AE$2,I14*X5*24*3600/$AE$3/10^6) -> 182.7085 | ... AB14: =IF(M14*AB5*24*3600/$AE$3/10^6>$AE$2,$AE$2,M14*AB5*24*3600/$AE$3/10^6) -> 155.5428 | AC14: =SUM(Q14:AB14) -> 1385.1201 | AD14: 9 | AE14: ='Theo dõi TV'!I16 -> 270 | AF14: =_xlfn.XLOOKUP(AE14,J$6:J$24,J$6:J$24,,-1,1) -> 264.70904 | AG14: =_xlfn.XLOOKUP(AE14,J$6:J$24,J$6:J$24,,1,1) -> 279.25704 | AH14: =_xlfn.XLOOKUP(AE14,$J$6:$J$24,$A$6:$A$24,,-1,1) -> 75 | AI14: =_xlfn.XLOOKUP(AE14,$J$6:$J$24,$A$6:$A$24,,1,1) -> 70 | AJ14: =IF(AE14=AF14,AH14,FORECAST(AE14,AH14:AI14,AF14:AG14)) -> 73.181552 | AL14: 9 | AM14: 71 | AN14: =_xlfn.XLOOKUP(AM14,$P$6:$P$24,$P$6:$P$24,,-1,1) -> 70 | AO14: =_xlfn.XLOOKUP(AM14,$P$6:$P$24,$P$6:$P$24,,1,1) -> 75 | AP14: =_xlfn.XLOOKUP(AM14,$P$6:$P$24,$Y$6:$Y$24,,-1,1) -> 181.41209 | AQ14: =_xlfn.XLOOKUP(AM14,$P$6:$P$24,$Y$6:$Y$24,,1,1) -> 171.96136 | AR14: =IF(AM14=AN14,AP14,FORECAST(AM14,AP14:AQ14,AN14:AO14)) -> 179.52195 | AS14: =_xlfn.XLOOKUP(AM14,$A$6:$A$24,$J$6:$J$24,,-1,1) -> 279.25704 | AT14: =_xlfn.XLOOKUP(AM14,$A$6:$A$24,$J$6:$J$24,,1,1) -> 264.70904 | AU14: =IF(AM14=AN14,AS14,FORECAST(AM14,AS14:AT14,AN14:AO14)) -> 276.34744
A15: 50 | B15: 105.2 | C15: 77.5 | D15: 60.753311 | E15: 56.9 | F15: 82.612942 | G15: 132 | H15: 186.8 | I15: 263.95077 | J15: 328.8 | K15: 385.2704 | L15: 296.26387 | M15: 217.26832 | N15: 194.78262 | P15: 50 | Q15: =IF(B15*Q5*24*3600/$AE$3/10^6>$AE$2,$AE$2,B15*Q5*24*3600/$AE$3/10^6) -> 70.618466 | R15: =IF(C15*R5*24*3600/$AE$3/10^6>$AE$2,$AE$2,C15*R5*24*3600/$AE$3/10^6) -> 48.667669 | S15: =IF(D15*S5*24*3600/$AE$3/10^6>$AE$2,$AE$2,D15*S5*24*3600/$AE$3/10^6) -> 40.782373 | T15: =IF(E15*T5*24*3600/$AE$3/10^6>$AE$2,$AE$2,E15*T5*24*3600/$AE$3/10^6) -> 36.963609 | U15: =IF(F15*U5*24*3600/$AE$3/10^6>$AE$2,$AE$2,F15*U5*24*3600/$AE$3/10^6) -> 55.456267 | V15: =IF(G15*V5*24*3600/$AE$3/10^6>$AE$2,$AE$2,G15*V5*24*3600/$AE$3/10^6) -> 85.750376 | W15: =IF(H15*W5*24*3600/$AE$3/10^6>$AE$2,$AE$2,H15*W5*24*3600/$AE$3/10^6) -> 125.39477 | X15: =IF(I15*X5*24*3600/$AE$3/10^6>$AE$2,$AE$2,I15*X5*24*3600/$AE$3/10^6) -> 177.18439 | ... AB15: =IF(M15*AB5*24*3600/$AE$3/10^6>$AE$2,$AE$2,M15*AB5*24*3600/$AE$3/10^6) -> 145.84748 | AC15: =SUM(Q15:AB15) -> 1355.4893 | AD15: 10 | AE15: ='Theo dõi TV'!I17 -> 300 | AF15: =_xlfn.XLOOKUP(AE15,K$6:K$24,K$6:K$24,,-1,1) -> 267.325 | AG15: =_xlfn.XLOOKUP(AE15,K$6:K$24,K$6:K$24,,1,1) -> 303.38162 | AH15: =_xlfn.XLOOKUP(AE15,$K$6:$K$24,$A$6:$A$24,,-1,1) -> 85 | AI15: =_xlfn.XLOOKUP(AE15,$K$6:$K$24,$A$6:$A$24,,1,1) -> 80 | AJ15: =IF(AE15=AF15,AH15,FORECAST(AE15,AH15:AI15,AF15:AG15)) -> 80.468932 | AL15: 10 | AM15: 72 | AN15: =_xlfn.XLOOKUP(AM15,$P$6:$P$24,$P$6:$P$24,,-1,1) -> 70 | AO15: =_xlfn.XLOOKUP(AM15,$P$6:$P$24,$P$6:$P$24,,1,1) -> 75 | AP15: =_xlfn.XLOOKUP(AM15,$P$6:$P$24,$Z$6:$Z$24,,-1,1) -> 189.60796 | AQ15: =_xlfn.XLOOKUP(AM15,$P$6:$P$24,$Z$6:$Z$24,,1,1) -> 189.60796 | AR15: =IF(AM15=AN15,AP15,FORECAST(AM15,AP15:AQ15,AN15:AO15)) -> 189.60796 | AS15: =_xlfn.XLOOKUP(AM15,$A$6:$A$24,$K$6:$K$24,,-1,1) -> 323.17901 | AT15: =_xlfn.XLOOKUP(AM15,$A$6:$A$24,$K$6:$K$24,,1,1) -> 311.36337 | AU15: =IF(AM15=AN15,AS15,FORECAST(AM15,AS15:AT15,AN15:AO15)) -> 318.45275
A16: 55 | B16: 103.56 | C16: 71.929132 | D16: 59.36 | E16: 54.67 | F16: 78.083365 | G16: 127.18052 | H16: 177.50538 | I16: 239.23658 | J16: 302.81613 | K16: 364.63595 | L16: 284.68 | M16: 196.01869 | N16: 189.58583 | P16: 55 | Q16: =IF(B16*Q5*24*3600/$AE$3/10^6>$AE$2,$AE$2,B16*Q5*24*3600/$AE$3/10^6) -> 69.517569 | R16: =IF(C16*R5*24*3600/$AE$3/10^6>$AE$2,$AE$2,C16*R5*24*3600/$AE$3/10^6) -> 45.169332 | S16: =IF(D16*S5*24*3600/$AE$3/10^6>$AE$2,$AE$2,D16*S5*24*3600/$AE$3/10^6) -> 39.847074 | T16: =IF(E16*T5*24*3600/$AE$3/10^6>$AE$2,$AE$2,E16*T5*24*3600/$AE$3/10^6) -> 35.514947 | U16: =IF(F16*U5*24*3600/$AE$3/10^6>$AE$2,$AE$2,F16*U5*24*3600/$AE$3/10^6) -> 52.41566 | V16: =IF(G16*V5*24*3600/$AE$3/10^6>$AE$2,$AE$2,G16*V5*24*3600/$AE$3/10^6) -> 82.619524 | W16: =IF(H16*W5*24*3600/$AE$3/10^6>$AE$2,$AE$2,H16*W5*24*3600/$AE$3/10^6) -> 119.15549 | X16: =IF(I16*X5*24*3600/$AE$3/10^6>$AE$2,$AE$2,I16*X5*24*3600/$AE$3/10^6) -> 160.5943 | ... AB16: =IF(M16*AB5*24*3600/$AE$3/10^6>$AE$2,$AE$2,M16*AB5*24*3600/$AE$3/10^6) -> 131.58307 | AC16: =SUM(Q16:AB16) -> 1300.5679 | AD16: 11 | AE16: ='Theo dõi TV'!I18 -> 320 | AF16: =_xlfn.XLOOKUP(AE16,L$6:L$24,L$6:L$24,,-1,1) -> 296.26387 | AG16: =_xlfn.XLOOKUP(AE16,L$6:L$24,L$6:L$24,,1,1) -> 327.21 | AH16: =_xlfn.XLOOKUP(AE16,$L$6:$L$24,$A$6:$A$24,,-1,1) -> 50 | AI16: =_xlfn.XLOOKUP(AE16,$L$6:$L$24,$A$6:$A$24,,1,1) -> 45 | AJ16: =IF(AE16=AF16,AH16,FORECAST(AE16,AH16:AI16,AF16:AG16)) -> 46.164928 | AL16: 11 | AM16: 50 | AN16: =_xlfn.XLOOKUP(AM16,$P$6:$P$24,$P$6:$P$24,,-1,1) -> 50 | AO16: =_xlfn.XLOOKUP(AM16,$P$6:$P$24,$P$6:$P$24,,1,1) -> 50 | AP16: =_xlfn.XLOOKUP(AM16,$P$6:$P$24,$AA$6:$AA$24,,-1,1) -> 189.60796 | AQ16: =_xlfn.XLOOKUP(AM16,$P$6:$P$24,$AA$6:$AA$24,,1,1) -> 189.60796 | AR16: =IF(AM16=AN16,AP16,FORECAST(AM16,AP16:AQ16,AN16:AO16)) -> 189.60796 | AS16: =_xlfn.XLOOKUP(AM16,$A$6:$A$24,$L$6:$L$24,,-1,1) -> 296.26387 | AT16: =_xlfn.XLOOKUP(AM16,$A$6:$A$24,$L$6:$L$24,,1,1) -> 296.26387 | AU16: =IF(AM16=AN16,AS16,FORECAST(AM16,AS16:AT16,AN16:AO16)) -> 296.26387
A17: 60 | B17: 101.96 | C17: 68.98 | D17: 58.11704 | E17: 51.388338 | F17: 73.331648 | G17: 122.32 | H17: 172.84804 | I17: 224.05393 | J17: 286.40227 | K17: 341.94 | L17: 273.52575 | M17: 182.14 | N17: 184.98167 | P17: 60 | Q17: =IF(B17*Q5*24*3600/$AE$3/10^6>$AE$2,$AE$2,B17*Q5*24*3600/$AE$3/10^6) -> 68.443525 | R17: =IF(C17*R5*24*3600/$AE$3/10^6>$AE$2,$AE$2,C17*R5*24*3600/$AE$3/10^6) -> 43.317365 | S17: =IF(D17*S5*24*3600/$AE$3/10^6>$AE$2,$AE$2,D17*S5*24*3600/$AE$3/10^6) -> 39.012702 | T17: =IF(E17*T5*24*3600/$AE$3/10^6>$AE$2,$AE$2,E17*T5*24*3600/$AE$3/10^6) -> 33.383101 | U17: =IF(F17*U5*24*3600/$AE$3/10^6>$AE$2,$AE$2,F17*U5*24*3600/$AE$3/10^6) -> 49.225936 | V17: =IF(G17*V5*24*3600/$AE$3/10^6>$AE$2,$AE$2,G17*V5*24*3600/$AE$3/10^6) -> 79.462015 | W17: =IF(H17*W5*24*3600/$AE$3/10^6>$AE$2,$AE$2,H17*W5*24*3600/$AE$3/10^6) -> 116.02912 | X17: =IF(I17*X5*24*3600/$AE$3/10^6>$AE$2,$AE$2,I17*X5*24*3600/$AE$3/10^6) -> 150.40252 | ... AB17: =IF(M17*AB5*24*3600/$AE$3/10^6>$AE$2,$AE$2,M17*AB5*24*3600/$AE$3/10^6) -> 122.26661 | AC17: =SUM(Q17:AB17) -> 1254.8936 | AD17: 12 | AE17: ='Theo dõi TV'!I19 -> 225 | AF17: =_xlfn.XLOOKUP(AE17,M$6:M$24,M$6:M$24,,-1,1) -> 217.26832 | AG17: =_xlfn.XLOOKUP(AE17,M$6:M$24,M$6:M$24,,1,1) -> 231.71138 | AH17: =_xlfn.XLOOKUP(AE17,M$6:M$24,$A$6:$A$24,,-1,1) -> 50 | AI17: =_xlfn.XLOOKUP(AE17,M$6:M$24,$A$6:$A$24,,1,1) -> 45 | AJ17: =IF(AE17=AF17,AH17,FORECAST(AE17,AH17:AI17,AF17:AG17)) -> 47.323392 | AL17: 12 | AM17: 46 | AN17: =_xlfn.XLOOKUP(AM17,$P$6:$P$24,$P$6:$P$24,,-1,1) -> 45 | AO17: =_xlfn.XLOOKUP(AM17,$P$6:$P$24,$P$6:$P$24,,1,1) -> 50 | AP17: =_xlfn.XLOOKUP(AM17,$P$6:$P$24,$AB$6:$AB$24,,-1,1) -> 155.5428 | AQ17: =_xlfn.XLOOKUP(AM17,$P$6:$P$24,$AB$6:$AB$24,,1,1) -> 145.84748 | AR17: =IF(AM17=AN17,AP17,FORECAST(AM17,AP17:AQ17,AN17:AO17)) -> 153.60373 | AS17: =_xlfn.XLOOKUP(AM17,$A$6:$A$24,$M$6:$M$24,,-1,1) -> 231.71138 | AT17: =_xlfn.XLOOKUP(AM17,$A$6:$A$24,$M$6:$M$24,,1,1) -> 217.26832 | AU17: =IF(AM17=AN17,AS17,FORECAST(AM17,AS17:AT17,AN17:AO17)) -> 228.82277
A18: 65 | B18: 96.077148 | C18: 58.437777 | D18: 51.78 | E18: 49.378085 | F18: 65.116909 | G18: 117.93501 | H18: 163.93 | I18: 213.37015 | J18: 281.95252 | K18: 338.30277 | L18: 264.07694 | M18: 177.14993 | N18: 170.46583 | P18: 65 | Q18: =IF(B18*Q5*24*3600/$AE$3/10^6>$AE$2,$AE$2,B18*Q5*24*3600/$AE$3/10^6) -> 64.494494 | R18: =IF(C18*R5*24*3600/$AE$3/10^6>$AE$2,$AE$2,C18*R5*24*3600/$AE$3/10^6) -> 36.697166 | S18: =IF(D18*S5*24*3600/$AE$3/10^6>$AE$2,$AE$2,D18*S5*24*3600/$AE$3/10^6) -> 34.758785 | T18: =IF(E18*T5*24*3600/$AE$3/10^6>$AE$2,$AE$2,E18*T5*24*3600/$AE$3/10^6) -> 32.077192 | U18: =IF(F18*U5*24*3600/$AE$3/10^6>$AE$2,$AE$2,F18*U5*24*3600/$AE$3/10^6) -> 43.711561 | V18: =IF(G18*V5*24*3600/$AE$3/10^6>$AE$2,$AE$2,G18*V5*24*3600/$AE$3/10^6) -> 76.613422 | W18: =IF(H18*W5*24*3600/$AE$3/10^6>$AE$2,$AE$2,H18*W5*24*3600/$AE$3/10^6) -> 110.04263 | X18: =IF(I18*X5*24*3600/$AE$3/10^6>$AE$2,$AE$2,I18*X5*24*3600/$AE$3/10^6) -> 143.23073 | ... AB18: =IF(M18*AB5*24*3600/$AE$3/10^6>$AE$2,$AE$2,M18*AB5*24*3600/$AE$3/10^6) -> 118.91688 | AC18: =SUM(Q18:AB18) -> 1204.8647 | AM18: Vào | AR18: Ra
A19: 70 | B19: 93.815205 | C19: 55.85391 | D19: 47.411124 | E19: 47.805752 | F19: 63.6 | G19: 116.10642 | H19: 151.35676 | I19: 199.94 | J19: 279.25704 | K19: 323.17901 | L19: 243.43029 | M19: 158.81102 | N19: 164.48411 | P19: 70 | Q19: =IF(B19*Q5*24*3600/$AE$3/10^6>$AE$2,$AE$2,B19*Q5*24*3600/$AE$3/10^6) -> 62.976101 | R19: =IF(C19*R5*24*3600/$AE$3/10^6>$AE$2,$AE$2,C19*R5*24*3600/$AE$3/10^6) -> 35.074576 | S19: =IF(D19*S5*24*3600/$AE$3/10^6>$AE$2,$AE$2,D19*S5*24*3600/$AE$3/10^6) -> 31.826054 | T19: =IF(E19*T5*24*3600/$AE$3/10^6>$AE$2,$AE$2,E19*T5*24*3600/$AE$3/10^6) -> 31.055766 | U19: =IF(F19*U5*24*3600/$AE$3/10^6>$AE$2,$AE$2,F19*U5*24*3600/$AE$3/10^6) -> 42.693293 | V19: =IF(G19*V5*24*3600/$AE$3/10^6>$AE$2,$AE$2,G19*V5*24*3600/$AE$3/10^6) -> 75.425522 | W19: =IF(H19*W5*24*3600/$AE$3/10^6>$AE$2,$AE$2,H19*W5*24*3600/$AE$3/10^6) -> 101.6025 | X19: =IF(I19*X5*24*3600/$AE$3/10^6>$AE$2,$AE$2,I19*X5*24*3600/$AE$3/10^6) -> 134.21536 | ... AB19: =IF(M19*AB5*24*3600/$AE$3/10^6>$AE$2,$AE$2,M19*AB5*24*3600/$AE$3/10^6) -> 106.60637 | AC19: =SUM(Q19:AB19) -> 1150.6338
A20: 75 | B20: 82.423977 | C20: 53.9 | D20: 42.3 | E20: 46.8 | F20: 61.740798 | G20: 95.165196 | H20: 143.41784 | I20: 192.26616 | J20: 264.70904 | K20: 311.36337 | L20: 219.7 | M20: 143.66678 | N20: 163.06609 | P20: 75 | Q20: =IF(B20*$Q$5*24*3600/$AE$3/10^6>$AE$2,$AE$2,B20*$Q$5*24*3600/$AE$3/10^6) -> 55.329418 | R20: =IF(C20*$R$5*24*3600/$AE$3/10^6>$AE$2,$AE$2,C20*$R$5*24*3600/$AE$3/10^6) -> 33.847579 | S20: =IF(D20*$S$5*24*3600/$AE$3/10^6>$AE$2,$AE$2,D20*$S$5*24*3600/$AE$3/10^6) -> 28.395068 | T20: =IF(E20*$T$5*24*3600/$AE$3/10^6>$AE$2,$AE$2,E20*$T$5*24*3600/$AE$3/10^6) -> 30.402406 | U20: =IF(F20*$U$5*24*3600/$AE$3/10^6>$AE$2,$AE$2,F20*$U$5*24*3600/$AE$3/10^6) -> 41.445251 | V20: =IF(G20*$V$5*24*3600/$AE$3/10^6>$AE$2,$AE$2,G20*$V$5*24*3600/$AE$3/10^6) -> 61.821601 | W20: =IF(H20*$W$5*24*3600/$AE$3/10^6>$AE$2,$AE$2,H20*$W$5*24*3600/$AE$3/10^6) -> 96.273269 | X20: =IF(I20*$X$5*24*3600/$AE$3/10^6>$AE$2,$AE$2,I20*$X$5*24*3600/$AE$3/10^6) -> 129.06408 | Y20: =IF(J20*$Y$5*24*3600/$AE$3/10^6>$AE$2,$AE$2,J20*$Y$5*24*3600/$AE$3/10^6) -> 171.96136 | Z20: =IF(K20*$Z$5*24*3600/$AE$3/10^6>$AE$2,$AE$2,K20*$Z$5*24*3600/$AE$3/10^6) -> 189.60796 | AA20: =IF(L20*$AA$5*24*3600/$AE$3/10^6>$AE$2,$AE$2,L20*$AA$5*24*3600/$AE$3/10^6) -> 142.72241 | AB20: =IF(M20*$AB$5*24*3600/$AE$3/10^6>$AE$2,$AE$2,M20*$AB$5*24*3600/$AE$3/10^6) -> 96.440377 | AC20: =SUM(Q20:AB20) -> 1077.3108
A21: 80 | B21: 78.359299 | C21: 52.314466 | D21: 40.605513 | E21: 41.10112 | F21: 58.325658 | G21: 90.941564 | H21: 137.71372 | I21: 186.64 | J21: 255.02395 | K21: 303.38162 | L21: 199.34226 | M21: 139.86653 | N21: 160.44807 | P21: 80 | Q21: =IF(B21*$Q$5*24*3600/$AE$3/10^6>$AE$2,$AE$2,B21*$Q$5*24*3600/$AE$3/10^6) -> 52.600889 | R21: =IF(C21*$R$5*24*3600/$AE$3/10^6>$AE$2,$AE$2,C21*$R$5*24*3600/$AE$3/10^6) -> 32.851911 | S21: =IF(D21*$S$5*24*3600/$AE$3/10^6>$AE$2,$AE$2,D21*$S$5*24*3600/$AE$3/10^6) -> 27.257595 | T21: =IF(E21*$T$5*24*3600/$AE$3/10^6>$AE$2,$AE$2,E21*$T$5*24*3600/$AE$3/10^6) -> 26.700277 | U21: =IF(F21*$U$5*24*3600/$AE$3/10^6>$AE$2,$AE$2,F21*$U$5*24*3600/$AE$3/10^6) -> 39.152743 | V21: =IF(G21*$V$5*24*3600/$AE$3/10^6>$AE$2,$AE$2,G21*$V$5*24*3600/$AE$3/10^6) -> 59.077828 | W21: =IF(H21*$W$5*24*3600/$AE$3/10^6>$AE$2,$AE$2,H21*$W$5*24*3600/$AE$3/10^6) -> 92.44422 | X21: =IF(I21*$X$5*24*3600/$AE$3/10^6>$AE$2,$AE$2,I21*$X$5*24*3600/$AE$3/10^6) -> 125.28736 | Y21: =IF(J21*$Y$5*24*3600/$AE$3/10^6>$AE$2,$AE$2,J21*$Y$5*24*3600/$AE$3/10^6) -> 165.6697 | Z21: =IF(K21*$Z$5*24*3600/$AE$3/10^6>$AE$2,$AE$2,K21*$Z$5*24*3600/$AE$3/10^6) -> 189.60796 | AA21: =IF(L21*$AA$5*24*3600/$AE$3/10^6>$AE$2,$AE$2,L21*$AA$5*24*3600/$AE$3/10^6) -> 129.49753 | AB21: =IF(M21*$AB$5*24*3600/$AE$3/10^6>$AE$2,$AE$2,M21*$AB$5*24*3600/$AE$3/10^6) -> 93.88935 | AC21: =SUM(Q21:AB21) -> 1034.0374
A22: 85 | B22: 73.171858 | C22: 48.741796 | D22: 38.391034 | E22: 39.01 | F22: 55.993295 | G22: 81.275273 | H22: 127.575 | I22: 182.72363 | J22: 225.34407 | K22: 267.325 | L22: 183.19 | M22: 113.97183 | N22: 157.42619 | P22: 85 | Q22: =IF(B22*$Q$5*24*3600/$AE$3/10^6>$AE$2,$AE$2,B22*$Q$5*24*3600/$AE$3/10^6) -> 49.118673 | R22: =IF(C22*$R$5*24*3600/$AE$3/10^6>$AE$2,$AE$2,C22*$R$5*24*3600/$AE$3/10^6) -> 30.608382 | S22: =IF(D22*$S$5*24*3600/$AE$3/10^6>$AE$2,$AE$2,D22*$S$5*24*3600/$AE$3/10^6) -> 25.771064 | T22: =IF(E22*$T$5*24*3600/$AE$3/10^6>$AE$2,$AE$2,E22*$T$5*24*3600/$AE$3/10^6) -> 25.341835 | U22: =IF(F22*$U$5*24*3600/$AE$3/10^6>$AE$2,$AE$2,F22*$U$5*24*3600/$AE$3/10^6) -> 37.587078 | V22: =IF(G22*$V$5*24*3600/$AE$3/10^6>$AE$2,$AE$2,G22*$V$5*24*3600/$AE$3/10^6) -> 52.798373 | W22: =IF(H22*$W$5*24*3600/$AE$3/10^6>$AE$2,$AE$2,H22*$W$5*24*3600/$AE$3/10^6) -> 85.638316 | X22: =IF(I22*$X$5*24*3600/$AE$3/10^6>$AE$2,$AE$2,I22*$X$5*24*3600/$AE$3/10^6) -> 122.65839 | Y22: =IF(J22*$Y$5*24*3600/$AE$3/10^6>$AE$2,$AE$2,J22*$Y$5*24*3600/$AE$3/10^6) -> 146.38893 | Z22: =IF(K22*$Z$5*24*3600/$AE$3/10^6>$AE$2,$AE$2,K22*$Z$5*24*3600/$AE$3/10^6) -> 179.44944 | AA22: =IF(L22*$AA$5*24*3600/$AE$3/10^6>$AE$2,$AE$2,L22*$AA$5*24*3600/$AE$3/10^6) -> 119.00463 | AB22: =IF(M22*$AB$5*24*3600/$AE$3/10^6>$AE$2,$AE$2,M22*$AB$5*24*3600/$AE$3/10^6) -> 76.506806 | AC22: =SUM(Q22:AB22) -> 950.87192
A23: 90 | B23: 69.40465 | C23: 44.586565 | D23: 37.63 | E23: 35.08 | F23: 52.922108 | G23: 79.64 | H23: 115.06 | I23: 167.09289 | J23: 207.89487 | K23: 232.35366 | L23: 160.9 | M23: 98.001689 | N23: 153.85405 | P23: 90 | Q23: =IF(B23*$Q$5*24*3600/$AE$3/10^6>$AE$2,$AE$2,B23*$Q$5*24*3600/$AE$3/10^6) -> 46.589829 | R23: =IF(C23*$R$5*24*3600/$AE$3/10^6>$AE$2,$AE$2,C23*$R$5*24*3600/$AE$3/10^6) -> 27.999022 | S23: =IF(D23*$S$5*24*3600/$AE$3/10^6>$AE$2,$AE$2,D23*$S$5*24*3600/$AE$3/10^6) -> 25.260198 | T23: =IF(E23*$T$5*24*3600/$AE$3/10^6>$AE$2,$AE$2,E23*$T$5*24*3600/$AE$3/10^6) -> 22.788812 | U23: =IF(F23*$U$5*24*3600/$AE$3/10^6>$AE$2,$AE$2,F23*$U$5*24*3600/$AE$3/10^6) -> 35.525457 | V23: =IF(G23*$V$5*24*3600/$AE$3/10^6>$AE$2,$AE$2,G23*$V$5*24*3600/$AE$3/10^6) -> 51.73606 | W23: =IF(H23*$W$5*24*3600/$AE$3/10^6>$AE$2,$AE$2,H23*$W$5*24*3600/$AE$3/10^6) -> 77.237269 | X23: =IF(I23*$X$5*24*3600/$AE$3/10^6>$AE$2,$AE$2,I23*$X$5*24*3600/$AE$3/10^6) -> 112.16581 | Y23: =IF(J23*$Y$5*24*3600/$AE$3/10^6>$AE$2,$AE$2,J23*$Y$5*24*3600/$AE$3/10^6) -> 135.05351 | Z23: =IF(K23*$Z$5*24*3600/$AE$3/10^6>$AE$2,$AE$2,K23*$Z$5*24*3600/$AE$3/10^6) -> 155.97394 | AA23: =IF(L23*$AA$5*24*3600/$AE$3/10^6>$AE$2,$AE$2,L23*$AA$5*24*3600/$AE$3/10^6) -> 104.52451 | AB23: =IF(M23*$AB$5*24*3600/$AE$3/10^6>$AE$2,$AE$2,M23*$AB$5*24*3600/$AE$3/10^6) -> 65.786397 | AC23: =SUM(Q23:AB23) -> 860.64082
A24: 95 | B24: 63.852629 | C24: 42.908527 | D24: 33.265 | E24: 27.33 | F24: 48.117774 | G24: 72.15 | H24: 100.40582 | I24: 144.76622 | J24: 198.03535 | K24: 179.86244 | L24: 120.81902 | M24: 92.23 | N24: 126.27917 | P24: 95 | Q24: =IF(B24*$Q$5*24*3600/$AE$3/10^6>$AE$2,$AE$2,B24*$Q$5*24*3600/$AE$3/10^6) -> 42.862878 | R24: =IF(C24*$R$5*24*3600/$AE$3/10^6>$AE$2,$AE$2,C24*$R$5*24*3600/$AE$3/10^6) -> 26.945265 | S24: =IF(D24*$S$5*24*3600/$AE$3/10^6>$AE$2,$AE$2,D24*$S$5*24*3600/$AE$3/10^6) -> 22.330069 | T24: =IF(E24*$T$5*24*3600/$AE$3/10^6>$AE$2,$AE$2,E24*$T$5*24*3600/$AE$3/10^6) -> 17.754226 | U24: =IF(F24*$U$5*24*3600/$AE$3/10^6>$AE$2,$AE$2,F24*$U$5*24*3600/$AE$3/10^6) -> 32.300413 | V24: =IF(G24*$V$5*24*3600/$AE$3/10^6>$AE$2,$AE$2,G24*$V$5*24*3600/$AE$3/10^6) -> 46.870376 | W24: =IF(H24*$W$5*24*3600/$AE$3/10^6>$AE$2,$AE$2,H24*$W$5*24*3600/$AE$3/10^6) -> 67.400239 | X24: =IF(I24*$X$5*24*3600/$AE$3/10^6>$AE$2,$AE$2,I24*$X$5*24*3600/$AE$3/10^6) -> 97.178406 | Y24: =IF(J24*$Y$5*24*3600/$AE$3/10^6>$AE$2,$AE$2,J24*$Y$5*24*3600/$AE$3/10^6) -> 128.64853 | Z24: =IF(K24*$Z$5*24*3600/$AE$3/10^6>$AE$2,$AE$2,K24*$Z$5*24*3600/$AE$3/10^6) -> 120.73773 | AA24: =IF(L24*$AA$5*24*3600/$AE$3/10^6>$AE$2,$AE$2,L24*$AA$5*24*3600/$AE$3/10^6) -> 78.486941 | AB24: =IF(M24*$AB$5*24*3600/$AE$3/10^6>$AE$2,$AE$2,M24*$AB$5*24*3600/$AE$3/10^6) -> 61.911988 | AC24: =SUM(Q24:AB24) -> 743.42706
A25: Ghi chú: Số liệu cập nhật từ 1977 đến tháng 9 năm 2024
R26: Lưu ý chỉnh lại ngày của tháng 2 với năm nhuận

Sheet Bảng tra TS-SL SP3
A1: Biểu số 2-a.1
A2: BẢNG TRA TẦN SUẤT NƯỚC VỀ | P2: SẢN LƯỢNG TÍNH THEO TẦN SUẤT | AD2: A_max | AE2: 154.08353 | AF2: tr.kwh
A3: Nhà máy Thủy điện Srêpốk 3 | P3: Nhà máy Thủy điện Srê Pốk 3 | AD3: SHN | AE3: 6.55 | AF3: m3/kwh
A4: Tháng | B4: 1 | C4: 2 | D4: 3 | E4: 4 | F4: 5 | G4: 6 | H4: 7 | I4: 8 | J4: 9 | K4: 10 | L4: 11 | M4: 12 | N4: TB | P4: Tháng | Q4: 1 | R4: 2 | S4: 3 | T4: 4 | U4: 5 | V4: 6 | W4: 7 | X4: 8 | Y4: 9 | Z4: 10 | AA4: 11 | AB4: 12 | AC4: TC | AE4: Tính nội suy lưu lượng ngược ra tần suất | AM4: Tính nội suy tần suất ra sản lượng
A5: Tần suất | B5: m3/s | P5: Tần suất | Q5: 31 | R5: 29 | S5: 31 | T5: 30 | U5: 31 | V5: 30 | W5: 31 | X5: 31 | Y5: 30 | Z5: 31 | AA5: 30 | AB5: 31 | AC5: tr.kwh | AD5: month | AE5: Q | AF5: Q1 | AG5: Q2 | AH5: F1 | AI5: F2 | AJ5: F | AL5: month | AM5: F[%] | AN5: F1 | AO5: F2 | AP5: A1 | AQ5: A2 | AR5: A[tr.kwh] | AS5: Q1 | AT5: Q2 | AU5: Q[m3/s]
A6: 5 | B6: 262.71928 | C6: 145.94911 | D6: 124.63403 | E6: 137.06252 | F6: 221.37536 | G6: 354.24269 | H6: 339.1 | I6: 534.3 | J6: 629.5 | K6: 780.4 | L6: 878.1 | M6: 705.4 | N6: 373.9675 | P6: 5 | Q6: =IF(B6*Q5*24*3600/$AE$3/10^6>$AE$2,$AE$2,B6*Q5*24*3600/$AE$3/10^6) -> 107.43013 | R6: =IF(C6*R5*24*3600/$AE$3/10^6>$AE$2,$AE$2,C6*R5*24*3600/$AE$3/10^6) -> 55.830547 | S6: =IF(D6*S5*24*3600/$AE$3/10^6>$AE$2,$AE$2,D6*S5*24*3600/$AE$3/10^6) -> 50.964852 | T6: =IF(E6*T5*24*3600/$AE$3/10^6>$AE$2,$AE$2,E6*T5*24*3600/$AE$3/10^6) -> 54.23909 | U6: =IF(F6*U5*24*3600/$AE$3/10^6>$AE$2,$AE$2,F6*U5*24*3600/$AE$3/10^6) -> 90.523934 | V6: =IF(G6*V5*24*3600/$AE$3/10^6>$AE$2,$AE$2,G6*V5*24*3600/$AE$3/10^6) -> 140.18276 | W6: =IF(H6*W5*24*3600/$AE$3/10^6>$AE$2,$AE$2,H6*W5*24*3600/$AE$3/10^6) -> 138.66343 | X6: =IF(I6*X5*24*3600/$AE$3/10^6>$AE$2,$AE$2,I6*X5*24*3600/$AE$3/10^6) -> 154.08353 | ... AB6: =IF(M6*AB5*24*3600/$AE$3/10^6>$AE$2,$AE$2,M6*AB5*24*3600/$AE$3/10^6) -> 154.08353 | AC6: =SUM(Q6:AB6) -> 1408.2524 | AD6: 1 | AE6: ='Theo dõi TV'!J8 -> 119.65598 | AF6: =_xlfn.XLOOKUP(AE6,B$6:B$24,B$6:B$24,,-1,1) -> 117 | AG6: =_xlfn.XLOOKUP(AE6,B$6:B$24,B$6:B$24,,1,1) -> 126 | AH6: =_xlfn.XLOOKUP(AE6,$B$6:$B$24,A$6:A$24,,-1,1) -> 55 | AI6: =_xlfn.XLOOKUP(AE6,$B$6:$B$24,A$6:A$24,,1,1) -> 50 | AJ6: =IF(AE6=AF6,AH6,FORECAST(AE6,AH6:AI6,AF6:AG6)) -> 53.524454 | AL6: 1 | AM6: 53.524454 | AN6: =_xlfn.XLOOKUP(AM6,$P$6:$P$24,$P$6:$P$24,,-1,1) -> 50 | AO6: =_xlfn.XLOOKUP(AM6,$P$6:$P$24,$P$6:$P$24,,1,1) -> 55 | AP6: =_xlfn.XLOOKUP(AM6,$P$6:$P$24,$Q$6:$Q$24,,-1,1) -> 51.52342 | AQ6: =_xlfn.XLOOKUP(AM6,$P$6:$P$24,$Q$6:$Q$24,,1,1) -> 47.843176 | AR6: =IF(AM6=AN6,AP6,FORECAST(AM6,AP6:AQ6,AN6:AO6)) -> 48.929249 | AS6: =_xlfn.XLOOKUP(AM6,$A$6:$A$24,$B$6:$B$24,,-1,1) -> 126 | AT6: =_xlfn.XLOOKUP(AM6,$A$6:$A$24,$B$6:$B$24,,1,1) -> 117 | AU6: =IF(AM6=AN6,AS6,FORECAST(AM6,AS6:AT6,AN6:AO6)) -> 119.65598
A7: 10 | B7: 242.8 | C7: 140.49107 | D7: 117.02962 | E7: 126.54144 | F7: 199.6 | G7: 291 | H7: 334.56559 | I7: 496.4 | J7: 575.8 | K7: 707.95011 | L7: 737.6 | M7: 628.8 | N7: 317.57991 | P7: 10 | Q7: =IF(B7*Q5*24*3600/$AE$3/10^6>$AE$2,$AE$2,B7*Q5*24*3600/$AE$3/10^6) -> 99.284812 | R7: =IF(C7*R5*24*3600/$AE$3/10^6>$AE$2,$AE$2,C7*R5*24*3600/$AE$3/10^6) -> 53.742661 | S7: =IF(D7*S5*24*3600/$AE$3/10^6>$AE$2,$AE$2,D7*S5*24*3600/$AE$3/10^6) -> 47.855287 | T7: =IF(E7*T5*24*3600/$AE$3/10^6>$AE$2,$AE$2,E7*T5*24*3600/$AE$3/10^6) -> 50.075634 | U7: =IF(F7*U5*24*3600/$AE$3/10^6>$AE$2,$AE$2,F7*U5*24*3600/$AE$3/10^6) -> 81.61964 | V7: =IF(G7*V5*24*3600/$AE$3/10^6>$AE$2,$AE$2,G7*V5*24*3600/$AE$3/10^6) -> 115.15603 | W7: =IF(H7*W5*24*3600/$AE$3/10^6>$AE$2,$AE$2,H7*W5*24*3600/$AE$3/10^6) -> 136.80923 | X7: =IF(I7*X5*24*3600/$AE$3/10^6>$AE$2,$AE$2,I7*X5*24*3600/$AE$3/10^6) -> 154.08353 | ... AB7: =IF(M7*AB5*24*3600/$AE$3/10^6>$AE$2,$AE$2,M7*AB5*24*3600/$AE$3/10^6) -> 154.08353 | AC7: =SUM(Q7:AB7) -> 1354.961 | AD7: 2 | AE7: ='Theo dõi TV'!J9 -> 71.927378 | AF7: =_xlfn.XLOOKUP(AE7,C$6:C$24,C$6:C$24,,-1,1) -> 65.59375 | AG7: =_xlfn.XLOOKUP(AE7,C$6:C$24,C$6:C$24,,1,1) -> 73.26 | AH7: =_xlfn.XLOOKUP(AE7,$C$6:$C$24,$A$6:$A$24,,-1,1) -> 75 | AI7: =_xlfn.XLOOKUP(AE7,$C$6:$C$24,$A$6:$A$24,,1,1) -> 70 | AJ7: =IF(AE7=AF7,AH7,FORECAST(AE7,AH7:AI7,AF7:AG7)) -> 70.869148 | AL7: 2 | AM7: 70.869148 | AN7: =_xlfn.XLOOKUP(AM7,$P$6:$P$24,$P$6:$P$24,,-1,1) -> 70 | AO7: =_xlfn.XLOOKUP(AM7,$P$6:$P$24,$P$6:$P$24,,1,1) -> 75 | AP7: =_xlfn.XLOOKUP(AM7,$P$6:$P$24,$R$6:$R$24,,-1,1) -> 28.024467 | AQ7: =_xlfn.XLOOKUP(AM7,$P$6:$P$24,$R$6:$R$24,,1,1) -> 25.091863 | AR7: =IF(AM7=AN7,AP7,FORECAST(AM7,AP7:AQ7,AN7:AO7)) -> 27.514693 | AS7: =_xlfn.XLOOKUP(AM7,$A$6:$A$24,$C$6:$C$24,,-1,1) -> 73.26 | AT7: =_xlfn.XLOOKUP(AM7,$A$6:$A$24,$C$6:$C$24,,1,1) -> 65.59375 | AU7: =IF(AM7=AN7,AS7,FORECAST(AM7,AS7:AT7,AN7:AO7)) -> 71.927378
A8: 15 | B8: 225.61647 | C8: 129.05482 | D8: 108.50349 | E8: 115.07375 | F8: 181.2 | G8: 258.98 | H8: 324.54563 | I8: 474.7 | J8: 543.1 | K8: 613.3 | L8: 608.24097 | M8: 539.09341 | N8: 290.66651 | P8: 15 | Q8: =IF(B8*Q5*24*3600/$AE$3/10^6>$AE$2,$AE$2,B8*Q5*24*3600/$AE$3/10^6) -> 92.258189 | R8: =IF(C8*R5*24*3600/$AE$3/10^6>$AE$2,$AE$2,C8*R5*24*3600/$AE$3/10^6) -> 49.367904 | S8: =IF(D8*S5*24*3600/$AE$3/10^6>$AE$2,$AE$2,D8*S5*24*3600/$AE$3/10^6) -> 44.368818 | T8: =IF(E8*T5*24*3600/$AE$3/10^6>$AE$2,$AE$2,E8*T5*24*3600/$AE$3/10^6) -> 45.537582 | U8: =IF(F8*U5*24*3600/$AE$3/10^6>$AE$2,$AE$2,F8*U5*24*3600/$AE$3/10^6) -> 74.095585 | V8: =IF(G8*V5*24*3600/$AE$3/10^6>$AE$2,$AE$2,G8*V5*24*3600/$AE$3/10^6) -> 102.48491 | W8: =IF(H8*W5*24*3600/$AE$3/10^6>$AE$2,$AE$2,H8*W5*24*3600/$AE$3/10^6) -> 132.71191 | X8: =IF(I8*X5*24*3600/$AE$3/10^6>$AE$2,$AE$2,I8*X5*24*3600/$AE$3/10^6) -> 154.08353 | ... AB8: =IF(M8*AB5*24*3600/$AE$3/10^6>$AE$2,$AE$2,M8*AB5*24*3600/$AE$3/10^6) -> 154.08353 | AC8: =SUM(Q8:AB8) -> 1311.2426 | AD8: 3 | AE8: ='Theo dõi TV'!J10 -> 44.117049 | AF8: =_xlfn.XLOOKUP(AE8,D$6:D$24,D$6:D$24,,-1,1) -> 42.84 | AG8: =_xlfn.XLOOKUP(AE8,D$6:D$24,D$6:D$24,,1,1) -> 44.165 | AH8: =_xlfn.XLOOKUP(AE8,$D$6:$D$24,$A$6:$A$24,,-1,1) -> 90 | AI8: =_xlfn.XLOOKUP(AE8,$D$6:$D$24,$A$6:$A$24,,1,1) -> 85 | AJ8: =IF(AE8=AF8,AH8,FORECAST(AE8,AH8:AI8,AF8:AG8)) -> 85.180948 | AL8: 3 | AM8: 85.180948 | AN8: =_xlfn.XLOOKUP(AM8,$P$6:$P$24,$P$6:$P$24,,-1,1) -> 85 | AO8: =_xlfn.XLOOKUP(AM8,$P$6:$P$24,$P$6:$P$24,,1,1) -> 90 | AP8: =_xlfn.XLOOKUP(AM8,$P$6:$P$24,$S$6:$S$24,,-1,1) -> 18.059776 | AQ8: =_xlfn.XLOOKUP(AM8,$P$6:$P$24,$S$6:$S$24,,1,1) -> 17.517963 | AR8: =IF(AM8=AN8,AP8,FORECAST(AM8,AP8:AQ8,AN8:AO8)) -> 18.040168 | AS8: =_xlfn.XLOOKUP(AM8,$A$6:$A$24,$D$6:$D$24,,-1,1) -> 44.165 | AT8: =_xlfn.XLOOKUP(AM8,$A$6:$A$24,$D$6:$D$24,,1,1) -> 42.84 | AU8: =IF(AM8=AN8,AS8,FORECAST(AM8,AS8:AT8,AN8:AO8)) -> 44.117049
A9: 20 | B9: 219.45974 | C9: 123 | D9: 106.96033 | E9: 109.02935 | F9: 152.2 | G9: 250.81268 | H9: 313.1828 | I9: 458.4 | J9: 515.60667 | K9: 593.4 | L9: 584.64886 | M9: 493.69677 | N9: 277.62833 | P9: 20 | Q9: =IF(B9*Q5*24*3600/$AE$3/10^6>$AE$2,$AE$2,B9*Q5*24*3600/$AE$3/10^6) -> 89.740605 | R9: =IF(C9*R5*24*3600/$AE$3/10^6>$AE$2,$AE$2,C9*R5*24*3600/$AE$3/10^6) -> 47.051725 | S9: =IF(D9*S5*24*3600/$AE$3/10^6>$AE$2,$AE$2,D9*S5*24*3600/$AE$3/10^6) -> 43.737795 | T9: =IF(E9*T5*24*3600/$AE$3/10^6>$AE$2,$AE$2,E9*T5*24*3600/$AE$3/10^6) -> 43.145661 | U9: =IF(F9*U5*24*3600/$AE$3/10^6>$AE$2,$AE$2,F9*U5*24*3600/$AE$3/10^6) -> 62.23702 | V9: =IF(G9*V5*24*3600/$AE$3/10^6>$AE$2,$AE$2,G9*V5*24*3600/$AE$3/10^6) -> 99.252895 | W9: =IF(H9*W5*24*3600/$AE$3/10^6>$AE$2,$AE$2,H9*W5*24*3600/$AE$3/10^6) -> 128.06547 | X9: =IF(I9*X5*24*3600/$AE$3/10^6>$AE$2,$AE$2,I9*X5*24*3600/$AE$3/10^6) -> 154.08353 | ... AB9: =IF(M9*AB5*24*3600/$AE$3/10^6>$AE$2,$AE$2,M9*AB5*24*3600/$AE$3/10^6) -> 154.08353 | AC9: =SUM(Q9:AB9) -> 1283.6488 | AD9: 4 | AE9: ='Theo dõi TV'!J11 -> 47.085638 | AF9: =_xlfn.XLOOKUP(AE9,E$6:E$24,E$6:E$24,,-1,1) -> 44.97 | AG9: =_xlfn.XLOOKUP(AE9,E$6:E$24,E$6:E$24,,1,1) -> 50.78 | AH9: =_xlfn.XLOOKUP(AE9,$E$6:$E$24,$A$6:$A$24,,-1,1) -> 85 | AI9: =_xlfn.XLOOKUP(AE9,$E$6:$E$24,$A$6:$A$24,,1,1) -> 80 | AJ9: =IF(AE9=AF9,AH9,FORECAST(AE9,AH9:AI9,AF9:AG9)) -> 83.179313 | AL9: 4 | AM9: 83.179313 | AN9: =_xlfn.XLOOKUP(AM9,$P$6:$P$24,$P$6:$P$24,,-1,1) -> 80 | AO9: =_xlfn.XLOOKUP(AM9,$P$6:$P$24,$P$6:$P$24,,1,1) -> 85 | AP9: =_xlfn.XLOOKUP(AM9,$P$6:$P$24,$T$6:$T$24,,-1,1) -> 20.094925 | AQ9: =_xlfn.XLOOKUP(AM9,$P$6:$P$24,$T$6:$T$24,,1,1) -> 17.795762 | AR9: =IF(AM9=AN9,AP9,FORECAST(AM9,AP9:AQ9,AN9:AO9)) -> 18.632973 | AS9: =_xlfn.XLOOKUP(AM9,$A$6:$A$24,$E$6:$E$24,,-1,1) -> 50.78 | AT9: =_xlfn.XLOOKUP(AM9,$A$6:$A$24,$E$6:$E$24,,1,1) -> 44.97 | AU9: =IF(AM9=AN9,AS9,FORECAST(AM9,AS9:AT9,AN9:AO9)) -> 47.085638
A10: 25 | B10: 205.6996 | C10: 118.97142 | D10: 101.51207 | E10: 92.99701 | F10: 130.5 | G10: 207 | H10: 297 | I10: 430 | J10: 506 | K10: 569.5 | L10: 576 | M10: 474.34659 | N10: 270.075 | P10: 25 | Q10: =IF(B10*Q5*24*3600/$AE$3/10^6>$AE$2,$AE$2,B10*Q5*24*3600/$AE$3/10^6) -> 84.113863 | R10: =IF(C10*R5*24*3600/$AE$3/10^6>$AE$2,$AE$2,C10*R5*24*3600/$AE$3/10^6) -> 45.510656 | S10: =IF(D10*S5*24*3600/$AE$3/10^6>$AE$2,$AE$2,D10*S5*24*3600/$AE$3/10^6) -> 41.509915 | T10: =IF(E10*T5*24*3600/$AE$3/10^6>$AE$2,$AE$2,E10*T5*24*3600/$AE$3/10^6) -> 36.80126 | U10: =IF(F10*U5*24*3600/$AE$3/10^6>$AE$2,$AE$2,F10*U5*24*3600/$AE$3/10^6) -> 53.363542 | V10: =IF(G10*V5*24*3600/$AE$3/10^6>$AE$2,$AE$2,G10*V5*24*3600/$AE$3/10^6) -> 81.915115 | W10: =IF(H10*W5*24*3600/$AE$3/10^6>$AE$2,$AE$2,H10*W5*24*3600/$AE$3/10^6) -> 121.44806 | X10: =IF(I10*X5*24*3600/$AE$3/10^6>$AE$2,$AE$2,I10*X5*24*3600/$AE$3/10^6) -> 154.08353 | ... AB10: =IF(M10*AB5*24*3600/$AE$3/10^6>$AE$2,$AE$2,M10*AB5*24*3600/$AE$3/10^6) -> 154.08353 | AC10: =SUM(Q10:AB10) -> 1235.0801 | AD10: 5 | AE10: ='Theo dõi TV'!J12 -> 94.030954 | AF10: =_xlfn.XLOOKUP(AE10,F$6:F$24,F$6:F$24,,-1,1) -> 90.81 | AG10: =_xlfn.XLOOKUP(AE10,F$6:F$24,F$6:F$24,,1,1) -> 99.203978 | AH10: =_xlfn.XLOOKUP(AE10,$F$6:$F$24,$A$6:$A$24,,-1,1) -> 65 | AI10: =_xlfn.XLOOKUP(AE10,$F$6:$F$24,$A$6:$A$24,,1,1) -> 60 | AJ10: =IF(AE10=AF10,AH10,FORECAST(AE10,AH10:AI10,AF10:AG10)) -> 63.08139 | AL10: 5 | AM10: 63.08139 | AN10: =_xlfn.XLOOKUP(AM10,$P$6:$P$24,$P$6:$P$24,,-1,1) -> 60 | AO10: =_xlfn.XLOOKUP(AM10,$P$6:$P$24,$P$6:$P$24,,1,1) -> 65 | AP10: =_xlfn.XLOOKUP(AM10,$P$6:$P$24,$U$6:$U$24,,-1,1) -> 40.566097 | AQ10: =_xlfn.XLOOKUP(AM10,$P$6:$P$24,$U$6:$U$24,,1,1) -> 37.133665 | AR10: =IF(AM10=AN10,AP10,FORECAST(AM10,AP10:AQ10,AN10:AO10)) -> 38.450765 | AS10: =_xlfn.XLOOKUP(AM10,$A$6:$A$24,$F$6:$F$24,,-1,1) -> 99.203978 | AT10: =_xlfn.XLOOKUP(AM10,$A$6:$A$24,$F$6:$F$24,,1,1) -> 90.81 | AU10: =IF(AM10=AN10,AS10,FORECAST(AM10,AS10:AT10,AN10:AO10)) -> 94.030954
A11: 30 | B11: 187.86266 | C11: 106 | D11: 84.324946 | E11: 87.94 | F11: 119.62028 | G11: 194.2 | H11: 288.25529 | I11: 409.07546 | J11: 491 | K11: 518.42588 | L11: 566.2 | M11: 385.6 | N11: 268.86338 | P11: 30 | Q11: =IF(B11*Q5*24*3600/$AE$3/10^6>$AE$2,$AE$2,B11*Q5*24*3600/$AE$3/10^6) -> 76.820055 | R11: =IF(C11*R5*24*3600/$AE$3/10^6>$AE$2,$AE$2,C11*R5*24*3600/$AE$3/10^6) -> 40.548641 | S11: =IF(D11*S5*24*3600/$AE$3/10^6>$AE$2,$AE$2,D11*S5*24*3600/$AE$3/10^6) -> 34.481822 | T11: =IF(E11*T5*24*3600/$AE$3/10^6>$AE$2,$AE$2,E11*T5*24*3600/$AE$3/10^6) -> 34.800073 | U11: =IF(F11*U5*24*3600/$AE$3/10^6>$AE$2,$AE$2,F11*U5*24*3600/$AE$3/10^6) -> 48.91465 | V11: =IF(G11*V5*24*3600/$AE$3/10^6>$AE$2,$AE$2,G11*V5*24*3600/$AE$3/10^6) -> 76.849832 | W11: =IF(H11*W5*24*3600/$AE$3/10^6>$AE$2,$AE$2,H11*W5*24*3600/$AE$3/10^6) -> 117.87221 | X11: =IF(I11*X5*24*3600/$AE$3/10^6>$AE$2,$AE$2,I11*X5*24*3600/$AE$3/10^6) -> 154.08353 | ... AB11: =IF(M11*AB5*24*3600/$AE$3/10^6>$AE$2,$AE$2,M11*AB5*24*3600/$AE$3/10^6) -> 154.08353 | AC11: =SUM(Q11:AB11) -> 1200.7049 | AD11: 6 | AE11: ='Theo dõi TV'!J13 -> 173.49123 | AF11: =_xlfn.XLOOKUP(AE11,G$6:G$24,G$6:G$24,,-1,1) -> 162.83056 | AG11: =_xlfn.XLOOKUP(AE11,G$6:G$24,G$6:G$24,,1,1) -> 178.62986 | AH11: =_xlfn.XLOOKUP(AE11,$G$6:$G$24,$A$6:$A$24,,-1,1) -> 50 | AI11: =_xlfn.XLOOKUP(AE11,$G$6:$G$24,$A$6:$A$24,,1,1) -> 45 | AJ11: =IF(AE11=AF11,AH11,FORECAST(AE11,AH11:AI11,AF11:AG11)) -> 46.626221 | AL11: 6 | AM11: 46.626221 | AN11: =_xlfn.XLOOKUP(AM11,$P$6:$P$24,$P$6:$P$24,,-1,1) -> 45 | AO11: =_xlfn.XLOOKUP(AM11,$P$6:$P$24,$P$6:$P$24,,1,1) -> 50 | AP11: =_xlfn.XLOOKUP(AM11,$P$6:$P$24,$V$6:$V$24,,-1,1) -> 70.688336 | AQ11: =_xlfn.XLOOKUP(AM11,$P$6:$P$24,$V$6:$V$24,,1,1) -> 64.436153 | AR11: =IF(AM11=AN11,AP11,FORECAST(AM11,AP11:AQ11,AN11:AO11)) -> 68.654849 | AS11: =_xlfn.XLOOKUP(AM11,$A$6:$A$24,$G$6:$G$24,,-1,1) -> 178.62986 | AT11: =_xlfn.XLOOKUP(AM11,$A$6:$A$24,$G$6:$G$24,,1,1) -> 162.83056 | AU11: =IF(AM11=AN11,AS11,FORECAST(AM11,AS11:AT11,AN11:AO11)) -> 173.49123
A12: 35 | B12: 175.14379 | C12: 99.770744 | D12: 79.8 | E12: 82.890481 | F12: 116.29109 | G12: 191 | H12: 281.7 | I12: 382.8 | J12: 477.8 | K12: 490.74133 | L12: 457.02962 | M12: 301.77043 | N12: 259.3875 | P12: 35 | Q12: =IF(B12*Q5*24*3600/$AE$3/10^6>$AE$2,$AE$2,B12*Q5*24*3600/$AE$3/10^6) -> 71.619104 | R12: =IF(C12*R5*24*3600/$AE$3/10^6>$AE$2,$AE$2,C12*R5*24*3600/$AE$3/10^6) -> 38.165737 | S12: =IF(D12*S5*24*3600/$AE$3/10^6>$AE$2,$AE$2,D12*S5*24*3600/$AE$3/10^6) -> 32.631499 | T12: =IF(E12*T5*24*3600/$AE$3/10^6>$AE$2,$AE$2,E12*T5*24*3600/$AE$3/10^6) -> 32.801851 | U12: =IF(F12*U5*24*3600/$AE$3/10^6>$AE$2,$AE$2,F12*U5*24*3600/$AE$3/10^6) -> 47.55329 | V12: =IF(G12*V5*24*3600/$AE$3/10^6>$AE$2,$AE$2,G12*V5*24*3600/$AE$3/10^6) -> 75.583511 | W12: =IF(H12*W5*24*3600/$AE$3/10^6>$AE$2,$AE$2,H12*W5*24*3600/$AE$3/10^6) -> 115.19165 | X12: =IF(I12*X5*24*3600/$AE$3/10^6>$AE$2,$AE$2,I12*X5*24*3600/$AE$3/10^6) -> 154.08353 | ... AB12: =IF(M12*AB5*24*3600/$AE$3/10^6>$AE$2,$AE$2,M12*AB5*24*3600/$AE$3/10^6) -> 123.39877 | AC12: =SUM(Q12:AB12) -> 1153.2795 | AD12: 7 | AE12: ='Theo dõi TV'!J14 -> 160 | AF12: =_xlfn.XLOOKUP(AE12,H$6:H$24,H$6:H$24,,-1,1) -> 157.22488 | AG12: =_xlfn.XLOOKUP(AE12,H$6:H$24,H$6:H$24,,1,1) -> 170.2 | AH12: =_xlfn.XLOOKUP(AE12,$H$6:$H$24,$A$6:$A$24,,-1,1) -> 85 | AI12: =_xlfn.XLOOKUP(AE12,$H$6:$H$24,$A$6:$A$24,,1,1) -> 80 | AJ12: =IF(AE12=AF12,AH12,FORECAST(AE12,AH12:AI12,AF12:AG12)) -> 83.9306 | AL12: 7 | AM12: =AJ12 -> 83.9306 | AN12: =_xlfn.XLOOKUP(AM12,$P$6:$P$24,$P$6:$P$24,,-1,1) -> 80 | AO12: =_xlfn.XLOOKUP(AM12,$P$6:$P$24,$P$6:$P$24,,1,1) -> 85 | AP12: =_xlfn.XLOOKUP(AM12,$P$6:$P$24,$W$6:$W$24,,-1,1) -> 69.597508 | AQ12: =_xlfn.XLOOKUP(AM12,$P$6:$P$24,$W$6:$W$24,,1,1) -> 64.291775 | AR12: =IF(AM12=AN12,AP12,FORECAST(AM12,AP12:AQ12,AN12:AO12)) -> 65.426565 | AS12: =_xlfn.XLOOKUP(AM12,$A$6:$A$24,$H$6:$H$24,,-1,1) -> 170.2 | AT12: =_xlfn.XLOOKUP(AM12,$A$6:$A$24,$H$6:$H$24,,1,1) -> 157.22488 | AU12: =IF(AM12=AN12,AS12,FORECAST(AM12,AS12:AT12,AN12:AO12)) -> 160 | AV12: x
A13: 40 | B13: 143.4 | C13: 95.98266 | D13: 77.02 | E13: 75.387614 | F13: 111.8763 | G13: 188.83248 | H13: 233.7307 | I13: 370.46828 | J13: 431.6 | K13: 480.6 | L13: 410.2 | M13: 274.69614 | N13: 257.02388 | P13: 40 | Q13: =IF(B13*Q5*24*3600/$AE$3/10^6>$AE$2,$AE$2,B13*Q5*24*3600/$AE$3/10^6) -> 58.638559 | R13: =IF(C13*R5*24*3600/$AE$3/10^6>$AE$2,$AE$2,C13*R5*24*3600/$AE$3/10^6) -> 36.716664 | S13: =IF(D13*S5*24*3600/$AE$3/10^6>$AE$2,$AE$2,D13*S5*24*3600/$AE$3/10^6) -> 31.494713 | T13: =IF(E13*T5*24*3600/$AE$3/10^6>$AE$2,$AE$2,E13*T5*24*3600/$AE$3/10^6) -> 29.832778 | U13: =IF(F13*U5*24*3600/$AE$3/10^6>$AE$2,$AE$2,F13*U5*24*3600/$AE$3/10^6) -> 45.748012 | V13: =IF(G13*V5*24*3600/$AE$3/10^6>$AE$2,$AE$2,G13*V5*24*3600/$AE$3/10^6) -> 74.725768 | W13: =IF(H13*W5*24*3600/$AE$3/10^6>$AE$2,$AE$2,H13*W5*24*3600/$AE$3/10^6) -> 95.576232 | X13: =IF(I13*X5*24*3600/$AE$3/10^6>$AE$2,$AE$2,I13*X5*24*3600/$AE$3/10^6) -> 151.49042 | ... AB13: =IF(M13*AB5*24*3600/$AE$3/10^6>$AE$2,$AE$2,M13*AB5*24*3600/$AE$3/10^6) -> 112.32766 | AC13: =SUM(Q13:AB13) -> 1098.8014 | AD13: 8 | AE13: ='Theo dõi TV'!J15 -> 260 | AF13: =_xlfn.XLOOKUP(AE13,I$6:I$24,I$6:I$24,,-1,1) -> 238.8 | AG13: =_xlfn.XLOOKUP(AE13,I$6:I$24,I$6:I$24,,1,1) -> 262.80163 | AH13: =_xlfn.XLOOKUP(AE13,$I$6:$I$24,$A$6:$A$24,,-1,1) -> 70 | AI13: =_xlfn.XLOOKUP(AE13,$I$6:$I$24,$A$6:$A$24,,1,1) -> 65 | AJ13: =IF(AE13=AF13,AH13,FORECAST(AE13,AH13:AI13,AF13:AG13)) -> 65.583634 | AL13: 8 | AM13: 91 | AN13: =_xlfn.XLOOKUP(AM13,$P$6:$P$24,$P$6:$P$24,,-1,1) -> 90 | AO13: =_xlfn.XLOOKUP(AM13,$P$6:$P$24,$P$6:$P$24,,1,1) -> 95 | AP13: =_xlfn.XLOOKUP(AM13,$P$6:$P$24,$X$6:$X$24,,-1,1) -> 82.938134 | AQ13: =_xlfn.XLOOKUP(AM13,$P$6:$P$24,$X$6:$X$24,,1,1) -> 77.674555 | AR13: =IF(AM13=AN13,AP13,FORECAST(AM13,AP13:AQ13,AN13:AO13)) -> 81.885418 | AS13: =_xlfn.XLOOKUP(AM13,$A$6:$A$24,$I$6:$I$24,,-1,1) -> 202.82437 | AT13: =_xlfn.XLOOKUP(AM13,$A$6:$A$24,$I$6:$I$24,,1,1) -> 189.95234 | AU13: =IF(AM13=AN13,AS13,FORECAST(AM13,AS13:AT13,AN13:AO13)) -> 200.24996
A14: 45 | B14: 138.39816 | C14: 89.400461 | D14: 75.27 | E14: 71.8 | F14: 108.51437 | G14: 178.62986 | H14: 218.2 | I14: 336.0454 | J14: 408.45146 | K14: 466.56129 | L14: 378.82274 | M14: 263.3 | N14: 248.955 | P14: 45 | Q14: =IF(B14*Q5*24*3600/$AE$3/10^6>$AE$2,$AE$2,B14*Q5*24*3600/$AE$3/10^6) -> 56.593227 | R14: =IF(C14*R5*24*3600/$AE$3/10^6>$AE$2,$AE$2,C14*R5*24*3600/$AE$3/10^6) -> 34.198747 | S14: =IF(D14*S5*24*3600/$AE$3/10^6>$AE$2,$AE$2,D14*S5*24*3600/$AE$3/10^6) -> 30.77911 | T14: =IF(E14*T5*24*3600/$AE$3/10^6>$AE$2,$AE$2,E14*T5*24*3600/$AE$3/10^6) -> 28.413069 | U14: =IF(F14*U5*24*3600/$AE$3/10^6>$AE$2,$AE$2,F14*U5*24*3600/$AE$3/10^6) -> 44.373266 | V14: =IF(G14*V5*24*3600/$AE$3/10^6>$AE$2,$AE$2,G14*V5*24*3600/$AE$3/10^6) -> 70.688336 | W14: =IF(H14*W5*24*3600/$AE$3/10^6>$AE$2,$AE$2,H14*W5*24*3600/$AE$3/10^6) -> 89.225478 | X14: =IF(I14*X5*24*3600/$AE$3/10^6>$AE$2,$AE$2,I14*X5*24*3600/$AE$3/10^6) -> 137.41435 | ... AB14: =IF(M14*AB5*24*3600/$AE$3/10^6>$AE$2,$AE$2,M14*AB5*24*3600/$AE$3/10^6) -> 107.66759 | AC14: =SUM(Q14:AB14) -> 1057.4299 | AD14: 9 | AE14: ='Theo dõi TV'!J16 -> 317 | AF14: =_xlfn.XLOOKUP(AE14,J$6:J$24,J$6:J$24,,-1,1) -> 314.45 | AG14: =_xlfn.XLOOKUP(AE14,J$6:J$24,J$6:J$24,,1,1) -> 329.8 | AH14: =_xlfn.XLOOKUP(AE14,$J$6:$J$24,$A$6:$A$24,,-1,1) -> 85 | AI14: =_xlfn.XLOOKUP(AE14,$J$6:$J$24,$A$6:$A$24,,1,1) -> 80 | AJ14: =IF(AE14=AF14,AH14,FORECAST(AE14,AH14:AI14,AF14:AG14)) -> 84.169381 | AL14: 9 | AM14: 71 | AN14: =_xlfn.XLOOKUP(AM14,$P$6:$P$24,$P$6:$P$24,,-1,1) -> 70 | AO14: =_xlfn.XLOOKUP(AM14,$P$6:$P$24,$P$6:$P$24,,1,1) -> 75 | AP14: =_xlfn.XLOOKUP(AM14,$P$6:$P$24,$Y$6:$Y$24,,-1,1) -> 138.26638 | AQ14: =_xlfn.XLOOKUP(AM14,$P$6:$P$24,$Y$6:$Y$24,,1,1) -> 134.88253 | AR14: =IF(AM14=AN14,AP14,FORECAST(AM14,AP14:AQ14,AN14:AO14)) -> 137.58961 | AS14: =_xlfn.XLOOKUP(AM14,$A$6:$A$24,$J$6:$J$24,,-1,1) -> 349.4 | AT14: =_xlfn.XLOOKUP(AM14,$A$6:$A$24,$J$6:$J$24,,1,1) -> 340.84898 | AU14: =IF(AM14=AN14,AS14,FORECAST(AM14,AS14:AT14,AN14:AO14)) -> 347.6898
A15: 50 | B15: 126 | C15: 85.7 | D15: 70.9 | E15: 65.2 | F15: 105 | G15: 162.83056 | H15: 216 | I15: 329.96972 | J15: 393 | K15: 452 | L15: 349 | M15: 245 | N15: 245.70833 | P15: 50 | Q15: =IF(B15*Q5*24*3600/$AE$3/10^6>$AE$2,$AE$2,B15*Q5*24*3600/$AE$3/10^6) -> 51.52342 | R15: =IF(C15*R5*24*3600/$AE$3/10^6>$AE$2,$AE$2,C15*R5*24*3600/$AE$3/10^6) -> 32.783194 | S15: =IF(D15*S5*24*3600/$AE$3/10^6>$AE$2,$AE$2,D15*S5*24*3600/$AE$3/10^6) -> 28.992147 | T15: =IF(E15*T5*24*3600/$AE$3/10^6>$AE$2,$AE$2,E15*T5*24*3600/$AE$3/10^6) -> 25.801282 | U15: =IF(F15*U5*24*3600/$AE$3/10^6>$AE$2,$AE$2,F15*U5*24*3600/$AE$3/10^6) -> 42.936183 | V15: =IF(G15*V5*24*3600/$AE$3/10^6>$AE$2,$AE$2,G15*V5*24*3600/$AE$3/10^6) -> 64.436153 | W15: =IF(H15*W5*24*3600/$AE$3/10^6>$AE$2,$AE$2,H15*W5*24*3600/$AE$3/10^6) -> 88.325863 | X15: =IF(I15*X5*24*3600/$AE$3/10^6>$AE$2,$AE$2,I15*X5*24*3600/$AE$3/10^6) -> 134.92991 | ... AB15: =IF(M15*AB5*24*3600/$AE$3/10^6>$AE$2,$AE$2,M15*AB5*24*3600/$AE$3/10^6) -> 100.18443 | AC15: =SUM(Q15:AB15) -> 1016.1877 | AD15: 10 | AE15: ='Theo dõi TV'!J17 -> 355 | AF15: =_xlfn.XLOOKUP(AE15,K$6:K$24,K$6:K$24,,-1,1) -> 347.2 | AG15: =_xlfn.XLOOKUP(AE15,K$6:K$24,K$6:K$24,,1,1) -> 360 | AH15: =_xlfn.XLOOKUP(AE15,$K$6:$K$24,$A$6:$A$24,,-1,1) -> 80 | AI15: =_xlfn.XLOOKUP(AE15,$K$6:$K$24,$A$6:$A$24,,1,1) -> 75 | AJ15: =IF(AE15=AF15,AH15,FORECAST(AE15,AH15:AI15,AF15:AG15)) -> 76.953125 | AL15: 10 | AM15: 72 | AN15: =_xlfn.XLOOKUP(AM15,$P$6:$P$24,$P$6:$P$24,,-1,1) -> 70 | AO15: =_xlfn.XLOOKUP(AM15,$P$6:$P$24,$P$6:$P$24,,1,1) -> 75 | AP15: =_xlfn.XLOOKUP(AM15,$P$6:$P$24,$Z$6:$Z$24,,-1,1) -> 154.08353 | AQ15: =_xlfn.XLOOKUP(AM15,$P$6:$P$24,$Z$6:$Z$24,,1,1) -> 147.20977 | AR15: =IF(AM15=AN15,AP15,FORECAST(AM15,AP15:AQ15,AN15:AO15)) -> 151.33403 | AS15: =_xlfn.XLOOKUP(AM15,$A$6:$A$24,$K$6:$K$24,,-1,1) -> 380.8 | AT15: =_xlfn.XLOOKUP(AM15,$A$6:$A$24,$K$6:$K$24,,1,1) -> 360 | AU15: =IF(AM15=AN15,AS15,FORECAST(AM15,AS15:AT15,AN15:AO15)) -> 372.48
A16: 55 | B16: 117 | C16: 83.64 | D16: 65.84 | E16: 62.57 | F16: 102.57768 | G16: 154 | H16: 207.87342 | I16: 299.83541 | J16: 379.52959 | K16: 448.17702 | L16: 326.40681 | M16: 233.64328 | N16: 223.24583 | P16: 55 | Q16: =IF(B16*Q5*24*3600/$AE$3/10^6>$AE$2,$AE$2,B16*Q5*24*3600/$AE$3/10^6) -> 47.843176 | R16: =IF(C16*R5*24*3600/$AE$3/10^6>$AE$2,$AE$2,C16*R5*24*3600/$AE$3/10^6) -> 31.995173 | S16: =IF(D16*S5*24*3600/$AE$3/10^6>$AE$2,$AE$2,D16*S5*24*3600/$AE$3/10^6) -> 26.923031 | T16: =IF(E16*T5*24*3600/$AE$3/10^6>$AE$2,$AE$2,E16*T5*24*3600/$AE$3/10^6) -> 24.760525 | U16: =IF(F16*U5*24*3600/$AE$3/10^6>$AE$2,$AE$2,F16*U5*24*3600/$AE$3/10^6) -> 41.945656 | V16: =IF(G16*V5*24*3600/$AE$3/10^6>$AE$2,$AE$2,G16*V5*24*3600/$AE$3/10^6) -> 60.941679 | W16: =IF(H16*W5*24*3600/$AE$3/10^6>$AE$2,$AE$2,H16*W5*24*3600/$AE$3/10^6) -> 85.002773 | X16: =IF(I16*X5*24*3600/$AE$3/10^6>$AE$2,$AE$2,I16*X5*24*3600/$AE$3/10^6) -> 122.60751 | ... AB16: =IF(M16*AB5*24*3600/$AE$3/10^6>$AE$2,$AE$2,M16*AB5*24*3600/$AE$3/10^6) -> 95.540482 | AC16: =SUM(Q16:AB16) -> 971.00035 | AD16: 11 | AE16: ='Theo dõi TV'!J18 -> 265 | AF16: =_xlfn.XLOOKUP(AE16,L$6:L$24,L$6:L$24,,-1,1) -> 252.59821 | AG16: =_xlfn.XLOOKUP(AE16,L$6:L$24,L$6:L$24,,1,1) -> 281.2 | AH16: =_xlfn.XLOOKUP(AE16,$L$6:$L$24,$A$6:$A$24,,-1,1) -> 75 | AI16: =_xlfn.XLOOKUP(AE16,$L$6:$L$24,$A$6:$A$24,,1,1) -> 70 | AJ16: =IF(AE16=AF16,AH16,FORECAST(AE16,AH16:AI16,AF16:AG16)) -> 72.83199 | AL16: 11 | AM16: 50 | AN16: =_xlfn.XLOOKUP(AM16,$P$6:$P$24,$P$6:$P$24,,-1,1) -> 50 | AO16: =_xlfn.XLOOKUP(AM16,$P$6:$P$24,$P$6:$P$24,,1,1) -> 50 | AP16: =_xlfn.XLOOKUP(AM16,$P$6:$P$24,$AA$6:$AA$24,,-1,1) -> 138.10809 | AQ16: =_xlfn.XLOOKUP(AM16,$P$6:$P$24,$AA$6:$AA$24,,1,1) -> 138.10809 | AR16: =IF(AM16=AN16,AP16,FORECAST(AM16,AP16:AQ16,AN16:AO16)) -> 138.10809 | AS16: =_xlfn.XLOOKUP(AM16,$A$6:$A$24,$L$6:$L$24,,-1,1) -> 349 | AT16: =_xlfn.XLOOKUP(AM16,$A$6:$A$24,$L$6:$L$24,,1,1) -> 349 | AU16: =IF(AM16=AN16,AS16,FORECAST(AM16,AS16:AT16,AN16:AO16)) -> 349
A17: 60 | B17: 114.8 | C17: 79.169629 | D17: 63.82 | E17: 60.959444 | F17: 99.203978 | G17: 152.34969 | H17: 207.01947 | I17: 282.2746 | J17: 371.67278 | K17: 424.97431 | L17: 318.6 | M17: 206.22748 | N17: 217.76167 | P17: 60 | Q17: =IF(B17*Q5*24*3600/$AE$3/10^6>$AE$2,$AE$2,B17*Q5*24*3600/$AE$3/10^6) -> 46.94356 | R17: =IF(C17*R5*24*3600/$AE$3/10^6>$AE$2,$AE$2,C17*R5*24*3600/$AE$3/10^6) -> 30.285103 | S17: =IF(D17*S5*24*3600/$AE$3/10^6>$AE$2,$AE$2,D17*S5*24*3600/$AE$3/10^6) -> 26.097021 | T17: =IF(E17*T5*24*3600/$AE$3/10^6>$AE$2,$AE$2,E17*T5*24*3600/$AE$3/10^6) -> 24.123188 | U17: =IF(F17*U5*24*3600/$AE$3/10^6>$AE$2,$AE$2,F17*U5*24*3600/$AE$3/10^6) -> 40.566097 | V17: =IF(G17*V5*24*3600/$AE$3/10^6>$AE$2,$AE$2,G17*V5*24*3600/$AE$3/10^6) -> 60.288608 | W17: =IF(H17*W5*24*3600/$AE$3/10^6>$AE$2,$AE$2,H17*W5*24*3600/$AE$3/10^6) -> 84.65358 | X17: =IF(I17*X5*24*3600/$AE$3/10^6>$AE$2,$AE$2,I17*X5*24*3600/$AE$3/10^6) -> 115.42661 | ... AB17: =IF(M17*AB5*24*3600/$AE$3/10^6>$AE$2,$AE$2,M17*AB5*24*3600/$AE$3/10^6) -> 84.329722 | AC17: =SUM(Q17:AB17) -> 939.95535 | AD17: 12 | AE17: ='Theo dõi TV'!J19 -> 200 | AF17: =_xlfn.XLOOKUP(AE17,M$6:M$24,M$6:M$24,,-1,1) -> 198.4 | AG17: =_xlfn.XLOOKUP(AE17,M$6:M$24,M$6:M$24,,1,1) -> 206.22748 | AH17: =_xlfn.XLOOKUP(AE17,M$6:M$24,$A$6:$A$24,,-1,1) -> 65 | AI17: =_xlfn.XLOOKUP(AE17,M$6:M$24,$A$6:$A$24,,1,1) -> 60 | AJ17: =IF(AE17=AF17,AH17,FORECAST(AE17,AH17:AI17,AF17:AG17)) -> 63.97796 | AL17: 12 | AM17: 46 | AN17: =_xlfn.XLOOKUP(AM17,$P$6:$P$24,$P$6:$P$24,,-1,1) -> 45 | AO17: =_xlfn.XLOOKUP(AM17,$P$6:$P$24,$P$6:$P$24,,1,1) -> 50 | AP17: =_xlfn.XLOOKUP(AM17,$P$6:$P$24,$AB$6:$AB$24,,-1,1) -> 107.66759 | AQ17: =_xlfn.XLOOKUP(AM17,$P$6:$P$24,$AB$6:$AB$24,,1,1) -> 100.18443 | AR17: =IF(AM17=AN17,AP17,FORECAST(AM17,AP17:AQ17,AN17:AO17)) -> 106.17096 | AS17: =_xlfn.XLOOKUP(AM17,$A$6:$A$24,$M$6:$M$24,,-1,1) -> 263.3 | AT17: =_xlfn.XLOOKUP(AM17,$A$6:$A$24,$M$6:$M$24,,1,1) -> 245 | AU17: =IF(AM17=AN17,AS17,FORECAST(AM17,AS17:AT17,AN17:AO17)) -> 259.64
A18: 65 | B18: 113.1 | C18: 77.48 | D18: 58.871741 | E18: 59.669796 | F18: 90.81 | G18: 150.98719 | H18: 203 | I18: 262.80163 | J18: 359.94674 | K18: 392 | L18: 305.8 | M18: 198.4 | N18: 213.81208 | P18: 65 | Q18: =IF(B18*Q5*24*3600/$AE$3/10^6>$AE$2,$AE$2,B18*Q5*24*3600/$AE$3/10^6) -> 46.248403 | R18: =IF(C18*R5*24*3600/$AE$3/10^6>$AE$2,$AE$2,C18*R5*24*3600/$AE$3/10^6) -> 29.638762 | S18: =IF(D18*S5*24*3600/$AE$3/10^6>$AE$2,$AE$2,D18*S5*24*3600/$AE$3/10^6) -> 24.073598 | T18: =IF(E18*T5*24*3600/$AE$3/10^6>$AE$2,$AE$2,E18*T5*24*3600/$AE$3/10^6) -> 23.612841 | U18: =IF(F18*U5*24*3600/$AE$3/10^6>$AE$2,$AE$2,F18*U5*24*3600/$AE$3/10^6) -> 37.133665 | V18: =IF(G18*V5*24*3600/$AE$3/10^6>$AE$2,$AE$2,G18*V5*24*3600/$AE$3/10^6) -> 59.749434 | W18: =IF(H18*W5*24*3600/$AE$3/10^6>$AE$2,$AE$2,H18*W5*24*3600/$AE$3/10^6) -> 83.009954 | X18: =IF(I18*X5*24*3600/$AE$3/10^6>$AE$2,$AE$2,I18*X5*24*3600/$AE$3/10^6) -> 107.4638 | ... AB18: =IF(M18*AB5*24*3600/$AE$3/10^6>$AE$2,$AE$2,M18*AB5*24*3600/$AE$3/10^6) -> 81.12894 | AC18: =SUM(Q18:AB18) -> 909.59568 | AM18: Vào | AR18: Ra
A19: 70 | B19: 112 | C19: 73.26 | D19: 54.2 | E19: 54.38 | F19: 82.093419 | G19: 141.2 | H19: 197.394 | I19: 238.8 | J19: 349.4 | K19: 380.8 | L19: 281.2 | M19: 185.43 | N19: 205.1636 | P19: 70 | Q19: =IF(B19*Q5*24*3600/$AE$3/10^6>$AE$2,$AE$2,B19*Q5*24*3600/$AE$3/10^6) -> 45.798595 | R19: =IF(C19*R5*24*3600/$AE$3/10^6>$AE$2,$AE$2,C19*R5*24*3600/$AE$3/10^6) -> 28.024467 | S19: =IF(D19*S5*24*3600/$AE$3/10^6>$AE$2,$AE$2,D19*S5*24*3600/$AE$3/10^6) -> 22.163249 | T19: =IF(E19*T5*24*3600/$AE$3/10^6>$AE$2,$AE$2,E19*T5*24*3600/$AE$3/10^6) -> 21.519536 | U19: =IF(F19*U5*24*3600/$AE$3/10^6>$AE$2,$AE$2,F19*U5*24*3600/$AE$3/10^6) -> 33.569315 | V19: =IF(G19*V5*24*3600/$AE$3/10^6>$AE$2,$AE$2,G19*V5*24*3600/$AE$3/10^6) -> 55.876397 | W19: =IF(H19*W5*24*3600/$AE$3/10^6>$AE$2,$AE$2,H19*W5*24*3600/$AE$3/10^6) -> 80.717569 | X19: =IF(I19*X5*24*3600/$AE$3/10^6>$AE$2,$AE$2,I19*X5*24*3600/$AE$3/10^6) -> 97.649148 | ... AB19: =IF(M19*AB5*24*3600/$AE$3/10^6>$AE$2,$AE$2,M19*AB5*24*3600/$AE$3/10^6) -> 75.825301 | AC19: =SUM(Q19:AB19) -> 864.77142
A20: 75 | B20: 105.03419 | C20: 65.59375 | D20: 53.4 | E20: 51.9 | F20: 75.85 | G20: 134.231 | H20: 185.78629 | I20: 233.60978 | J20: 340.84898 | K20: 360 | L20: 252.59821 | M20: 167.5 | N20: 201.91902 | P20: 75 | Q20: =IF(B20*$Q$5*24*3600/$AE$3/10^6>$AE$2,$AE$2,B20*$Q$5*24*3600/$AE$3/10^6) -> 42.950165 | R20: =IF(C20*$R$5*24*3600/$AE$3/10^6>$AE$2,$AE$2,C20*$R$5*24*3600/$AE$3/10^6) -> 25.091863 | S20: =IF(D20*$S$5*24*3600/$AE$3/10^6>$AE$2,$AE$2,D20*$S$5*24*3600/$AE$3/10^6) -> 21.836116 | T20: =IF(E20*$T$5*24*3600/$AE$3/10^6>$AE$2,$AE$2,E20*$T$5*24*3600/$AE$3/10^6) -> 20.538137 | U20: =IF(F20*$U$5*24*3600/$AE$3/10^6>$AE$2,$AE$2,F20*$U$5*24*3600/$AE$3/10^6) -> 31.016281 | V20: =IF(G20*$V$5*24*3600/$AE$3/10^6>$AE$2,$AE$2,G20*$V$5*24*3600/$AE$3/10^6) -> 53.118588 | W20: =IF(H20*$W$5*24*3600/$AE$3/10^6>$AE$2,$AE$2,H20*$W$5*24*3600/$AE$3/10^6) -> 75.970992 | X20: =IF(I20*$X$5*24*3600/$AE$3/10^6>$AE$2,$AE$2,I20*$X$5*24*3600/$AE$3/10^6) -> 95.526782 | Y20: =IF(J20*$Y$5*24*3600/$AE$3/10^6>$AE$2,$AE$2,J20*$Y$5*24*3600/$AE$3/10^6) -> 134.88253 | Z20: =IF(K20*$Z$5*24*3600/$AE$3/10^6>$AE$2,$AE$2,K20*$Z$5*24*3600/$AE$3/10^6) -> 147.20977 | AA20: =IF(L20*$AA$5*24*3600/$AE$3/10^6>$AE$2,$AE$2,L20*$AA$5*24*3600/$AE$3/10^6) -> 99.959473 | AB20: =IF(M20*$AB$5*24*3600/$AE$3/10^6>$AE$2,$AE$2,M20*$AB$5*24*3600/$AE$3/10^6) -> 68.493435 | AC20: =SUM(Q20:AB20) -> 816.59413
A21: 80 | B21: 98.032033 | C21: 63.18 | D21: 48.58 | E21: 50.78 | F21: 72.492993 | G21: 125.92147 | H21: 170.2 | I21: 232.4 | J21: 329.8 | K21: 347.2 | L21: 234.4 | M21: 158.09752 | N21: 199.94508 | P21: 80 | Q21: =IF(B21*$Q$5*24*3600/$AE$3/10^6>$AE$2,$AE$2,B21*$Q$5*24*3600/$AE$3/10^6) -> 40.08687 | R21: =IF(C21*$R$5*24*3600/$AE$3/10^6>$AE$2,$AE$2,C21*$R$5*24*3600/$AE$3/10^6) -> 24.16852 | S21: =IF(D21*$S$5*24*3600/$AE$3/10^6>$AE$2,$AE$2,D21*$S$5*24*3600/$AE$3/10^6) -> 19.865141 | T21: =IF(E21*$T$5*24*3600/$AE$3/10^6>$AE$2,$AE$2,E21*$T$5*24*3600/$AE$3/10^6) -> 20.094925 | U21: =IF(F21*$U$5*24*3600/$AE$3/10^6>$AE$2,$AE$2,F21*$U$5*24*3600/$AE$3/10^6) -> 29.643547 | V21: =IF(G21*$V$5*24*3600/$AE$3/10^6>$AE$2,$AE$2,G21*$V$5*24*3600/$AE$3/10^6) -> 49.830298 | W21: =IF(H21*$W$5*24*3600/$AE$3/10^6>$AE$2,$AE$2,H21*$W$5*24*3600/$AE$3/10^6) -> 69.597508 | X21: =IF(I21*$X$5*24*3600/$AE$3/10^6>$AE$2,$AE$2,I21*$X$5*24*3600/$AE$3/10^6) -> 95.032085 | Y21: =IF(J21*$Y$5*24*3600/$AE$3/10^6>$AE$2,$AE$2,J21*$Y$5*24*3600/$AE$3/10^6) -> 130.51017 | Z21: =IF(K21*$Z$5*24*3600/$AE$3/10^6>$AE$2,$AE$2,K21*$Z$5*24*3600/$AE$3/10^6) -> 141.97565 | AA21: =IF(L21*$AA$5*24*3600/$AE$3/10^6>$AE$2,$AE$2,L21*$AA$5*24*3600/$AE$3/10^6) -> 92.757985 | AB21: =IF(M21*$AB$5*24*3600/$AE$3/10^6>$AE$2,$AE$2,M21*$AB$5*24*3600/$AE$3/10^6) -> 64.648611 | AC21: =SUM(Q21:AB21) -> 778.2113
A22: 85 | B22: 89.406074 | C22: 57.06913 | D22: 44.165 | E22: 44.97 | F22: 69.04 | G22: 103.57222 | H22: 157.22488 | I22: 214.3 | J22: 314.45 | K22: 327.37758 | L22: 208.5 | M22: 133.58057 | N22: 189.845 | P22: 85 | Q22: =IF(B22*$Q$5*24*3600/$AE$3/10^6>$AE$2,$AE$2,B22*$Q$5*24*3600/$AE$3/10^6) -> 36.559577 | R22: =IF(C22*$R$5*24*3600/$AE$3/10^6>$AE$2,$AE$2,C22*$R$5*24*3600/$AE$3/10^6) -> 21.830903 | S22: =IF(D22*$S$5*24*3600/$AE$3/10^6>$AE$2,$AE$2,D22*$S$5*24*3600/$AE$3/10^6) -> 18.059776 | T22: =IF(E22*$T$5*24*3600/$AE$3/10^6>$AE$2,$AE$2,E22*$T$5*24*3600/$AE$3/10^6) -> 17.795762 | U22: =IF(F22*$U$5*24*3600/$AE$3/10^6>$AE$2,$AE$2,F22*$U$5*24*3600/$AE$3/10^6) -> 28.231563 | V22: =IF(G22*$V$5*24*3600/$AE$3/10^6>$AE$2,$AE$2,G22*$V$5*24*3600/$AE$3/10^6) -> 40.986137 | W22: =IF(H22*$W$5*24*3600/$AE$3/10^6>$AE$2,$AE$2,H22*$W$5*24*3600/$AE$3/10^6) -> 64.291775 | X22: =IF(I22*$X$5*24*3600/$AE$3/10^6>$AE$2,$AE$2,I22*$X$5*24*3600/$AE$3/10^6) -> 87.630705 | Y22: =IF(J22*$Y$5*24*3600/$AE$3/10^6>$AE$2,$AE$2,J22*$Y$5*24*3600/$AE$3/10^6) -> 124.43579 | Z22: =IF(K22*$Z$5*24*3600/$AE$3/10^6>$AE$2,$AE$2,K22*$Z$5*24*3600/$AE$3/10^6) -> 133.86994 | AA22: =IF(L22*$AA$5*24*3600/$AE$3/10^6>$AE$2,$AE$2,L22*$AA$5*24*3600/$AE$3/10^6) -> 82.508702 | AB22: =IF(M22*$AB$5*24*3600/$AE$3/10^6>$AE$2,$AE$2,M22*$AB$5*24*3600/$AE$3/10^6) -> 54.623235 | AC22: =SUM(Q22:AB22) -> 710.82386
A23: 90 | B23: 83.98 | C23: 54.01 | D23: 42.84 | E23: 40.58 | F23: 62.65 | G23: 93.45 | H23: 135.2 | I23: 202.82437 | J23: 240.4 | K23: 304.40139 | L23: 187 | M23: 117.7709 | N23: 184.78333 | P23: 90 | Q23: =IF(B23*$Q$5*24*3600/$AE$3/10^6>$AE$2,$AE$2,B23*$Q$5*24*3600/$AE$3/10^6) -> 34.340768 | R23: =IF(C23*$R$5*24*3600/$AE$3/10^6>$AE$2,$AE$2,C23*$R$5*24*3600/$AE$3/10^6) -> 20.66068 | S23: =IF(D23*$S$5*24*3600/$AE$3/10^6>$AE$2,$AE$2,D23*$S$5*24*3600/$AE$3/10^6) -> 17.517963 | T23: =IF(E23*$T$5*24*3600/$AE$3/10^6>$AE$2,$AE$2,E23*$T$5*24*3600/$AE$3/10^6) -> 16.058528 | U23: =IF(F23*$U$5*24*3600/$AE$3/10^6>$AE$2,$AE$2,F23*$U$5*24*3600/$AE$3/10^6) -> 25.618589 | V23: =IF(G23*$V$5*24*3600/$AE$3/10^6>$AE$2,$AE$2,G23*$V$5*24*3600/$AE$3/10^6) -> 36.980519 | W23: =IF(H23*$W$5*24*3600/$AE$3/10^6>$AE$2,$AE$2,H23*$W$5*24*3600/$AE$3/10^6) -> 55.285447 | X23: =IF(I23*$X$5*24*3600/$AE$3/10^6>$AE$2,$AE$2,I23*$X$5*24*3600/$AE$3/10^6) -> 82.938134 | Y23: =IF(J23*$Y$5*24*3600/$AE$3/10^6>$AE$2,$AE$2,J23*$Y$5*24*3600/$AE$3/10^6) -> 95.132336 | Z23: =IF(K23*$Z$5*24*3600/$AE$3/10^6>$AE$2,$AE$2,K23*$Z$5*24*3600/$AE$3/10^6) -> 124.47461 | AA23: =IF(L23*$AA$5*24*3600/$AE$3/10^6>$AE$2,$AE$2,L23*$AA$5*24*3600/$AE$3/10^6) -> 74.000611 | AB23: =IF(M23*$AB$5*24*3600/$AE$3/10^6>$AE$2,$AE$2,M23*$AB$5*24*3600/$AE$3/10^6) -> 48.158409 | AC23: =SUM(Q23:AB23) -> 631.16659
A24: 95 | B24: 72.715 | C24: 47.695 | D24: 37.79 | E24: 32.645 | F24: 59.029919 | G24: 84.58 | H24: 124.1 | I24: 189.95234 | J24: 228.02847 | K24: 267.11478 | L24: 150.46762 | M24: 105.2 | N24: 147.8025 | P24: 95 | Q24: =IF(B24*$Q$5*24*3600/$AE$3/10^6>$AE$2,$AE$2,B24*$Q$5*24*3600/$AE$3/10^6) -> 29.734329 | R24: =IF(C24*$R$5*24*3600/$AE$3/10^6>$AE$2,$AE$2,C24*$R$5*24*3600/$AE$3/10^6) -> 18.244976 | S24: =IF(D24*$S$5*24*3600/$AE$3/10^6>$AE$2,$AE$2,D24*$S$5*24*3600/$AE$3/10^6) -> 15.452937 | T24: =IF(E24*$T$5*24*3600/$AE$3/10^6>$AE$2,$AE$2,E24*$T$5*24*3600/$AE$3/10^6) -> 12.918449 | U24: =IF(F24*$U$5*24*3600/$AE$3/10^6>$AE$2,$AE$2,F24*$U$5*24*3600/$AE$3/10^6) -> 24.13828 | V24: =IF(G24*$V$5*24*3600/$AE$3/10^6>$AE$2,$AE$2,G24*$V$5*24*3600/$AE$3/10^6) -> 33.470437 | W24: =IF(H24*$W$5*24*3600/$AE$3/10^6>$AE$2,$AE$2,H24*$W$5*24*3600/$AE$3/10^6) -> 50.746479 | X24: =IF(I24*$X$5*24*3600/$AE$3/10^6>$AE$2,$AE$2,I24*$X$5*24*3600/$AE$3/10^6) -> 77.674555 | Y24: =IF(J24*$Y$5*24*3600/$AE$3/10^6>$AE$2,$AE$2,J24*$Y$5*24*3600/$AE$3/10^6) -> 90.236609 | Z24: =IF(K24*$Z$5*24*3600/$AE$3/10^6>$AE$2,$AE$2,K24*$Z$5*24*3600/$AE$3/10^6) -> 109.22752 | AA24: =IF(L24*$AA$5*24*3600/$AE$3/10^6>$AE$2,$AE$2,L24*$AA$5*24*3600/$AE$3/10^6) -> 59.543826 | AB24: =IF(M24*$AB$5*24*3600/$AE$3/10^6>$AE$2,$AE$2,M24*$AB$5*24*3600/$AE$3/10^6) -> 43.017966 | AC24: =SUM(Q24:AB24) -> 564.40636
A25: Ghi chú: Số liệu cập nhật từ 1977 đến tháng 9 năm 2024

Sheet ThK SL điện
A1: BẢNG THỐNG KÊ SẢN LƯỢNG: TRUNG BÌNH NHIỀU NĂM, KẾ HOẠCH, HỢP ĐỒNG, THỰC HIỆN TỪ 2009 | Q1: TỔNG HỢP SẢN LƯỢNG CHỐT
A2: Năm | B2: Nhà máy | C2: Nội dung | D2: Tháng 1 | E2: Tháng 2 | F2: Tháng 3 | G2: Tháng 4 | H2: Tháng 5 | I2: Tháng 6 | J2: Tháng 7 | K2: Tháng 8 | L2: Tháng 9 | M2: Tháng 10 | N2: Tháng 11 | O2: Tháng 12 | P2: Tổng | Q2: Tháng/Năm | R2: SẢN LƯỢNG CÔNG TY (kWh) | T2: SẢN LƯỢNG CÁC NHÀ MÁY (kWh) | Z2: SẢN LƯỢNG CÁC NHÀ MÁY (kWh) | AH2: SẢN LƯỢNG CÁC NHÀ MÁY (kWh) | AP2: SẢN LƯỢNG CÁC NHÀ MÁY (kWh) | AX2: SẢN LƯỢNG CÁC NHÀ MÁY (kWh) | BF2: SẢN LƯỢNG CÁC NHÀ MÁY (kWh) | BN2: SẢN LƯỢNG CÁC NHÀ MÁY (kWh) | BV2: SẢN LƯỢNG CÁC NHÀ MÁY (kWh) | CD2: SẢN LƯỢNG CÁC NHÀ MÁY (kWh) | CL2: SẢN LƯỢNG CÁC NHÀ MÁY (kWh) | CT2: SẢN LƯỢNG CÁC NHÀ MÁY (kWh) | DB2: SẢN LƯỢNG CÁC NHÀ MÁY (kWh) | DJ2: SẢN LƯỢNG CÁC NHÀ MÁY (kWh) | DR2: SẢN LƯỢNG CÁC NHÀ MÁY (kWh) | DZ2: SẢN LƯỢNG CÁC NHÀ MÁY (kWh) | EH2: SẢN LƯỢNG CÁC NHÀ MÁY (kWh)
A3: Trung bình 5 năm từ 2017-2021 | B3: Buôn Tua Srah | C3: SL KH | D3: 20.0126 | E3: 19.137 | F3: 21.2548 | G3: 20.6118 | H3: 19.58 | I3: 18.25 | J3: 21.4898 | K3: 25.6084 | L3: 33.0522 | M3: 33.1784 | N3: 25.6878 | O3: 23.1956 | P3: 281.0584 | R3: TỔNG SẢN LƯỢNG CTY | T3: TỔNG LŨY KẾ SẢN LƯỢNG CÁC NHÀ MÁY TỪ KHI VẬN HÀNH | Z3: 2009 | AH3: 2010 | AP3: 2011 | AX3: 2012 | BF3: 2013 | BN3: 2014 | BV3: 2015 | CD3: 2016 | CL3: 2017 | CT3: 2018 | DB3: 2019 | DJ3: 2020 | DR3: 2021 | DZ3: 2022 | EH3: 2023
C4: SL thực phát | D4: 27.482866 | E4: 23.397729 | F4: 27.82617 | G4: 21.379953 | H4: 18.641405 | I4: 20.56332 | J4: 22.057918 | K4: 34.978115 | L4: 41.851066 | M4: 44.399088 | N4: 45.931952 | O4: 35.95866 | P4: 364.46824 | R4: Công ty | T4: Buôn Kuốp | V4: Buôn Tua Srah | X4: Srêpốk 3 | Z4: Tổng | AB4: Buôn Tua Srah | AD4: Srêpốk 3 | AF4: Tổng | AH4: Buôn Kuốp | AJ4: Buôn Tua Srah | AL4: Srêpốk 3 | AN4: Tổng | AP4: Buôn Kuốp | AR4: Buôn Tua Srah | AT4: Srêpốk 3 | AV4: Tổng | AX4: Buôn Kuốp | AZ4: Buôn Tua Srah | BB4: Srêpốk 3 | BD4: Tổng | BF4: Buôn Kuốp | BH4: Buôn Tua Srah | BJ4: Srêpốk 3 | BL4: Tổng | BN4: Buôn Kuốp | BP4: Buôn Tua Srah | BR4: Srêpốk 3 | BT4: Tổng | BV4: Buôn Kuốp | BX4: Buôn Tua Srah | BZ4: Srêpốk 3 | CB4: Tổng | CD4: Buôn Kuốp | CF4: Buôn Tua Srah | CH4: Srêpốk 3 | CJ4: Tổng | CL4: Buôn Kuốp | CN4: Buôn Tua Srah | CP4: Srêpốk 3 | CR4: Tổng | CT4: Buôn Kuốp | CV4: Buôn Tua Srah | CX4: Srêpốk 3 | CZ4: Tổng | DB4: Buôn Kuốp | DD4: Buôn Tua Srah | DF4: Srêpốk 3 | DH4: Tổng | DJ4: Buôn Kuốp | DL4: Buôn Tua Srah | DN4: Srêpốk 3 | DP4: Tổng | DR4: Buôn Kuốp | DT4: Buôn Tua Srah | DV4: Srêpốk 3 | DX4: Tổng | DZ4: Buôn Kuốp | EB4: Buôn Tua Srah | ED4: Srêpốk 3 | EF4: Tổng | EH4: Buôn Kuốp | EJ4: Buôn Tua Srah | EL4: Srêpốk 3 | EN4: Tổng
C5: SL thương phẩm | D5: 27.341013 | E5: 23.280361 | F5: 27.68763 | G5: 21.267893 | H5: 18.544206 | I5: 20.448434 | J5: 21.947104 | K5: 34.805095 | L5: 41.643703 | M5: 44.172943 | N5: 45.702963 | O5: 35.782625 | P5: 362.62397 | R5: Đầu cực | S5: Giao nhận | T5: Đầu cực | U5: Giao nhận | V5: Đầu cực | W5: Giao nhận | X5: Đầu cực | Y5: Giao nhận | Z5: Đầu cực | AA5: Giao nhận | AB5: Đầu cực | AC5: Giao nhận | AD5: Đầu cực | AE5: Giao nhận | AF5: Đầu cực | AG5: Giao nhận | AH5: Đầu cực | AI5: Giao nhận | AJ5: Đầu cực | AK5: Giao nhận | AL5: Đầu cực | AM5: Giao nhận | AN5: Đầu cực | AO5: Giao nhận | AP5: Đầu cực | AQ5: Giao nhận | AR5: Đầu cực | AS5: Giao nhận | AT5: Đầu cực | AU5: Giao nhận | AV5: Đầu cực | AW5: Giao nhận | AX5: Đầu cực | AY5: Giao nhận | AZ5: Đầu cực | BA5: Giao nhận | BB5: Đầu cực | BC5: Giao nhận | BD5: Đầu cực | BE5: Giao nhận | BF5: Đầu cực | BG5: Giao nhận | BH5: Đầu cực | BI5: Giao nhận | BJ5: Đầu cực | BK5: Giao nhận | BL5: Đầu cực | BM5: Giao nhận | BN5: Đầu cực | BO5: Giao nhận | BP5: Đầu cực | BQ5: Giao nhận | BR5: Đầu cực | BS5: Giao nhận | BT5: Đầu cực | BU5: Giao nhận | BV5: Đầu cực | BW5: Giao nhận | BX5: Đầu cực | BY5: Giao nhận | BZ5: Đầu cực | CA5: Giao nhận | CB5: Đầu cực | CC5: Giao nhận | CD5: Đầu cực | CE5: Giao nhận | CF5: Đầu cực | CG5: Giao nhận | CH5: Đầu cực | CI5: Giao nhận | CJ5: Đầu cực | CK5: Giao nhận | CL5: Đầu cực | CM5: Giao nhận | CN5: Đầu cực | CO5: Giao nhận | CP5: Đầu cực | CQ5: Giao nhận | CR5: Đầu cực | CS5: Giao nhận | CT5: Đầu cực | CU5: Giao nhận | CV5: Đầu cực | CW5: Giao nhận | CX5: Đầu cực | CY5: Giao nhận | CZ5: Đầu cực | DA5: Giao nhận | DB5: Đầu cực | DC5: Giao nhận | DD5: Đầu cực | DE5: Giao nhận | DF5: Đầu cực | DG5: Giao nhận | DH5: Đầu cực | DI5: Giao nhận | DJ5: Đầu cực | DK5: Giao nhận | DL5: Đầu cực | DM5: Giao nhận | DN5: Đầu cực | DO5: Giao nhận | DP5: Đầu cực | DQ5: Giao nhận | DR5: Đầu cực | DS5: Giao nhận | DT5: Đầu cực | DU5: Giao nhận | DV5: Đầu cực | DW5: Giao nhận | DX5: Đầu cực | DY5: Giao nhận | DZ5: Đầu cực | EA5: Giao nhận | EB5: Đầu cực | EC5: Giao nhận | ED5: Đầu cực | EE5: Giao nhận | EF5: Đầu cực | EG5: Giao nhận | EH5: Đầu cực | EI5: Giao nhận | EJ5: Đầu cực | EK5: Giao nhận | EL5: Đầu cực | EM5: Giao nhận | EN5: Đầu cực | EO5: Giao nhận
C6: Qc | D6: 16.608 | E6: 16 | F6: 17.714 | G6: 17.154 | H6: 17.388 | I6: 17.968 | J6: 17.066 | K6: 21.248 | L6: 27.622 | M6: 27.704 | N6: 21.364 | O6: 19.428 | P6: 237.264 | Q6: Tháng 1 | R6: 1538941432 | S6: 1530842003 | T6: 779914445 | U6: 777779752 | V6: 2.1432995e+08 | W6: 2.1300708e+08 | X6: 5.4469704e+08 | Y6: 5.4005517e+08 | AF6: 0 | AG6: 0 | AH6: 48846100 | AI6: 48679800 | AJ6: 11790870 | AK6: 11715000 | AN6: 60636970 | AO6: 60394800 | AP6: 67007400 | AQ6: 66611026 | AR6: 20360220 | AS6: 20189000 | AT6: 45438944 | AU6: 45041160 | AV6: 1.3280656e+08 | AW6: 1.3184119e+08 | AX6: 72359700 | AY6: 72043400 | AZ6: 17593200 | BA6: 17474000 | BB6: 59674320 | BC6: 59165200 | BD6: 1.4962722e+08 | BE6: 1.486826e+08 | BF6: 40030200 | BG6: 40018500 | BH6: 14871200 | BI6: 14772700 | BJ6: 29393100 | BK6: 29141300 | BL6: 84294500 | BM6: 83932500 | BN6: 57855300 | BO6: 57575500 | BP6: 25793000 | BQ6: 25629100 | BR6: 42385600 | BS6: 41998000 | BT6: 1.260339e+08 | BU6: 1.252026e+08 | BV6: 49948200 | BW6: 49864900 | BX6: 19655700 | BY6: 19536700 | BZ6: 42550300 | CA6: 42233400 | CB6: 1.121542e+08 | CC6: 1.11635e+08 | CD6: 44561900 | CE6: 44488200 | CF6: 20582000 | CG6: 20465200 | CH6: 40519900 | CI6: 40170000 | CJ6: 1.056638e+08 | CK6: 1.051234e+08 | CL6: 147317770 | CM6: 146843152 | CN6: 31364886 | CO6: 31176950 | CP6: 1.0860763e+08 | CQ6: 1.0766069e+08 | CR6: 2.8729029e+08 | CS6: 2.8568079e+08 | CT6: 1.2576103e+08 | CU6: 1.2546058e+08 | CV6: 29766293 | CW6: 29599118 | CX6: 84546729 | CY6: 83814541 | CZ6: 2.4007405e+08 | DA6: 2.3887424e+08 | DB6: 1.2622684e+08 | DC6: 1.2619469e+08 | DD6: 22552582 | DE6: 22449312 | DF6: 91580513 | DG6: 90830881 | DH6: 2.4035994e+08 | DI6: 2.3947489e+08 | DJ6: 52160717 | DK6: 52084590 | DL6: 24566247 | DM6: 24451523 | DN6: 41345302 | DO6: 41037937 | DP6: 1.1807227e+08 | DQ6: 1.1757405e+08 | DR6: 1.1036861e+08 | DS6: 110135586 | DT6: 29164322 | DU6: 29028160 | DV6: 84770698 | DW6: 84092423 | DX6: 2.2430363e+08 | DY6: 223256169 | DZ6: 1.2250594e+08 | EA6: 121679178 | EB6: 33846495 | EC6: 33668198 | ED6: 88530286 | EE6: 87817036 | EF6: =DZ6+EB6+ED6 -> 2.4488273e+08 | EG6: =EA6+EC6+EE6 -> 2.4316441e+08 | EH6: 1.1313543e+08 | EI6: 112590896 | EJ6: 26196023 | EK6: 26066858 | EL6: 77740175 | EM6: 77199717 | EN6: =EH6+EJ6+EL6 -> 2.1707163e+08 | EO6: =EI6+EK6+EM6 -> 2.1585747e+08
B7: Buôn Kuốp | C7: SL KH | D7: 65.3288 | E7: 47.0694 | F7: 52.3378 | G7: 52.5404 | H7: 61.3342 | I7: 81.8238 | J7: 110.5938 | K7: 114.1812 | L7: 148.3766 | M7: 181.5118 | N7: 153.8528 | O7: 116.4276 | P7: 1185.3782 | Q7: Tháng 2 | R7: 9.6575519e+08 | S7: 9.6039743e+08 | T7: 4.3244521e+08 | U7: 4.311475e+08 | V7: 1.8716751e+08 | W7: 1.8602611e+08 | X7: 3.4614247e+08 | Y7: 3.4322382e+08 | AF7: 0 | AG7: 0 | AH7: 27393000 | AI7: 27294300 | AJ7: 12670630 | AK7: 12585500 | AN7: 40063630 | AO7: 39879800 | AP7: 33693700 | AQ7: 33573300 | AR7: 13233500 | AS7: 13135500 | AT7: 38327630 | AU7: 37992100 | AV7: 85254830 | AW7: 84700900 | AX7: 54996000 | AY7: 54739400 | AZ7: 24945170 | BA7: 24776800 | BB7: 45210730 | BC7: 44819700 | BD7: 1.251519e+08 | BE7: 124335900 | BF7: 19726500 | BG7: 19641800 | BH7: 12562000 | BI7: 12476200 | BJ7: 19736500 | BK7: 19542500 | BL7: 52025000 | BM7: 51660500 | BN7: 47695400 | BO7: 47647300 | BP7: 25095700 | BQ7: 24934500 | BR7: 40999900 | BS7: 40644200 | BT7: 1.13791e+08 | BU7: 113226000 | BV7: 28301700 | BW7: 28140100 | BX7: 16195400 | BY7: 16095600 | BZ7: 28215900 | CA7: 27977000 | CB7: 72713000 | CC7: 72212700 | CD7: 24298100 | CE7: 24290700 | CF7: 14816300 | CG7: 14733400 | CH7: 25088400 | CI7: 24871000 | CJ7: 64202800 | CK7: 63895100 | CL7: 84774965 | CM7: 84469192 | CN7: 21604490 | CO7: 21483000 | CP7: 60113166 | CQ7: 59618738 | CR7: 1.6649262e+08 | CS7: 1.6557093e+08 | CT7: 63206233 | CU7: 63059542 | CV7: 25200817 | CW7: 25058072 | CX7: 51033551 | CY7: 50647441 | CZ7: 1.394406e+08 | DA7: 1.3876505e+08 | DB7: 48359608 | DC7: 48291868 | DD7: 20843499 | DE7: 20747537 | DF7: 37416698 | DG7: 37111139 | DH7: 1.066198e+08 | DI7: 1.0615054e+08 | DJ7: 38226069 | DK7: 38112570 | DL7: 22680795 | DM7: 22578735 | DN7: 31129698 | DO7: 30819436 | DP7: 92036562 | DQ7: 91510741 | DR7: 61981315 | DS7: 61901090 | DT7: 26659042 | DU7: 26534463 | DV7: 51779504 | DW7: 51320100 | DX7: 1.4041986e+08 | DY7: 1.3975565e+08 | DZ7: 66919391 | EA7: 66510425 | EB7: 26111035 | EC7: 25973263 | ED7: 51253605 | EE7: 50799456 | EF7: =DZ7+EB7+ED7 -> 1.4428403e+08 | EG7: =EA7+EC7+EE7 -> 1.4328314e+08 | EH7: 71298942 | EI7: 71061832 | EJ7: 28209338 | EK7: 28069399 | EL7: 56724159 | EM7: 56287528 | EN7: =EH7+EJ7+EL7 -> 1.5623244e+08 | EO7: =EI7+EK7+EM7 -> 155418759
C8: SL thực phát | D8: 112.36699 | E8: 59.309638 | F8: 57.871553 | G8: 51.016387 | H8: 66.328962 | I8: 88.27615 | J8: 103.10117 | K8: 148.31811 | L8: 173.37959 | M8: 171.34023 | N8: 165.82566 | O8: 154.79805 | P8: 1351.9325 | Q8: Tháng 3 | R8: 1.1252723e+09 | S8: 1.1190375e+09 | T8: 5.1430038e+08 | U8: 512774558 | V8: 2.6087003e+08 | W8: 2.5926035e+08 | X8: 3.5010187e+08 | Y8: 3.4700263e+08 | Z8: 615800 | AA8: 615800 | AF8: 615800 | AG8: 615800 | AH8: 43242500 | AI8: 42987700 | AJ8: 24795160 | AK8: 24628000 | AN8: 68037660 | AO8: 67615700 | AP8: 61754800 | AQ8: 61364900 | AR8: 32383920 | AS8: 32165800 | AT8: 40162330 | AU8: 39810700 | AV8: 1.3430105e+08 | AW8: 133341400 | AX8: 64928100 | AY8: 64938700 | AZ8: 30776420 | BA8: 30569300 | BB8: 53450900 | BC8: 52984500 | BD8: 1.4915542e+08 | BE8: 1.484925e+08 | BF8: 37599800 | BG8: 37428200 | BH8: 19831500 | BI8: 19697500 | BJ8: 34729000 | BK8: 34412000 | BL8: 92160300 | BM8: 91537700 | BN8: 58585300 | BO8: 58735800 | BP8: 29489100 | BQ8: 29301600 | BR8: 41354300 | BS8: 41001800 | BT8: 1.294287e+08 | BU8: 129039200 | BV8: 35698800 | BW8: 35339400 | BX8: 21992600 | BY8: 21840900 | BZ8: 25004600 | CA8: 24749600 | CB8: 82696000 | CC8: 81929900 | CD8: 28284300 | CE8: 28201200 | CF8: 17285700 | CG8: 17187300 | CH8: 19354500 | CI8: 19120700 | CJ8: 64924500 | CK8: 64509200 | CL8: 56843451 | CM8: 56543630 | CN8: 24754403 | CO8: 24614503 | CP8: 46122815 | CQ8: 45723060 | CR8: 1.2772067e+08 | CS8: 1.2688119e+08 | CT8: 66400333 | CU8: 66327054 | CV8: 30107096 | CW8: 29938972 | CX8: 46668175 | CY8: 46305475 | CZ8: 1.431756e+08 | DA8: 1.425715e+08 | DB8: 60347191 | DC8: 60292174 | DD8: 29454129 | DE8: 29316477 | DF8: 43255248 | DG8: 42894795 | DH8: 1.3305657e+08 | DI8: 1.3250345e+08 | DJ8: 44340093 | DK8: 44276732 | DL8: 25492475 | DM8: 25374582 | DN8: 32180596 | DO8: 31896923 | DP8: 1.0201316e+08 | DQ8: 1.0154824e+08 | DR8: 61426697 | DS8: 61262922 | DT8: 29322748 | DU8: 29193616 | DV8: 43542483 | DW8: 43139906 | DX8: 1.3429193e+08 | DY8: 1.3359644e+08 | DZ8: 74536054 | EA8: 74212316 | EB8: 29464168 | EC8: 29307436 | ED8: 56609789 | EE8: 56057807 | EF8: =DZ8+EB8+ED8 -> 1.6061001e+08 | EG8: =EA8+EC8+EE8 -> 1.5957756e+08 | EH8: 70493765 | EI8: 70149955 | EJ8: 28871706 | EK8: 28717534 | EL8: 48161091 | EM8: 47763332 | EN8: =EH8+EJ8+EL8 -> 1.4752656e+08 | EO8: =EI8+EK8+EM8 -> 1.4663082e+08
C9: SL thương phẩm | D9: 112.14372 | E9: 59.166852 | F9: 57.740502 | G9: 50.834605 | H9: 66.101574 | I9: 88.122943 | J9: 102.88115 | K9: 148.03581 | L9: 173.01023 | M9: 170.94393 | N9: 165.4045 | O9: 154.41016 | P9: 1348.796 | Q9: Tháng 4 | R9: 1.0780273e+09 | S9: 1.0716699e+09 | T9: 5.3034014e+08 | U9: 5.2846289e+08 | V9: 1.9508949e+08 | W9: 1.93883e+08 | X9: 3.5259769e+08 | Y9: 3.4932397e+08 | Z9: 46090300 | AA9: 46090300 | AF9: 46090300 | AG9: 46090300 | AH9: 32473100 | AI9: 32560300 | AJ9: 15114480 | AK9: 15017700 | AN9: 47587580 | AO9: 47578000 | AP9: 58139920 | AQ9: 57700800 | AR9: 22104730 | AS9: 21958400 | AT9: 47265080 | AU9: 46846900 | AV9: 127509730 | AW9: 126506100 | AX9: 85383000 | AY9: 84995800 | AZ9: 18331620 | BA9: 18212700 | BB9: 68856030 | BC9: 68140200 | BD9: 1.7257065e+08 | BE9: 171348700 | BF9: 30851000 | BG9: 30665500 | BH9: 15300800 | BI9: 15203200 | BJ9: 29226700 | BK9: 28957100 | BL9: 75378500 | BM9: 74825800 | BN9: 35451800 | BO9: 35229500 | BP9: 14045010 | BQ9: 13961500 | BR9: 30117500 | BS9: 29770000 | BT9: 79614310 | BU9: 78961000 | BV9: 35858400 | BW9: 35664800 | BX9: 19548800 | BY9: 19404000 | BZ9: 36213100 | CA9: 35854300 | CB9: 91620300 | CC9: 90923100 | CD9: 27128700 | CE9: 27111500 | CF9: 16085000 | CG9: 15989600 | CH9: 18631800 | CI9: 18471600 | CJ9: 61845500 | CK9: 61572700 | CL9: 71933518 | CM9: 71740476 | CN9: 30058620 | CO9: 29880472 | CP9: 47596593 | CQ9: 47190900 | CR9: 1.4958873e+08 | CS9: 1.4881185e+08 | CT9: 59581733 | CU9: 59381834 | CV9: 24195173 | CW9: 24061219 | CX9: 40693682 | CY9: 40368132 | CZ9: 1.2447059e+08 | DA9: 1.2381118e+08 | DB9: 47448669 | DC9: 47322078 | DD9: 20305261 | DE9: 20194211 | DF9: 33997204 | DG9: 33724838 | DH9: 1.0175113e+08 | DI9: 1.0124113e+08 | DJ9: 29286831 | DK9: 29218346 | DL9: 14732552 | DM9: 14668134 | DN9: 24479286 | DO9: 24291261 | DP9: 68498669 | DQ9: 68177741 | DR9: 46831182 | DS9: 46510290 | DT9: 17608157 | DU9: 17535427 | DV9: 34706388 | DW9: 34447446 | DX9: 99145727 | DY9: 98493163 | DZ9: 71592841 | EA9: 71375607 | EB9: 23123994 | EC9: 23007508 | ED9: 56499315 | EE9: 56044300 | EF9: =DZ9+EB9+ED9 -> 1.5121615e+08 | EG9: =EA9+EC9+EE9 -> 150427415 | EH9: 62217610 | EI9: 61870476 | EJ9: 23975395 | EK9: 23847507 | EL9: 48283617 | EM9: 47887115 | EN9: =EH9+EJ9+EL9 -> 1.3447662e+08 | EO9: =EI9+EK9+EM9 -> 1.336051e+08
C10: Qc | D10: 54.522 | E10: 39.48 | F10: 43.844 | G10: 44.01 | H10: 54.28 | I10: 80.028 | J10: 83.664 | K10: 95.12 | L10: 123.854 | M10: 151.328 | N10: 128.45 | O10: 97.242 | P10: 995.822 | Q10: Tháng 5 | R10: 1.3476788e+09 | S10: 1.3405285e+09 | T10: 6.9242897e+08 | U10: 6.9036189e+08 | V10: 1.7887749e+08 | W10: 1.7781284e+08 | X10: 4.7637235e+08 | Y10: 4.7235379e+08 | Z10: 95195200 | AA10: 95195200 | AF10: 95195200 | AG10: 95195200 | AH10: 33218900 | AI10: 33106600 | AJ10: 14246290 | AK10: 14171300 | AN10: 47465190 | AO10: 47277900 | AP10: 41222000 | AQ10: 41047300 | AR10: 13201590 | AS10: 13116200 | AT10: 44839830 | AU10: 44469500 | AV10: 99263420 | AW10: 98633000 | AX10: 107479300 | AY10: 107063400 | AZ10: 32240810 | BA10: 32038200 | BB10: 89703590 | BC10: 88922800 | BD10: 229423700 | BE10: 228024400 | BF10: 48609900 | BG10: 48347300 | BH10: 14842600 | BI10: 14740600 | BJ10: 42762400 | BK10: 42365000 | BL10: 1.062149e+08 | BM10: 105452900 | BN10: 47981600 | BO10: 47813100 | BP10: 10383187 | BQ10: 10314713 | BR10: 46607300 | BS10: 46216200 | BT10: 1.0497209e+08 | BU10: 104344013 | BV10: 34967300 | BW10: 34816300 | BX10: 14585600 | BY10: 14497500 | BZ10: 26331800 | CA10: 26071100 | CB10: 75884700 | CC10: 75384900 | CD10: 34716700 | CE10: 34836100 | CF10: 14919700 | CG10: 14817300 | CH10: 34095200 | CI10: 33840300 | CJ10: 83731600 | CK10: 83493700 | CL10: 1.3878362e+08 | CM10: 1.3845632e+08 | CN10: 35617790 | CO10: 35425120 | CP10: 1.1079442e+08 | CQ10: 1.0984325e+08 | CR10: 2.8519584e+08 | CS10: 2.8372469e+08 | CT10: 57857051 | CU10: 57599086 | CV10: 15153890 | CW10: 15077008 | CX10: 41664416 | CY10: 41366545 | CZ10: 1.1467536e+08 | DA10: 1.1404264e+08 | DB10: 52397392 | DC10: 52081184 | DD10: 13686037 | DE10: 13614901 | DF10: 39573388 | DG10: 39259093 | DH10: 1.0565682e+08 | DI10: 1.0495518e+08 | DJ10: 28976670 | DK10: 28894914 | DL10: 13924613 | DM10: 13846767 | DN10: 21331489 | DO10: 21184683 | DP10: 64232772 | DQ10: 63926364 | DR10: 53630073 | DS10: 53476366 | DT10: 14824697 | DU10: 14757233 | DV10: 42992444 | DW10: 42665246 | DX10: 1.1144721e+08 | DY10: 110898845 | DZ10: 110182541 | EA10: 109727639 | EB10: 24264120 | EC10: 24140867 | ED10: 80578216 | EE10: 79895298 | EF10: =DZ10+EB10+ED10 -> 2.1502488e+08 | EG10: =EA10+EC10+EE10 -> 2.137638e+08 | EH10: 29122581 | EI10: 28954026 | EJ10: 6012927.2 | EK10: 5978639.3 | EL10: 21050722 | EM10: 20867948 | EN10: =EH10+EJ10+EL10 -> 56186231 | EO10: =EI10+EK10+EM10 -> 55800614
B11: Srêpốk 3 | C11: SL KH | D11: 49.994 | E11: 38.058 | F11: 41.6568 | G11: 42.6908 | H11: 54.7268 | I11: 75.9302 | J11: 98.935 | K11: 98.6504 | L11: 131.2896 | M11: 152.649 | N11: 111.1212 | O11: 80.844 | P11: 976.5458 | Q11: Tháng 6 | R11: 1.8852988e+09 | S11: 1.8760975e+09 | T11: 9.5860656e+08 | U11: 9.5668224e+08 | V11: 2.0906094e+08 | W11: 2.0786338e+08 | X11: 717631269 | Y11: 7.1155184e+08 | Z11: 88128400 | AA11: 88128400 | AF11: 88128400 | AG11: 88128400 | AH11: 55729100 | AI11: 55500600 | AJ11: 11782910 | AK11: 11725800 | AL11: 8071000 | AM11: 8071000 | AN11: 75583010 | AO11: 75297400 | AP11: 134840900 | AQ11: 134208600 | AR11: 23408210 | AS11: 23259700 | AT11: 120194580 | AU11: 119116500 | AV11: 278443690 | AW11: 276584800 | AX11: 71381800 | AY11: 71158904 | AZ11: 18239860 | BA11: 18128900 | BB11: 59162540 | BC11: 58664258 | BD11: 1.487842e+08 | BE11: 1.4795206e+08 | BF11: 101432020 | BG11: 101083893 | BH11: 25203587 | BI11: 25051707 | BJ11: 95330378 | BK11: 94480085 | BL11: 221965985 | BM11: 220615685 | BN11: 79421700 | BO11: 79266600 | BP11: 19245000 | BQ11: 19136600 | BR11: 74887100 | BS11: 74209800 | BT11: 1.735538e+08 | BU11: 1.72613e+08 | BV11: 56235633 | BW11: 56215776 | BX11: 16866854 | BY11: 16768515 | BZ11: 52941454 | CA11: 52445901 | CB11: 1.2604394e+08 | CC11: 1.2543019e+08 | CD11: 54870967 | CE11: 55029167 | CF11: 13799793 | CG11: 13715800 | CH11: 47132133 | CI11: 46779346 | CJ11: 1.1580289e+08 | CK11: 1.1552431e+08 | CL11: 1.8492082e+08 | CM11: 184699175 | CN11: 49377231 | CO11: 49108662 | CP11: 1.4772679e+08 | CQ11: 1.4648289e+08 | CR11: 3.8202484e+08 | CS11: 3.8029073e+08 | CT11: 71134424 | CU11: 70931368 | CV11: 20327558 | CW11: 20210946 | CX11: 62748268 | CY11: 62253981 | CZ11: 1.5421025e+08 | DA11: 1.5339629e+08 | DB11: 60510795 | DC11: 60459753 | DD11: 10809939 | DE11: 10756751 | DF11: 49437029 | DG11: 49048077 | DH11: 1.2075776e+08 | DI11: 1.2026458e+08 | DJ11: 75012168 | DK11: 74843670 | DL11: 10573797 | DM11: 10527525 | DN11: 59464099 | DO11: 59005934 | DP11: 1.4505006e+08 | DQ11: 144377129 | DR11: 49802541 | DS11: 49680748 | DT11: 11728077 | DU11: 11638284 | DV11: 39461504 | DW11: 39151170 | DX11: 1.0099212e+08 | DY11: 100470202 | DZ11: 1.1554801e+08 | EA11: 114978774 | EB11: 19669999 | EC11: 19513966 | ED11: 99400854 | EE11: 98648927 | EF11: =DZ11+EB11+ED11 -> 2.3461886e+08 | EG11: =EA11+EC11+EE11 -> 2.3314167e+08 | EN11: =EH11+EJ11+EL11 -> 0 | EO11: =EI11+EK11+EM11 -> 0
C12: SL thực phát | D12: 82.170174 | E12: 46.294523 | F12: 42.353863 | G12: 36.294631 | H12: 51.271232 | I12: 71.767537 | J12: 83.894414 | K12: 119.1311 | L12: 137.86548 | M12: 136.33322 | N12: 130.84143 | O12: 119.6187 | P12: 1057.8363 | Q12: Tháng 7 | R12: 2.5084289e+09 | S12: 2.4970805e+09 | T12: 1.2692701e+09 | U12: 1.2669698e+09 | V12: 2.6009572e+08 | W12: 2.5865959e+08 | X12: 9.7906308e+08 | Y12: 971451089 | Z12: 80478500 | AA12: 80478500 | AF12: 80478500 | AG12: 80478500 | AH12: 95428900 | AI12: 95174400 | AJ12: 16331300 | AK12: 16240700 | AL12: 78832600 | AM12: 78832600 | AN12: 1.905928e+08 | AO12: 1.902477e+08 | AP12: 138477700 | AQ12: 137782700 | AR12: 26187750 | AS12: 26044385 | AT12: 109098420 | AU12: 108159100 | AV12: 273763870 | AW12: 271986185 | AX12: 90200800 | AY12: 89959500 | AZ12: 23386310 | BA12: 23242600 | BB12: 85503100 | BC12: 84706400 | BD12: 199090210 | BE12: 1.979085e+08 | BF12: 1.315686e+08 | BG12: 131230700 | BH12: 28086800 | BI12: 27924300 | BJ12: 117224000 | BK12: 116181500 | BL12: 2.768794e+08 | BM12: 275336500 | BN12: 1.935838e+08 | BO12: 1.932308e+08 | BP12: 42027600 | BQ12: 41791800 | BR12: 157558000 | BS12: 1.561873e+08 | BT12: 3.931694e+08 | BU12: 3.912099e+08 | BV12: 1.103762e+08 | BW12: 1.103988e+08 | BX12: 30453500 | BY12: 30279200 | BZ12: 82643900 | CA12: 81989300 | CB12: 2.234736e+08 | CC12: 2.226673e+08 | CD12: 94481976 | CE12: 94468094 | CF12: 24193315 | CG12: 24061457 | CH12: 78753672 | CI12: 78071915 | CJ12: 1.9742896e+08 | CK12: 1.9660147e+08 | CL12: 1.5892539e+08 | CM12: 1.5877038e+08 | CN12: 26841632 | CO12: 26698788 | CP12: 1.3276311e+08 | CQ12: 1.3169831e+08 | CR12: 3.1853013e+08 | CS12: 3.1716748e+08 | CT12: 1.1896296e+08 | CU12: 1.1876975e+08 | CV12: 30515135 | CW12: 30360640 | CX12: 93599611 | CY12: 92870532 | CZ12: 2.430777e+08 | DA12: 2.4200092e+08 | DB12: 56785312 | DC12: 56706180 | DD12: 12072376 | DE12: 12015715 | DF12: 43086667 | DG12: 42754128 | DH12: 1.1194436e+08 | DI12: 1.1147602e+08 | DJ12: 99726883 | DK12: 99413462 | DL12: 21065653 | DM12: 20980174 | DN12: 88018131 | DO12: 87345902 | DP12: 208810667 | DQ12: 207739538 | DR12: 81105309 | DS12: 80745994 | DT12: 19794796 | DU12: 19680202 | DV12: 62004547 | DW12: 61522916 | DX12: 1.6290465e+08 | DY12: 1.6194911e+08 | DZ12: 1.6390113e+08 | EA12: 162971992 | EB12: 33584183 | EC12: 33415661 | ED12: 139002266 | EE12: 1.3802833e+08 | EF12: =DZ12+EB12+ED12 -> 3.3648757e+08 | EG12: =EA12+EC12+EE12 -> 3.3441598e+08 | EN12: =EH12+EJ12+EL12 -> 0 | EO12: =EI12+EK12+EM12 -> 0
C13: SL thương phẩm | D13: 81.487294 | E13: 45.903371 | F13: 41.992032 | G13: 36.004515 | H13: 50.863764 | I13: 71.188411 | J13: 83.238358 | K13: 118.18755 | L13: 136.77618 | M13: 135.24833 | N13: 129.80369 | O13: 118.66428 | P13: 1049.3578 | Q13: Tháng 8 | R13: 2.8644033e+09 | S13: 2.8515182e+09 | T13: 1.458872e+09 | U13: 1.4562381e+09 | V13: 3.0640487e+08 | W13: 3.0468013e+08 | X13: 1099126503 | Y13: 1.0906e+09 | Z13: 99173800 | AA13: 99173800 | AF13: 99173800 | AG13: 99173800 | AH13: 1.130069e+08 | AI13: 1.127227e+08 | AJ13: 16156330 | AK13: 16057100 | AL13: 80513800 | AM13: 80513800 | AN13: 209677030 | AO13: 2.092936e+08 | AP13: 165659000 | AQ13: 164802500 | AR13: 32645660 | AS13: 32436800 | AT13: 134288080 | AU13: 133141500 | AV13: 332592740 | AW13: 330380800 | AX13: 89815390 | AY13: 89424900 | AZ13: 24588400 | BA13: 24440840 | BB13: 70413400 | BC13: 69750750 | BD13: 184817190 | BE13: 183616490 | BF13: 1.231328e+08 | BG13: 122792000 | BH13: 28797600 | BI13: 28622600 | BJ13: 1.094514e+08 | BK13: 108474800 | BL13: 2.613818e+08 | BM13: 259889400 | BN13: 1.871901e+08 | BO13: 1.867934e+08 | BP13: 38610900 | BQ13: 38386500 | BR13: 1.568312e+08 | BS13: 155466500 | BT13: 3.826322e+08 | BU13: 3.806464e+08 | BV13: 1.194764e+08 | BW13: 1.195365e+08 | BX13: 23635600 | BY13: 23504400 | BZ13: 94820800 | CA13: 94070600 | CB13: 2.379328e+08 | CC13: 2.371115e+08 | CD13: 1.0194488e+08 | CE13: 1.0198367e+08 | CF13: 24424044 | CG13: 24286933 | CH13: 83396790 | CI13: 82710196 | CJ13: 2.0976571e+08 | CK13: 2.089808e+08 | CL13: 1.6684723e+08 | CM13: 1.665863e+08 | CN13: 41756316 | CO13: 41524512 | CP13: 1.3170101e+08 | CQ13: 1.3065091e+08 | CR13: 3.4030456e+08 | CS13: 3.3876173e+08 | CT13: 1.4101818e+08 | CU13: 1.4088043e+08 | CV13: 39907780 | CW13: 39703639 | CX13: 1.1387151e+08 | CY13: 1.1297784e+08 | CZ13: 2.9479748e+08 | DA13: 2.9356191e+08 | DB13: 1.516073e+08 | DC13: 1.515419e+08 | DD13: 35882241 | DE13: 35716803 | DF13: 1.2383851e+08 | DG13: 1.2284311e+08 | DH13: 3.1132804e+08 | DI13: 3.1010181e+08 | DJ13: 1.9532552e+08 | DK13: 1.9474965e+08 | DL13: 36942778 | DM13: 36788938 | DN13: 1.5636365e+08 | DO13: 1.5512765e+08 | DP13: 3.8863195e+08 | DQ13: 3.8666624e+08 | DR13: 86792305 | DS13: 86420782 | DT13: 20401461 | DU13: 20291582 | DV13: 69880806 | DW13: 69338213 | DX13: 1.7707457e+08 | DY13: 1.7605058e+08 | DZ13: 1.9426107e+08 | EA13: 193299659 | EB13: 33506472 | EC13: 33334359 | ED13: 157240918 | EE13: 1.5614621e+08 | EF13: =DZ13+EB13+ED13 -> 3.8500846e+08 | EG13: =EA13+EC13+EE13 -> 3.8278023e+08 | EN13: =EH13+EJ13+EL13 -> 0 | EO13: =EI13+EK13+EM13 -> 0
C14: Qc | D14: 41.642 | E14: 31.988 | F14: 34.764 | G14: 35.59 | H14: 47.486 | I14: 70.218 | J14: 77.578 | K14: 82.068 | L14: 109.418 | M14: 127.264 | N14: 92.574 | O14: 67.488 | P14: 818.078 | Q14: Tháng 9 | R14: 2920912074 | S14: 2.9079415e+09 | T14: 1.4654973e+09 | U14: 1462931188 | V14: 3.1560165e+08 | W14: 313925135 | X14: 1.1398131e+09 | Y14: 1.1310852e+09 | Z14: 94657900 | AA14: 94657900 | AB14: 18038400 | AC14: 18038400 | AF14: 112696300 | AG14: 112696300 | AH14: 137873600 | AI14: 1.37589e+08 | AJ14: 25082820 | AK14: 24928200 | AL14: 87267800 | AM14: 87267800 | AN14: 250224220 | AO14: 2.49785e+08 | AP14: 159865400 | AQ14: 159100800 | AR14: 24484770 | AS14: 24327000 | AT14: 139985360 | AU14: 138784100 | AV14: 324335530 | AW14: 322211900 | AX14: 129157310 | AY14: 1.28786e+08 | AZ14: 20333480 | BA14: 20204660 | BB14: 128244000 | BC14: 1.2706357e+08 | BD14: 277734790 | BE14: 2.7605423e+08 | BF14: 1.010059e+08 | BG14: 1.006524e+08 | BH14: 27668200 | BI14: 27499500 | BJ14: 92450600 | BK14: 91666000 | BL14: 2.211247e+08 | BM14: 2.198179e+08 | BN14: 151370500 | BO14: 1.510025e+08 | BP14: 32216900 | BQ14: 32026200 | BR14: 1.262071e+08 | BS14: 1.251165e+08 | BT14: 3.097945e+08 | BU14: 3.081452e+08 | BV14: 95110000 | BW14: 95198200 | BX14: 10947000 | BY14: 10885900 | BZ14: 80047100 | CA14: 79458400 | CB14: 1.861041e+08 | CC14: 1.855425e+08 | CD14: 75765530 | CE14: 75804160 | CF14: 11858167 | CG14: 11793583 | CH14: 73828290 | CI14: 73229023 | CJ14: 1.6145199e+08 | CK14: 1.6082677e+08 | CL14: 1.7718828e+08 | CM14: 176912982 | CN14: 61071907 | CO14: 60728339 | CP14: 1.4074008e+08 | CQ14: 139618170 | CR14: 3.7900027e+08 | CS14: 377259491 | CT14: 1.6450247e+08 | CU14: 1.6434848e+08 | CV14: 53387757 | CW14: 53117995 | CX14: 1.3123712e+08 | CY14: 1.3019797e+08 | CZ14: 3.4912735e+08 | DA14: 3.4766445e+08 | DB14: 1.7900043e+08 | DC14: 1.7887876e+08 | DD14: 30512249 | DE14: 30375358 | DF14: 1.3980565e+08 | DG14: 1.3868363e+08 | DH14: 3.4931833e+08 | DI14: 347937745 | DJ14: 1.7958833e+08 | DK14: 178993180 | DL14: 37933303 | DM14: 37782717 | DN14: 1.4426588e+08 | DO14: 143154061 | DP14: 3.6178752e+08 | DQ14: 359929958 | DR14: 1.6661845e+08 | DS14: 1.6591774e+08 | DT14: 26350116 | DU14: 26214106 | DV14: 1.3327867e+08 | DW14: 1.3222709e+08 | DX14: 3.2624723e+08 | DY14: 324358937 | DZ14: 1.9320663e+08 | EA14: 192243028 | EB14: 49386005 | EC14: 49139015 | ED14: 1.5501226e+08 | EE14: 1.539405e+08 | EF14: =DZ14+EB14+ED14 -> 397604890 | EG14: =EA14+EC14+EE14 -> 3.9532255e+08 | EN14: =EH14+EJ14+EL14 -> 0 | EO14: =EI14+EK14+EM14 -> 0
B15: Tổng | C15: SL KH | D15: 135.3354 | E15: 104.2644 | F15: 115.2494 | G15: 115.843 | H15: 135.641 | I15: 176.004 | J15: 231.0186 | K15: 238.44 | L15: 312.7184 | M15: 367.3392 | N15: 290.6618 | O15: 220.4672 | P15: 2442.9824 | Q15: Tháng 10 | R15: 3401308130 | S15: 3.3857331e+09 | T15: 1.6842929e+09 | U15: 1.6809129e+09 | V15: 4.5832818e+08 | W15: 4.5581927e+08 | X15: 1.2586871e+09 | Y15: 1.2490009e+09 | Z15: 163407500 | AA15: 162769300 | AB15: 29705000 | AC15: 29705000 | AF15: 193112500 | AG15: 192474300 | AH15: 1.100238e+08 | AI15: 1.096388e+08 | AJ15: 6300820 | AK15: 6262700 | AL15: 1.069167e+08 | AM15: 1.069167e+08 | AN15: 2.2324132e+08 | AO15: 222818200 | AP15: 186998427 | AQ15: 186239601 | AR15: 57841044 | AS15: 57465401 | AT15: 153809458 | AU15: 152459937 | AV15: 398648929 | AW15: 396164939 | AX15: 197963400 | AY15: 1.975742e+08 | AZ15: 61827580 | BA15: 61424200 | BB15: 162031500 | BC15: 1.6052948e+08 | BD15: 421822480 | BE15: 4.1952788e+08 | BF15: 1.712066e+08 | BG15: 1.70778e+08 | BH15: 52666000 | BI15: 52341900 | BJ15: 1.446243e+08 | BK15: 1.433479e+08 | BL15: 368496900 | BM15: 3.664678e+08 | BN15: 1.566713e+08 | BO15: 1.563216e+08 | BP15: 50425700 | BQ15: 50122600 | BR15: 1.210948e+08 | BS15: 1.200396e+08 | BT15: 3.281918e+08 | BU15: 3.264838e+08 | BV15: 71211300 | BW15: 71425800 | BX15: 5686200 | BY15: 5654600 | BZ15: 72551100 | CA15: 72027500 | CB15: 1.494486e+08 | CC15: 1.491079e+08 | CD15: 1.562935e+08 | CE15: 1.5621289e+08 | CF15: 39069295 | CG15: 38837807 | CH15: 1.3259153e+08 | CI15: 1.3150203e+08 | CJ15: 327954326 | CK15: 3.2655273e+08 | CL15: 1.8354134e+08 | CM15: 1.8321708e+08 | CN15: 55999552 | CO15: 55688166 | CP15: 1.4357094e+08 | CQ15: 1.4244222e+08 | CR15: 3.8311183e+08 | CS15: 3.8134747e+08 | CT15: 147825104 | CU15: 1.4764083e+08 | CV15: 57173652 | CW15: 56879205 | CX15: 1.1050994e+08 | CY15: 1.0963501e+08 | CZ15: 3.155087e+08 | DA15: 3.1415505e+08 | DB15: 139150626 | DC15: 1.3909483e+08 | DD15: 41633334 | DE15: 41437694 | DF15: 110986784 | DG15: 1.1010047e+08 | DH15: 291770744 | DI15: 2.9063299e+08 | DJ15: 1.9341799e+08 | DK15: 192838776 | DL15: 22716196 | DM15: 22621005 | DN15: 159092885 | DO15: 157829377 | DP15: 3.7522707e+08 | DQ15: 373289158 | DR15: 1.9276609e+08 | DS15: 1.9192812e+08 | DT15: 44472706 | DU15: 44238645 | DV15: 1.5750554e+08 | DW15: 1.5623456e+08 | DX15: 3.9474434e+08 | DY15: 3.9240133e+08 | DZ15: 196856568 | EA15: 195915106 | EB15: 50809694 | EC15: 50556823 | ED15: 1.5435775e+08 | EE15: 1.5329223e+08 | EF15: =DZ15+EB15+ED15 -> 4.0202401e+08 | EG15: =EA15+EC15+EE15 -> 3.9976416e+08 | EN15: =EH15+EJ15+EL15 -> 0 | EO15: =EI15+EK15+EM15 -> 0
C16: SL thực phát | D16: 222.02003 | E16: 129.00189 | F16: 128.05159 | G16: 108.69097 | H16: 136.2416 | I16: 180.60701 | J16: 209.0535 | K16: 302.42732 | L16: 353.09614 | M16: 352.07254 | N16: 342.59904 | O16: 310.37541 | P16: 2774.237 | Q16: Tháng 11 | R16: 2.8917105e+09 | S16: 2.8787258e+09 | T16: 1.4765891e+09 | U16: 1.4734519e+09 | V16: 3.673997e+08 | W16: 365377122 | X16: 1.0477216e+09 | Y16: 1.0398968e+09 | Z16: 149223700 | AA16: 148803900 | AB16: 22991800 | AC16: 22991800 | AF16: 172215500 | AG16: 171795700 | AH16: 1.587047e+08 | AI16: 158054500 | AJ16: 28391430 | AK16: 28201600 | AL16: 125610800 | AM16: 125610800 | AN16: 3.1270693e+08 | AO16: 311866900 | AP16: 151060700 | AQ16: 150634100 | AR16: 40546990 | AS16: 40280800 | AT16: 121848980 | AU16: 120780610 | AV16: 313456670 | AW16: 311695510 | AX16: 126499700 | AY16: 1.26322e+08 | AZ16: 45540440 | BA16: 45244000 | BB16: 98273500 | BC16: 97355500 | BD16: 270313640 | BE16: 2.689215e+08 | BF16: 1.379204e+08 | BG16: 1.37578e+08 | BH16: 29386200 | BI16: 29206500 | BJ16: 1.086551e+08 | BK16: 1.076895e+08 | BL16: 2.759617e+08 | BM16: 2.74474e+08 | BN16: 69214500 | BO16: 68954200 | BP16: 17234300 | BQ16: 17133100 | BR16: 59804500 | BS16: 59297700 | BT16: 1.462533e+08 | BU16: 1.45385e+08 | BV16: 51643500 | BW16: 51759900 | BX16: 6830600 | BY16: 6796800 | BZ16: 43626400 | CA16: 43231600 | CB16: 1.021005e+08 | CC16: 1.017883e+08 | CD16: 1.8510087e+08 | CE16: 1.8477352e+08 | CF16: 50507665 | CG16: 50196208 | CH16: 1.4476706e+08 | CI16: 1.4353857e+08 | CJ16: 3.803756e+08 | CK16: 3.785083e+08 | CL16: 1.8261075e+08 | CM16: 1.82249e+08 | CN16: 54194130 | CO16: 53889928 | CP16: 150226480 | CQ16: 1.4902943e+08 | CR16: 387031365 | CS16: 3.8516836e+08 | CT16: 88371789 | CU16: 88240304 | CV16: 24243527 | CW16: 24123730 | CX16: 56484309 | CY16: 56031146 | CZ16: 1.6909962e+08 | DA16: 1.6839518e+08 | DB16: 176238532 | DC16: 1.7608252e+08 | DD16: 47532623 | DE16: 47312656 | DF16: 138424494 | DG16: 137331910 | DH16: 362195649 | DI16: 360727084 | DJ16: 1.8900704e+08 | DK16: 188443670 | DL16: 46793722 | DM16: 46595069 | DN16: 1.5158335e+08 | DO16: 1.503801e+08 | DP16: 3.8738411e+08 | DQ16: 3.8541884e+08 | DR16: 1.9290018e+08 | DS16: 1.9200699e+08 | DT16: 56895758 | DU16: 56593430 | DV16: 1.5748853e+08 | DW16: 1.5624584e+08 | DX16: 4.0728447e+08 | DY16: 4.0484626e+08 | DZ16: 1.6838219e+08 | EA16: 167577315 | EB16: 38933324 | EC16: 38743403 | ED16: 1.2499819e+08 | EE16: 1.2413653e+08 | EF16: =DZ16+EB16+ED16 -> 3.323137e+08 | EG16: =EA16+EC16+EE16 -> 3.3045725e+08 | EN16: =EH16+EJ16+EL16 -> 0 | EO16: =EI16+EK16+EM16 -> 0
C17: SL thương phẩm | D17: 220.97203 | E17: 128.35058 | F17: 127.42016 | G17: 108.10701 | H17: 135.50954 | I17: 179.75979 | J17: 208.06661 | K17: 301.02846 | L17: 351.43012 | M17: 350.3652 | N17: 340.91115 | O17: 308.85707 | P17: 2760.7777 | Q17: Tháng 12 | R17: 2.4544067e+09 | S17: 2.4433969e+09 | T17: 1.2442657e+09 | U17: 1241445806 | V17: 2.9989676e+08 | W17: 2.9818428e+08 | X17: 910244170 | Y17: 9.0376677e+08 | Z17: 77005900 | AA17: 76812500 | AB17: 11327300 | AC17: 11327300 | AF17: 88333200 | AG17: 88139800 | AH17: 1.761052e+08 | AI17: 175423664 | AJ17: 34461910 | AK17: 34216119 | AL17: 145122200 | AM17: 145122200 | AN17: 3.5568931e+08 | AO17: 3.5476198e+08 | AP17: 146019300 | AQ17: 145556200 | AR17: 35038040 | AS17: 34804300 | AT17: 111804340 | AU17: 110843170 | AV17: 292861680 | AW17: 291203670 | AX17: 60752500 | AY17: 60601500 | AZ17: 26213860 | BA17: 26041100 | BB17: 51891900 | BC17: 51378700 | BD17: 1.3885826e+08 | BE17: 1.380213e+08 | BF17: 92884300 | BG17: 92648800 | BH17: 23657800 | BI17: 23511700 | BJ17: 73272800 | BK17: 72640900 | BL17: 189814900 | BM17: 188801400 | BN17: 59488500 | BO17: 59319200 | BP17: 17038915 | BQ17: 16938172 | BR17: 38710600 | BS17: 38372600 | BT17: 1.1523801e+08 | BU17: 1.1462997e+08 | BV17: 47109500 | BW17: 47073500 | BX17: 11530800 | BY17: 11466200 | BZ17: 32681400 | CA17: 32381100 | CB17: 91321700 | CC17: 90920800 | CD17: 1.9529755e+08 | CE17: 1.9488884e+08 | CF17: 46910890 | CG17: 46633432 | CH17: 1.5564489e+08 | CI17: 1.5432995e+08 | CJ17: 3.9785334e+08 | CK17: 3.9585222e+08 | CL17: 1.8960796e+08 | CM17: 1.8929309e+08 | CN17: 41483337 | CO17: 41256631 | CP17: 1.5408353e+08 | CQ17: 152848585 | CR17: 3.8517483e+08 | CS17: 3.833983e+08 | CT17: 114598782 | CU17: 114494670 | CV17: 27942358 | CW17: 27808314 | CX17: 83636537 | CY17: 82956030 | CZ17: 226177677 | DA17: 225259014 | DB17: 85396231 | DC17: 85333844 | DD17: 24291548 | DE17: 24181008 | DF17: 63395966 | DG17: 62893542 | DH17: 1.7308375e+08 | DI17: 1.7240839e+08 | DJ17: 2.0291343e+08 | DK17: 2.0229537e+08 | DL17: 43477065 | DM17: 43301192 | DN17: 1.5471384e+08 | DO17: 1.5347593e+08 | DP17: 4.0110433e+08 | DQ17: 3.9907249e+08 | DR17: 1.8147385e+08 | DS17: 1.8063385e+08 | DT17: 42598994 | DU17: 42365980 | DV17: 1.4226363e+08 | DW17: 1.4114732e+08 | DX17: 3.6633647e+08 | DY17: 3.6414715e+08 | DZ17: 1.5362955e+08 | EA17: 152893436 | EB17: 26922136 | EC17: 26788366 | ED17: 1.1504165e+08 | EE17: 114235163 | EF17: =DZ17+EB17+ED17 -> 2.9559334e+08 | EG17: =EA17+EC17+EE17 -> 2.9391697e+08 | EN17: =EH17+EJ17+EL17 -> 0 | EO17: =EI17+EK17+EM17 -> 0
C18: Qc | D18: 112.772 | E18: 87.468 | F18: 96.322 | G18: 96.754 | H18: 119.154 | I18: 168.214 | J18: 178.308 | K18: 198.436 | L18: 260.894 | M18: 306.296 | N18: 242.388 | O18: 184.158 | P18: 2051.164 | Q18: Tổng | R18: 24982143398 | S18: 2.4862969e+10 | T18: 12506822888 | U18: 1.2479159e+10 | V18: 3253122294 | W18: 3.2344983e+09 | X18: 9222198216 | Y18: 9149311873 | Z18: 893977000 | AA18: 892725600 | AB18: 82062500 | AC18: 82062500 | AD18: 0 | AE18: 0 | AF18: 976039500 | AG18: 974788100 | AH18: 1032045800 | AI18: 1028732364 | AJ18: 217124950 | AK18: 2.1574972e+08 | AL18: 632334900 | AM18: 632334900 | AN18: 1881505650 | AO18: 1.876817e+09 | AP18: 1344739247 | AQ18: 1338621827 | AR18: 341436424 | AS18: 339183286 | AT18: 1107063032 | AU18: 1097445277 | AV18: 2793238703 | AW18: 2775250390 | AX18: 1.150917e+09 | AY18: 1.1476077e+09 | AZ18: 3.4401715e+08 | BA18: 341797300 | BB18: 972415510 | BC18: 9.6348106e+08 | BD18: 2467349660 | BE18: 2.4528861e+09 | BF18: 1.035968e+09 | BG18: 1032865093 | BH18: 2.9287429e+08 | BI18: 2.9104841e+08 | BJ18: 8.9685628e+08 | BK18: 8.8889858e+08 | BL18: 2225698585 | BM18: 2212812085 | BN18: 1.1445098e+09 | BO18: 1.1418895e+09 | BP18: 321605312 | BQ18: 3.1967639e+08 | BR18: 9.365579e+08 | BS18: 9.283202e+08 | BT18: 2.402673e+09 | BU18: 2.3898861e+09 | BV18: 7.3593693e+08 | BW18: 7.3543398e+08 | BX18: 197928654 | BY18: 1.9673031e+08 | BZ18: 617627854 | CA18: 612489801 | CB18: 1.5514934e+09 | CC18: 1.5446541e+09 | CD18: 1.022745e+09 | CE18: 1.022088e+09 | CF18: 2.9445187e+08 | CG18: 292718020 | CH18: 8.5380417e+08 | CI18: 8.4663463e+08 | CJ18: 2.171001e+09 | CK18: 2161440693 | CL18: 1.7432951e+09 | CM18: 1739780775 | CN18: 4.7412429e+08 | CO18: 4.7147507e+08 | CP18: 1.3740466e+09 | CQ18: 1362807168 | CR18: 3591465966 | CS18: 3574063014 | CT18: 1.2192201e+09 | CU18: 1217133932 | CV18: 3.7792104e+08 | CW18: 3.7593886e+08 | CX18: 9.1669385e+08 | CY18: 9.0942465e+08 | CZ18: 2.513835e+09 | DA18: 2.5024974e+09 | DB18: 1.1834689e+09 | DC18: 1.1822798e+09 | DD18: 309575818 | DE18: 308118423 | DF18: 9.1479815e+08 | DG18: 9.0747561e+08 | DH18: 2.4078429e+09 | DI18: 2397873811 | DJ18: 1327981745 | DK18: 1324164930 | DL18: 3.208992e+08 | DM18: 3.1951636e+08 | DN18: 1.0639682e+09 | DO18: 1.0555492e+09 | DP18: 2.7128491e+09 | DQ18: 2699230491 | DR18: 1.2856966e+09 | DS18: 1280620482 | DT18: 3.3982087e+08 | DU18: 338071128 | DV18: 1.0196747e+09 | DW18: 1011532239 | DX18: 2.6451922e+09 | DY18: 2630223849 | DZ18: =SUM(DZ6:DZ17) -> 1.6315219e+09 | EA18: =SUM(EA6:EA17) -> 1623384475 | EB18: =SUM(EB6:EB17) -> 3.8962163e+08 | EC18: =SUM(EC6:EC17) -> 3.8758887e+08 | ED18: =SUM(ED6:ED17) -> 1.2785251e+09 | EE18: =SUM(EE6:EE17) -> 1.2690418e+09 | EF18: =DZ18+EB18+ED18 -> 3.2996686e+09 | EG18: =EA18+EC18+EE18 -> 3.2800151e+09 | EH18: =SUM(EH6:EH17) -> 346268330 | EI18: =SUM(EI6:EI17) -> 344627185 | EJ18: =SUM(EJ6:EJ17) -> 1.1326539e+08 | EK18: =SUM(EK6:EK17) -> 1.1267994e+08 | EL18: =SUM(EL6:EL17) -> 2.5195976e+08 | EM18: =SUM(EM6:EM17) -> 2.5000564e+08 | EN18: =EH18+EJ18+EL18 -> 7.1149348e+08 | EO18: =EI18+EK18+EM18 -> 7.0731276e+08
A19: Trung bình 10 năm từ 2012-2021 | B19: Buôn Tua Srah | C19: SL KH | D19: 17.627222 | E19: 16.360333 | F19: 19.157889 | G19: 19.283889 | H19: 20.689222 | I19: 18.545 | J19: 23.803556 | K19: 29.662333 | L19: 34.186333 | M19: 30.549778 | N19: 27.262222 | O19: 19.866 | P19: 276.99378
C20: SL thực phát | D20: 23.590943 | E20: 21.060321 | F20: 25.850617 | G20: 19.021099 | H20: 18.017892 | I20: 19.61717 | J20: 25.843712 | K20: 31.494712 | L20: 31.227908 | M20: 43.167022 | N20: 37.915896 | O20: 30.514557 | P20: 327.32185 | R20: =R17/R16 -> 0.8487733
C21: SL thương phẩm | D21: 23.458276 | E21: 20.941831 | F21: 25.703475 | G21: 18.911046 | H21: 17.912934 | I21: 19.504369 | J21: 25.703488 | K21: 31.326675 | L21: 31.062836 | M21: 42.924582 | N21: 37.709142 | O21: 30.350373 | P21: 325.50903 | R21: =O16/N16 -> 0.9059436
C22: Qc | D22: 15.479132 | E22: 13.927778 | F22: 16.332222 | G22: 16.346667 | H22: 18.152222 | I22: 18.178888 | J22: 18.895556 | K22: 24.06778 | L22: 29.369999 | M22: 25.978889 | N22: 22.57222 | O22: 17.504444 | P22: 236.8058
B23: Buôn Kuốp | C23: SL KH | D23: 64.312 | E23: 44.336889 | F23: 49.84 | G23: 51.653111 | H23: 65.616 | I23: 83.191556 | J23: 115.25867 | K23: 125.49011 | L23: 153.04611 | M23: 179.67189 | N23: 156.688 | O23: 110.685 | P23: 1199.7893
C24: SL thực phát | D24: 82.659027 | E24: 47.156589 | F24: 51.445406 | G24: 46.975483 | H24: 60.539961 | I24: 80.472287 | J24: 113.57172 | K24: 136.31501 | L24: 141.93072 | M24: 161.00473 | N24: 139.95073 | O24: 122.95226 | P24: 1184.9739
C25: SL thương phẩm | D25: 82.47091 | E25: 47.029356 | F25: 51.334581 | G25: 46.784012 | H25: 60.338407 | I25: 80.336905 | J25: 113.36937 | K25: 136.07095 | L25: 141.64944 | M25: 160.70321 | N25: 139.64101 | O25: 122.65827 | P25: 1182.3864
C26: Qc | D26: 54.445792 | E26: 37.058889 | F26: 41.514444 | G26: 42.732222 | H26: 55.707778 | I26: 74.846667 | J26: 86.99776 | K26: 99.303306 | L26: 125.07778 | M26: 146.72333 | N26: 128.06889 | O26: 90.511111 | P26: 982.98797
B27: Srêpốk 3 | C27: SL KH | D27: 48.894111 | E27: 35.521778 | F27: 38.792333 | G27: 41.312667 | H27: 55.113778 | I27: 73.307667 | J27: 97.366556 | K27: 105.182 | L27: 132.88689 | M27: 147.16989 | N27: 114.35789 | O27: 76.552222 | P27: 966.45778
C28: SL thực phát | D28: 62.537409 | E28: 39.072405 | F28: 38.566262 | G28: 36.451828 | H28: 49.585645 | I28: 68.829129 | J28: 94.115474 | K28: 111.05691 | L28: 119.01045 | M28: 131.45593 | N28: 110.93337 | O28: 95.029509 | P28: 956.64432
C29: SL thương phẩm | D29: 62.014437 | E29: 38.737125 | F29: 38.222876 | G29: 36.121578 | H29: 49.173422 | I29: 68.252144 | J29: 93.332821 | K29: 110.14106 | L29: 118.04144 | M29: 130.36882 | N29: 110.01313 | O29: 94.242465 | P29: 948.66131
C30: Qc | D30: 40.91547 | E30: 29.601111 | F30: 32.113333 | G30: 33.836667 | H30: 46.108889 | I30: 63.605556 | J30: 75.027777 | K30: 83.391111 | L30: 107.78333 | M30: 119.48778 | N30: 92.648888 | O30: 62.202222 | P30: 786.72213
B31: Tổng | C31: SL KH | D31: 130.83333 | E31: 96.219 | F31: 107.79022 | G31: 112.24967 | H31: 141.419 | I31: 175.04422 | J31: 236.42878 | K31: 260.33444 | L31: 320.11933 | M31: 357.39156 | N31: 298.30811 | O31: 207.10322 | P31: 2443.2409
C32: SL thực phát | D32: 168.78738 | E32: 107.28932 | F32: 115.86229 | G32: 102.44841 | H32: 128.1435 | I32: 168.91859 | J32: 233.53091 | K32: 278.86663 | L32: 292.16908 | M32: 335.62768 | N32: 288.8 | O32: 248.49633 | P32: 2468.9401 | R32: =O32/N32 -> 0.86044436
C33: SL thương phẩm | D33: 167.94362 | E33: 106.70831 | F33: 115.26093 | G33: 101.81664 | H33: 127.42476 | I33: 168.09342 | J33: 232.40567 | K33: 277.53869 | L33: 290.75372 | M33: 333.99661 | N33: 287.36328 | O33: 247.2511 | P33: 2456.5568
C34: Qc | D34: 110.84039 | E34: 80.587778 | F34: 89.96 | G34: 92.915556 | H34: 119.96889 | I34: 156.63111 | J34: 180.92109 | K34: 206.7622 | L34: 262.23111 | M34: 292.19 | N34: 243.29 | O34: 170.21778 | P34: 2006.5159
A35: Trung bình 13 năm từ 2010-2022 | B35: Buôn Tua Srah
C36: SL thực phát | D36: =(D105+D121+D137+D153+D169+D185+D201+D217+D233+D249+D265+D281+D298)/13 -> 23.223617 | E36: =(E105+E121+E137+E153+E169+E185+E201+E217+E233+E249+E265+E281+E298)/13 -> 20.201414 | F36: =(F105+F121+F137+F153+F169+F185+F201+F217+F233+F249+F265+F281+F298)/13 -> 26.549955 | G36: =(G105+G121+G137+G153+G169+G185+G201+G217+G233+G249+G265+G281+G298)/13 -> 19.2734 | H36: =(H105+H121+H137+H153+H169+H185+H201+H217+H233+H249+H265+H281+H298)/13 -> 17.837763 | I36: =(I105+I121+I137+I153+I169+I185+I201+I217+I233+I249+I265+I281+I298)/13 -> 19.310217 | J36: =(J105+J121+J137+J153+J169+J185+J201+J217+J233+J249+J265+J281+J298)/13 -> 25.733873 | K36: =(K105+K121+K137+K153+K169+K185+K201+K217+K233+K249+K265+K281+K298)/13 -> 30.558122 | ... O36: =(O105+O121+O137+O153+O169+O185+O201+O217+O233+O249+O265+O281+O298)/13 -> 30.889819 | P36: =SUM(D36:O36) -> 324.72319
C37: SL thương phẩm | D37: =(D106+D122+D138+D154+D170+D186+D202+D218+D234+D250+D266+D282+D299)/13 -> 23.088843 | E37: =(E106+E122+E138+E154+E170+E186+E202+E218+E234+E250+E266+E282+E299)/13 -> 20.085582 | F37: =(F106+F122+F138+F154+F170+F186+F202+F218+F234+F250+F266+F282+F299)/13 -> 26.395076 | G37: =(G106+G122+G138+G154+G170+G186+G202+G218+G234+G250+G266+G282+G299)/13 -> 19.161082 | H37: =(H106+H122+H138+H154+H170+H186+H202+H218+H234+H250+H266+H282+H299)/13 -> 17.735208 | I37: =(I106+I122+I138+I154+I170+I186+I202+I218+I234+I250+I266+I282+I299)/13 -> 19.195627 | J37: =(J106+J122+J138+J154+J170+J186+J202+J218+J234+J250+J266+J282+J299)/13 -> 25.595048 | K37: =(K106+K122+K138+K154+K170+K186+K202+K218+K234+K250+K266+K282+K299)/13 -> 30.391924 | ... O37: =(O106+O122+O138+O154+O170+O186+O202+O218+O234+O250+O266+O282+O299)/13 -> 30.716347 | P37: =SUM(D37:O37) -> 322.89324
B39: Buôn Kuốp
C40: SL thực phát | D40: =(D109+D125+D141+D157+D173+D173+D189+D205+D221+D237+D253+D269+D285+D303)/13 -> 86.369616 | E40: =(E109+E125+E141+E157+E173+E173+E189+E205+E221+E237+E253+E269+E285+E303)/13 -> 49.789799 | F40: =(F109+F125+F141+F157+F173+F173+F189+F205+F221+F237+F253+F269+F285+F303)/13 -> 57.890209 | G40: =(G109+G125+G141+G157+G173+G173+G189+G205+G221+G237+G253+G269+G285+G303)/13 -> 51.339423 | H40: =(H109+H125+H141+H157+H173+H173+H189+H205+H221+H237+H253+H269+H285+H303)/13 -> 64.461896 | I40: =(I109+I125+I141+I157+I173+I173+I189+I205+I221+I237+I253+I269+I285+I303)/13 -> 91.55866 | J40: =(J109+J125+J141+J157+J173+J173+J189+J205+J221+J237+J253+J269+J285+J303)/13 -> 132.85452 | K40: =(K109+K125+K141+K157+K173+K173+K189+K205+K221+K237+K253+K269+K285+K303)/13 -> 155.63594 | ... O40: =(O109+O125+O141+O157+O173+O173+O189+O205+O221+O237+O253+O269+O285+O303)/13 -> 135.75117 | P40: =SUM(D40:O40) -> 1307.8889
C41: SL thương phẩm | D41: =(D110+D126+D142+D158+D174+D174+D190+D206+D222+D238+D254+D270+D286+D304)/13 -> 86.096508 | E41: =(E110+E126+E142+E158+E174+E174+E190+E206+E222+E238+E254+E270+E286+E304)/13 -> 49.639914 | F41: =(F110+F126+F142+F158+F174+F174+F190+F206+F222+F238+F254+F270+F286+F304)/13 -> 57.742041 | G41: =(G110+G126+G142+G158+G174+G174+G190+G206+G222+G238+G254+G270+G286+G304)/13 -> 51.131256 | H41: =(H110+H126+H142+H158+H174+H174+H190+H206+H222+H238+H254+H270+H286+H304)/13 -> 64.236824 | I41: =(I110+I126+I142+I158+I174+I174+I190+I206+I222+I238+I254+I270+I286+I304)/13 -> 91.332587 | J41: =(J110+J126+J142+J158+J174+J174+J190+J206+J222+J238+J254+J270+J286+J304)/13 -> 132.5272 | K41: =(K110+K126+K142+K158+K174+K174+K190+K206+K222+K238+K254+K270+K286+K304)/13 -> 155.25598 | ... O41: =(O110+O126+O142+O158+O174+O174+O190+O206+O222+O238+O254+O270+O286+O304)/13 -> 135.36732 | P41: =SUM(D41:O41) -> 1304.3456
V42: MNH lúc 15h00: 466.575m, Qv = 45.96m3/s, Qcm = 20.33m3/s thì 472,3 giờ tương ứng 19,7 ngày nữa sẽ đạt ngưỡng dưới theo Quy trình liên hồ nha anh.
B43: Srêpốk 3 | S43: T5 | T43: T6
C44: SL thực phát | D44: =(D113+D129+D145+D161+D177+D193+D209+D225+D241+D257+D273+D289+D308)/13 -> 58.411025 | E44: =(E113+E129+E145+E161+E177+E193+E209+E225+E241+E257+E273+E289+E308)/13 -> 36.94656 | F44: =(F113+F129+F145+F161+F177+F193+F209+F225+F241+F257+F273+F289+F308)/13 -> 37.110364 | G44: =(G113+G129+G145+G161+G177+G193+G209+G225+G241+G257+G273+G289+G308)/13 -> 36.021744 | H44: =(H113+H129+H145+H161+H177+H193+H209+H225+H241+H257+H273+H289+H308)/13 -> 47.790346 | I44: =(I113+I129+I145+I161+I177+I193+I209+I225+I241+I257+I273+I289+I308)/13 -> 70.458287 | J44: =(J113+J129+J145+J161+J177+J193+J209+J225+J241+J257+J273+J289+J308)/13 -> 97.545233 | K44: =(K113+K129+K145+K161+K177+K193+K209+K225+K241+K257+K273+K289+K308)/13 -> 114.04707 | ... O44: =(O113+O129+O145+O161+O177+O193+O209+O225+O241+O257+O273+O289+O308)/13 -> 101.71256 | P44: =SUM(D44:O44) -> 968.02817 | R44: Buôn Tua Srah | T44: =20*0.25939+10*0.5 -> 10.1878
C45: SL thương phẩm | D45: =(D114+D130+D146+D162+D178+D194+D210+D226+D242+D258+D274+D290+D309)/13 -> 57.923274 | E45: =(E114+E130+E146+E162+E178+E194+E210+E226+E242+E258+E274+E290+E309)/13 -> 36.627908 | F45: =(F114+F130+F146+F162+F178+F194+F210+F226+F242+F258+F274+F290+F309)/13 -> 36.776713 | G45: =(G114+G130+G146+G162+G178+G194+G210+G226+G242+G258+G274+G290+G309)/13 -> 35.700537 | H45: =(H114+H130+H146+H162+H178+H194+H210+H226+H242+H258+H274+H290+H309)/13 -> 47.392232 | I45: =(I114+I130+I146+I162+I178+I194+I210+I226+I242+I258+I274+I290+I309)/13 -> 69.873682 | J45: =(J114+J130+J146+J162+J178+J194+J210+J226+J242+J258+J274+J290+J309)/13 -> 96.796018 | K45: =(K114+K130+K146+K162+K178+K194+K210+K226+K242+K258+K274+K290+K309)/13 -> 113.17016 | ... O45: =(O114+O130+O146+O162+O178+O194+O210+O226+O242+O258+O274+O290+O309)/13 -> 100.97117 | P45: =SUM(D45:O45) -> 960.41808 | R45: Buôn Kuốp | T45: =30*1.256 -> 37.68
R46: Srê Pốk 3 | T46: =30*0.906 -> 27.18
B47: Tổng | S47: 77 | T47: =SUM(T44:T46) -> 75.0478
C48: SL thực phát | D48: =D36+D40+D44 -> 168.00426 | E48: =E36+E40+E44 -> 106.93777 | F48: =F36+F40+F44 -> 121.55053 | G48: =G36+G40+G44 -> 106.63457 | H48: =H36+H40+H44 -> 130.09001 | I48: =I36+I40+I44 -> 181.32716 | J48: =J36+J40+J44 -> 256.13362 | K48: =K36+K40+K44 -> 300.24113 | ... P48: =P36+P40+P44 -> 2600.6403
C49: SL thương phẩm | D49: =D37+D41+D45 -> 167.10863 | E49: =E37+E41+E45 -> 106.35341 | F49: =F37+F41+F45 -> 120.91383 | G49: =G37+G41+G45 -> 105.99288 | H49: =H37+H41+H45 -> 129.36426 | I49: =I37+I41+I45 -> 180.4019 | J49: =J37+J41+J45 -> 254.91826 | K49: =K37+K41+K45 -> 298.81807 | ... P49: =P37+P41+P45 -> 2587.6569
A52: Sản lượng trung bình nhiều năm bị ảnh hưởng bởi quy trình vận hành liên hồ chứa | B52: Buôn Tua Srah | C52: Sản lượng phát | D52: 20 | E52: 17.6 | F52: 16.8 | G52: 16.1 | H52: 16.2 | I52: 17.6 | J52: 33.7 | K52: 40.2 | L52: 44.7 | M52: 53.6 | N52: 42.9 | O52: 28 | P52: 347.4
C53: Sản lượng giao | D53: 19.788 | E53: 17.41344 | F53: 16.62192 | G53: 15.92934 | H53: 16.02828 | I53: 17.41344 | J53: 33.34278 | K53: 39.77388 | L53: 44.22618 | M53: 53.03184 | N53: 42.44526 | O53: 27.7032 | P53: 343.71756
B54: Buôn Kuốp | C54: Sản lượng phát | D54: 76.3 | E54: 48.3 | F54: 37.9 | G54: 38.3 | H54: 55.2 | I54: 75.2 | J54: 121.7 | K54: 150.6 | L54: 170.5 | M54: 190.4 | N54: 162.3 | O54: 123.7 | P54: 1250.4
C55: Sản lượng giao | D55: 75.59804 | E55: 47.85564 | F55: 37.55132 | G55: 37.94764 | H55: 54.69216 | I55: 74.50816 | J55: 120.58036 | K55: 149.21448 | L55: 168.9314 | M55: 188.64832 | N55: 160.80684 | O55: 122.56196 | P55: 1238.8963
B56: Srêpốk 3 | C56: Sản lượng phát | D56: 62.1 | E56: 42.9 | F56: 37 | G56: 36 | H56: 46.7 | I56: 64.1 | J56: 96.7 | K56: 125.7 | L56: 136.2 | M56: 148.1 | N56: 125.6 | O56: 94.4 | P56: 1015.5
C57: Sản lượng giao | D57: 61.5411 | E57: 42.5139 | F57: 36.667 | G57: 35.676 | H57: 46.2797 | I57: 63.5231 | J57: 95.8297 | K57: 124.5687 | L57: 134.9742 | M57: 146.7671 | N57: 124.4696 | O57: 93.5504 | P57: 1006.3605
B58: Tổng | C58: Sản lượng phát | D58: 158.4 | E58: 108.8 | F58: 91.7 | G58: 90.4 | H58: 118.1 | I58: 156.9 | J58: 252.1 | K58: 316.5 | L58: 351.4 | M58: 392.1 | N58: 330.8 | O58: 246.1 | P58: 2613.3
C59: Sản lượng giao | D59: 156.92714 | E59: 107.78298 | F59: 90.84024 | G59: 89.55298 | H59: 117.00014 | I59: 155.4447 | J59: 249.75284 | K59: 313.55706 | L59: 348.13178 | M59: 388.44726 | N59: 327.7217 | O59: 243.81556 | P59: 2588.9744
A60: Sản lượng thiết kế | B60: Buôn Tua Srah | C60: Sản lượng phát | D60: 31.657791 | E60: 23.722112 | F60: 20.592696 | G60: 18.862406 | H60: 20.635101 | I60: 25.88299 | J60: 23.021417 | K60: 32.615227 | L60: 37.210709 | M60: 42.9824 | N60: 47.188338 | O60: 34.228812 | P60: 358.6
B61: Buôn Kuốp | C61: Sản lượng phát | D61: 109.29981 | E61: 65.205516 | F61: 58.666588 | G61: 57.443347 | H61: 83.338413 | I61: 116.71589 | J61: 133.42636 | K61: 159.62788 | L61: 170.99191 | M61: 192.36604 | N61: 170.83717 | O61: 140.70977 | P61: 1458.6287
B62: Srêpốk 3 | C62: Sản lượng phát | D62: 68.379321 | E62: 45.93524 | F62: 43.81998 | G62: 43.562409 | H62: 58.389654 | I62: 75.81115 | J62: 93.94932 | K62: 119.33156 | L62: 134.24036 | M62: 147.49325 | N62: 127.29696 | O62: 101.99079 | P62: 1060.2
B63: Tổng | C63: Sản lượng phát | D63: 209.33692 | E63: 134.86287 | F63: 123.07926 | G63: 119.86816 | H63: 162.36317 | I63: 218.41003 | J63: 250.3971 | K63: 311.57467 | L63: 342.44298 | M63: 382.84169 | N63: 345.32247 | O63: 276.92938 | P63: 2877.4287
A64: 0.5 | B64: Buôn Tua Srah | C64: Sản lượng phát | D64: 20 | E64: 17.6 | F64: 16.8 | G64: 16.1 | H64: 16.2 | I64: 17.6 | J64: 33.7 | K64: 40.2 | L64: 44.7 | M64: 53.6 | N64: 42.9 | O64: 28 | P64: 347.4
C65: Sản lượng giao | D65: 19.788 | E65: 17.41344 | F65: 16.62192 | G65: 15.92934 | H65: 16.02828 | I65: 17.41344 | J65: 33.34278 | K65: 39.77388 | L65: 44.22618 | M65: 53.03184 | N65: 42.44526 | O65: 27.7032 | P65: 343.71756
B66: Buôn Kuốp | C66: Sản lượng phát | D66: 76.3 | E66: 48.3 | F66: 37.9 | G66: 38.3 | H66: 55.2 | I66: 75.2 | J66: 121.7 | K66: 150.6 | L66: 170.5 | M66: 190.4 | N66: 162.3 | O66: 123.7 | P66: 1250.4
C67: Sản lượng giao | D67: 75.59804 | E67: 47.85564 | F67: 37.55132 | G67: 37.94764 | H67: 54.69216 | I67: 74.50816 | J67: 120.58036 | K67: 149.21448 | L67: 168.9314 | M67: 188.64832 | N67: 160.80684 | O67: 122.56196 | P67: 1238.8963
B68: Srêpốk 3 | C68: Sản lượng phát | D68: 62.1 | E68: 42.9 | F68: 37 | G68: 36 | H68: 46.7 | I68: 64.1 | J68: 96.7 | K68: 125.7 | L68: 136 | M68: 148.1 | N68: 125.8 | O68: 94.4 | P68: 1015.5
C69: Sản lượng giao | D69: 61.5411 | E69: 42.5139 | F69: 36.667 | G69: 35.676 | H69: 46.2797 | I69: 63.5231 | J69: 95.8297 | K69: 124.5687 | L69: 134.776 | M69: 146.7671 | N69: 124.6678 | O69: 93.5504 | P69: 1006.3605
B70: Tổng | C70: Sản lượng phát | D70: 158.4 | E70: 108.8 | F70: 91.7 | G70: 90.4 | H70: 118.1 | I70: 156.9 | J70: 252.1 | K70: 316.5 | L70: 351.2 | M70: 392.1 | N70: 331 | O70: 246.1 | P70: 2613.3
C71: Sản lượng giao | D71: 156.92714 | E71: 107.78298 | F71: 90.84024 | G71: 89.55298 | H71: 117.00014 | I71: 155.4447 | J71: 249.75284 | K71: 313.55706 | L71: 347.93358 | M71: 388.44726 | N71: 327.9199 | O71: 243.81556 | P71: 2588.9744
A72: 0.65 | B72: Buôn Tua Srah | C72: Sản lượng phát | D72: 18.815 | E72: 17.558 | F72: 21.726 | G72: 19.521 | H72: 26.102 | I72: 20.195 | J72: 23.768 | K72: 24.776 | L72: 30.958 | M72: 32.456 | N72: 32.812 | O72: 23.97 | P72: 292.657
C73: Sản lượng giao | D73: 18.615561 | E73: 17.371885 | F73: 21.495704 | G73: 19.314077 | H73: 25.825319 | I73: 19.980933 | J73: 23.516059 | K73: 24.513374 | L73: 30.629845 | M73: 32.111966 | N73: 32.464193 | O73: 23.715918 | P73: 289.55484
B74: Buôn Kuốp | C74: Sản lượng phát | D74: 58.484 | E74: 38.12 | F74: 45.806 | G74: 42.092 | H74: 71.086 | I74: 83.242 | J74: 112.801 | K74: 107.589 | L74: 132.039 | M74: 178.567 | N74: 157.74 | O74: 108.47 | P74: 1136.036
